:020000040800F2
:10000000805A0024F51B000879D80008E11B00087D
:10001000E11B0008E11B0008E11B000800000000D4
:10002000000000000000000000000000391C000873
:10003000E11B000800000000411F0008B55A00083D
:10004000F91F0008F91F0008F91F0008F91F000830
:10005000F91F0008F91F0008F91F0008F91F000820
:10006000F91F0008F91F0008F91F0008F91F000810
:10007000F91F0008F91F0008F91F0008F91F000800
:10008000F91F0008F91F0008F91F0008F91F0008F0
:10009000F91F0008F91F0008F91F0008F91F0008E0
:1000A000F91F0008F91F0008F91F0008F91F0008D0
:1000B000F91F0008F91F0008F91F0008F91F0008C0
:1000C000F91F0008F91F0008F91F0008F91F0008B0
:1000D000F91F0008F91F0008F91F0008F91F0008A0
:1000E000F91F0008F91F0008F91F0008F91F000890
:1000F000F91F0008F91F0008F91F0008F91F000880
:10010000F91F0008F91F0008F91F0008F91F00086F
:10011000F91F0008F91F0008F91F0008F91F00085F
:10012000F91F0008F91F0008F91F0008F91F00084F
:10013000F91F0008F91F0008F91F0008F91F00083F
:10014000F91F0008F91F0008F91F0008F91F00082F
:10015000F91F0008F91F0008F91F0008F91F00081F
:10016000F91F0008F91F0008F91F0008F91F00080F
:10017000F91F0008F91F0008F91F0008F91F0008FF
:10018000F91F0008F91F0008F91F0008F91F0008EF
:10019000F91F0008F91F0008F91F0008F91F0008DF
:1001A000F91F0008F91F0008F91F0008F91F0008CF
:1001B000F91F0008F91F0008F91F0008F91F0008BF
:1001C000F91F0008F91F0008F91F0008F91F0008AF
:0C01D000F91F0008F91F0008F91F0008C3
:1002000030B490F800F020F007016FF0000C10F00F
:10021000070491F820F040F048804FF000046FF0A0
:100220000700D1E9002391F840F000F1080082FABC
:100230004CF2A4FA8CF283FA4CF3A2FA8CF34BBB87
:10024000D1E9022382FA4CF200F10800A4FA8CF200
:1002500083FA4CF3A2FA8CF3E3B9D1E9042382FACE
:100260004CF200F10800A4FA8CF283FA4CF3A2FAE3
:100270008CF37BB9D1E9062301F1200182FA4CF21B
:1002800000F10800A4FA8CF283FA4CF3A2FA8CF382
:10029000002BC6D0002A04BF04301A4612BAB2FAA4
:1002A00082F200EBD20030BC7047D1E9002304F0A9
:1002B0000305C4F100004FEAC50514F0040F91F8DE
:1002C00040F00CFA05F562EA05021CBF63EA05037B
:1002D00062464FF00004AAE7844641EA000313F0A7
:1002E00003036DD1403A41D351F8043B40F8043B3D
:1002F00051F8043B40F8043B51F8043B40F8043B00
:1003000051F8043B40F8043B51F8043B40F8043BEF
:1003100051F8043B40F8043B51F8043B40F8043BDF
:1003200051F8043B40F8043B51F8043B40F8043BCF
:1003300051F8043B40F8043B51F8043B40F8043BBF
:1003400051F8043B40F8043B51F8043B40F8043BAF
:1003500051F8043B40F8043B51F8043B40F8043B9F
:1003600051F8043B40F8043B403ABDD2303211D33F
:1003700051F8043B40F8043B51F8043B40F8043B7F
:1003800051F8043B40F8043B51F8043B40F8043B6F
:10039000103AEDD20C3205D351F8043B40F8043B3F
:1003A000043AF9D2043208D0D2071CBF11F8013B3D
:1003B00000F8013B01D30B8803806046704700BF03
:1003C000082A13D38B078DD010F003038AD0C3F112
:1003D0000403D21ADB071CBF11F8013B00F8013BF4
:1003E00080D331F8023B20F8023B7BE7043AD9D3B3
:1003F000013A11F8013B00F8013BF9D20B78037088
:100400004B7843708B7883706046704753B94AB914
:10041000002908BF00281CBF4FF0FF314FF0FF300C
:1004200000F00CB8ADF1080C6DE904CE00F008F84E
:10043000DDF804E0DDE9022304B07047704700BF37
:100440002DE9F0478C468E46089E1546044619460F
:10045000002B40F0D080724547D9B2FA82F74FB1F5
:10046000C7F120030EFA07FC20FA03F3BD4043EA6C
:100470000C0CBC404FEA154EA8B2BCFBFEF8230C96
:100480000EFB18CC08FB00F943EA0C43994528D928
:10049000EB1808F1FF3204D2994502D9A8F1020203
:1004A0002B44A3EB0903A4B2B3FBFEFC0EFB1C33ED
:1004B0000CFB00F044EA0344A04214D92C190CF1BF
:1004C000FF3304D2A04202D9ACF102032C44241A17
:1004D00043EA02401EB1FC40002334607360BDE873
:1004E000F0874246DDE76346F1E7002A79D0B2FAA9
:1004F00082F3002B3FD01946C1F1200302FA01F527
:100500002EFA03F20EFA01FE20FA03F343EA0E0379
:100510004FEA154E00FA01F4B2FBFEFCAFB20EFB3F
:100520001C201A0C0CFB07F842EA004290455AD9ED
:10053000AA180CF1FF3004D2904502D9ACF10200A8
:100540002A44A2EB08029BB2B2FBFEFC0EFB1C226B
:100550000CFB07F743EA02439F4246D9EB180CF124
:10056000FF3204D29F4202D9ACF102022B44DB1BC2
:1005700042EA004202E0AEEB020301224FEA154ECE
:10058000AFB2B3FBFEFC200C0EFB1C330CFB07F8D8
:1005900040EA034398452AD9EB180CF1FF3004D206
:1005A000984502D9ACF102002B44A3EB0803A4B296
:1005B000B3FBFEFC0EFB1C330CFB07F744EA0344C1
:1005C000A74216D92C190CF1FF3304D2A74202D945
:1005D000ACF102032C44E41B43EA00400F461146F1
:1005E00078E71F2188E76046ABE76246BFE76046D1
:1005F000DBE76346EFE7734506D916B900210846E5
:100600006DE7C6E9000EF9E7B3FA83F787B97345DA
:1006100001D3824207D8841A6EEB030301209C4663
:100620001EB900215BE73846FAE7C6E9004CF8E757
:10063000C7F1200CBB4022FA0CF51D4320FA0CF147
:100640002EFA0CF30EFA07FE41EA0E014FEA1549A5
:1006500000FA07F4B3FBF9F81FFA85FE09FB18301E
:100660000B0C08FB0EFA43EA00439A4502FA07F224
:1006700040D9EB1808F1FF3004D29A4502D9A8F10D
:1006800002002B44A3EB0A0389B2B3FBF9F809FB80
:10069000183308FB0EFE41EA03418E452CD9691838
:1006A00008F1FF3304D28E4502D9A8F10203294490
:1006B00043EA0040A0FB0298A1EB0E014145CE4663
:1006C000434602D306D14C4504D2B9EB020E68EB87
:1006D00005030138002EA4D0B4EB0E0261EB030138
:1006E00001FA0CFC22FA07F34CEA0303F940C6E9CD
:1006F000003196E74046C5E74346D9E780B485B068
:1007000000AFC7E900013B68FB60FB680933044A9E
:10071000A2FB0323DB0818461437BD4680BC704794
:10072000CDCCCCCC80B584B000AF3B4600221A6063
:100730005A609A600023FB60184B1B6818460AF049
:100740005EFF0346FB60FB68002B03D114480CF0EE
:1007500093FC20E0114B1B683A46002118460BF031
:100760004AF8F860FB68002B0ADAFB685B4218461F
:1007700009F0B6FD034619460A480CF07DFC0AE074
:10078000064B1B6818460BF046F80346064A1360F2
:100790007B68064A13601037BD4680BD58010024AF
:1007A00088510108A4510108F0130024EC1300241F
:1007B00080B588B000AFF860B9607A60FB68D3F8A4
:1007C0000C3503F58023FB610023BB6100237B61B3
:1007D00000233B61304B1A68FB69B3FBF2F101FB6C
:1007E00002F29B1A002B0DD12C4B1B68F9692A4A87
:1007F000126818460AF0EFFF38613B69002B01DAF6
:100800003B6945E0FB68D3F80C257B681A44FB681C
:10081000D3F804319A422DD3FB6893F81835002B96
:1008200014D0FB68D3F80421FB68D3F80C35D31A35
:100830007B617B69C3F18003BB61BA687B69134448
:10084000BA69FF21184609F05DFA13E0FB68D3F896
:100850000421FB68D3F80C35D31A7B617B69C3F59F
:100860008063BB61BA687B691344BA69FF2118468B
:1008700009F048FA094B1868F9697B68BA680AF008
:1008800098FF38613B69002B01DA3B6900E07B6827
:1008900018462037BD4680BDEC13002458010024C3
:1008A00090B589B000AF786007F10C0300221A60A0
:1008B0005A609A60DA600023FB61184BFB60184BAA
:1008C0003B61184B7B617B68BB6107F10C031946E8
:1008D00015480BF0CBFAF861FB69002B0ADAFB69CB
:1008E0005B42184609F0FCFC034619460F480CF021
:1008F000C3FB0FE0FB69002B0CDD0B480BF040FC49
:10090000044609480BF046FC03461A4621460848AF
:100910000CF0B2FB00BF2437BD4690BD2FB80008D5
:100920006DB80008B1070008B80E0024C8510108CE
:10093000DC51010880B584B000AF0023FB602A4B76
:100940001B68BB60BB687B60BB6803F07F43B3F18F
:10095000006F04D0254926480CF08EFB40E072B6AB
:1009600000BF09E0234AFB6820334FF0FF3142F813
:100970002310FB680133FB60FB68072BF2D90023CF
:10098000FB6009E01B4AFB6860334FF0FF3142F81F
:100990002310FB680133FB60FB68072BF2D9164B71
:1009A00000221A60144B00225A60134B00229A60F6
:1009B00005F06CF905F0D6F84FF000631B6803F5FD
:1009C00080233B603B6883F3088800BF62B600BFAA
:1009D000BFF34F8F00BFBFF36F8F00BF7B68984797
:1009E0001037BD4680BD00BF0400040800000408A5
:1009F0000452010800E100E010E000E080B582B0A0
:100A000000AF154B1B687B6014480CF035FB144895
:100A10000CF032FB134914480CF02EFB4FF0006130
:100A200012480CF029FB124912480CF025FB7B6898
:100A300003F07F43B3F1006F01D10F4B00E00F4B88
:100A400019460F480CF018FB0E480CF015FB00BFC0
:100A50000837BD4680BD00BF0400040828520108C5
:100A6000645201087C520108A4520108B4520108E2
:100A700000000408D0520108EC520108FC520108A1
:100A80000C5301082453010880B500AF06480CF050
:100A9000F3FA06480CF0F0FA05480CF0EDFA0548B8
:100AA0000CF0EAFA00BF80BD6053010894530108BE
:100AB000C05301083452010880B582B000AF03462C
:100AC0003960FB71FB79322B18D0322B19DC312BBA
:100AD0000BD0312B15DC0A2B01D00D2B11D1FFF7D8
:100AE000D3FF3B6800221A700CE008480CF0C4FAEF
:100AF0000748FFF7D5FEFFF7C7FF03E0FFF71AFF30
:100B000000E000BF00BF0837BD4680BDEC530108C0
:100B1000080200242DE9B04F00AF0AF0E4FD154BA8
:100B2000D3E90023B0EB020861EB0309B8F57A7F43
:100B300079F1000312DA0AF0D6FD0E4BD3E9002357
:100B4000841A61EB03050023D4F57A7A63EB050B75
:100B500052465B4608480CF08FFA07E007480CF055
:100B60008BFA64200AF078FDFFF7E4FE00BFBDE8D1
:100B7000B08F00BFA00A0024045401082C540108BF
:100B800080B582B000AF0023FB7000237B60134B65
:100B90001B78002B01D0FFF7BDFFFB1C012219467B
:100BA0000F480BF024FF78607B68002B0ADA7B6823
:100BB0005B42184609F094FB0346194609480CF0BD
:100BC0005BFA07E07B68002B04DDFB7803491846DD
:100BD000FFF772FF0837BD4680BD00BFE00100246B
:100BE000080200243454010880B584B000AFF860D6
:100BF000B9607A600AF077FD02460B460649C1E902
:100C00000023FFF7FBFEFFF78DFDFFF7B9FF0A207A
:100C10000AF022FD00BFF8E7A00A002480B586B0E4
:100C200000AF3B4600221A605A609A60DA600023E7
:100C30007B61104B1B687B6001233B704FF000020F
:100C40004FF00003C7E902233B4619460A480BF060
:100C500015FE78617B69002B09DA7B695B421846D7
:100C600009F03EFB0346194604480CF005FA183714
:100C7000BD4680BD84510108080200245C5401086F
:100C800080B500AF024B18460AF022FD00BF80BDC0
:100C9000A80A002480B485B000AFC7E900013B6812
:100CA000FB60FB680933044AA2FB0323DB081846F8
:100CB0001437BD4680BC7047CDCCCCCC80B584B059
:100CC00000AF78600023FB607B6803F584731846EF
:100CD000FFF796FA02467B681344202283F8082126
:100CE0007B6803F584707A687B6803F582730A4930
:100CF00009F038FBF860FB68022B01D1012307E003
:100D00007B686FF00802C3F820257B68D3F8203594
:100D100018461037BD4680BD7854010880B586B0AE
:100D200000AFF860B9607A6000237B614EE0FB6839
:100D300093F81035052B45D801A252F823F000BFD7
:100D4000590D00086B0D00087D0D00088F0D00087F
:100D5000A10D0008B30D00087B69BA6813441B7825
:100D60001946F8680AF07FFF2DE07B69BA681344E2
:100D70001B781946F8680AF0E1FF24E07B69BA683D
:100D800013441B781946F8680BF000F81BE07B69E8
:100D9000BA6813441B781946F8680AF09FFF12E0FE
:100DA0007B69BA6813441B781946F8680BF007F89A
:100DB00009E07B69BA6813441B781946F8680BF0A0
:100DC00014F800E000BF7B6901337B617A697B68BE
:100DD0009A42ACDB00BF00BF1837BD4680BD00BFE4
:100DE00080B586B000AFF860B9607A607B687B61DF
:100DF00000233B61BB681B78062B3CD801A252F84C
:100E000023F000BF210E0008210E00082D0E00085F
:100E1000770E0008770E0008770E0008590E0008BC
:100E20007B69283318460BF0A7FB24E07869BB6880
:100E30005A68BB689B68D118BB68DB681A460CF01F
:100E40002BFA03463B613B69002B13DD7B6938338A
:100E500018460BF091FB0DE07B69186F7B6903F27C
:100E6000744100234FF480620BF0FBFA38613B6958
:100E7000002B00E000BF1837BD4680BD80B584B0B0
:100E800000AF786039600023FB607B681B6F7A6875
:100E9000134918460BF06FFAF860FB68002B01DA73
:100EA000FB6818E07B68186F7B6803F274410023CD
:100EB0004FF480620BF0D5FAF860FB68002B01DA82
:100EC000FB6808E07B68074AC3F88C287B68064A01
:100ED000C3F89028002318461037BD4680BD00BFD8
:100EE000E10D0008ADC7000807C8000880B584B050
:100EF00000AF786039600023FB607B681B6F7A6805
:100F00000D4918460BF019FAF860FB68002B01DA5E
:100F1000FB680DE07B681B6F18460BF085FA7B6859
:100F2000064AC3F88C287B68054AC3F89028FB68FA
:100F300018461037BD4680BD8FC60008CBC60008D6
:100F400037C7000880B483B000AF7860034A7B687D
:100F5000136000BF0C37BD4680BC70475C010024A5
:100F600080B582B000AF78603960044B1B68786848
:100F70009847034618460837BD4680BD5C010024EB
:100F800080B586B000AF7860396007F108030022B1
:100F90001A605A609A60DA600223BB72064BFB60EB
:100FA00007F108033A687968184609F079FA00BF32
:100FB0001837BD4680BD00BF610F000880B588B0FE
:100FC00000AF7860396007F10C0300221A605A60A4
:100FD0009A60DA601A610223BB730A4B3B6107F126
:100FE0000C033A687968184609F05AFAFB69002B35
:100FF00004D007F10C0318460BF0E7FF00BF2037C1
:10100000BD4680BDF3CF000880B584B000AF7860E6
:1010100039600023FB600AE0094B1B687968FA68B5
:101020000A44127810469847FB680133FB60FA685F
:101030003B689A42F0D300BF00BF1037BD4680BD69
:101040005C01002480B400AF044B5B68034A43F0AA
:101050000103536000BFBD4680BC70470010005CB8
:1010600080B400AF044B5B68034A43F00203536053
:1010700000BFBD4680BC70470010005C80B584B0E6
:1010800000AF78607B680A2B01D900230DE0094A84
:101090007B6852F82330FB60F8680CF092FA034644
:1010A000002B01D0FB6800E0002318461037BD4636
:1010B00080BD00BF3064010880B586B000AF7860A5
:1010C0000B46FB70124B7B617B685B683B613B6945
:1010D0000833FB60FB78032B11DC022B12DA002BA8
:1010E00007D0012B0BD1F96878690CF089FA034617
:1010F0000AE0F96878690CF09CFA034604E06FF0A6
:10110000850301E000BF002318461837BD4680BDA7
:10111000D04A010880B582B000AF78600449786891
:101120000CF0B0FA034618460837BD4680BD00BF34
:10113000B910000880B483B000AF7860064BDB685C
:1011400023F0070204497B681343CB6000BF0C37D0
:10115000BD4680BC704700BF0048025880B400AF55
:10116000034B1B681B0C9BB21846BD4680BC7047E6
:101170000010005C80B485B000AF4FF00053BB603E
:101180000A4B7B60BB68FB6005E0FB6800221A60CD
:10119000FB680433FB60FA687B689A42F5D300BFB2
:1011A00000BF1437BD4680BC704700BF000002205E
:1011B00080B586B000AF00F043FF00BF00BF114B09
:1011C000114A1A600220FFF7B5FFFFF7C7FF034679
:1011D00041F20302934211D10C4B7B6101233B612D
:1011E0007B69FB603B69BB60FB681B687B60FB68DD
:1011F000B9687A680A431A6000BF00BF00BF183799
:10120000BD4680BDAC0100240090D0030881005190
:1012100080B483B000AF78607B68044A1A60012311
:1012200018460C37BD4680BC704700BF38650108C2
:1012300080B500AF00F0FEFE0346024A9B581846F8
:1012400080BD00BF0800000080B584B000AFF8602A
:10125000B9607A603B600CF0C9FA024600F0EAFE21
:10126000034606495A50FB683A687968B868984757
:10127000FFF7DEFF034618460CF0BFFA0800000037
:1012800080B500AF084A094BD31A1A460021074817
:101290000CF0BEFA064A074BD31A1A46002105483D
:1012A0000CF0B6FA80BD00BF181600240802002416
:1012B000000000200000002080B500AF0C4A0D4B5C
:1012C000D31A1A460C490B480CF0B1FA0B4A0C4BD6
:1012D000D31A1A460B490A480CF0A9FA0A4A0B4BD2
:1012E000D31A1A460A4909480CF0A1FA00BF80BD7A
:1012F000080200240000002498690108000000246E
:10130000000000249869010800000020000000206F
:10131000A06B010880B582B000AF78600BF04FFE83
:101320007B6819687B685A687B689B6810480BF07B
:10133000A3FE0BF044FE7B68D9687B681A697B6862
:101340005B690C480BF098FE0BF039FE7B68DB699B
:10135000194609480BF090FE0BF031FE7B689B6943
:10136000194606480BF088FE00BF0837BD4680BD11
:101370005855010888550108B8550108C855010895
:1013800080B584B000AF786039603B68002B02D034
:101390003868FFF7BFFF7B68012B0BD1EFF30583A4
:1013A000BB60BB68103BFB600BF009FEF9680548A9
:1013B0000BF062FE3968786805F05CF800BF103702
:1013C000BD4680BDF855010830BFFFF7FDBF00BF27
:1013D00080B483B000AF054A054B13447B607B6843
:1013E00018460C37BD4680BC704700BF00000000A7
:1013F0000800000080B582B000AF7860094B1A4643
:1014000009497868FEF768FF064A7B6813447B60E9
:10141000064B1A460021786808F074FC00BF0837B4
:10142000BD4680BD000000007951010808000000A1
:1014300080B58AB000AFF860B9607A6010237B6233
:101440006FF015033B620BF0BAFD4E480BF014FE33
:101450004D4B9B6A03F01003002B06D011237B62D7
:101460000BF0ADFD49480BF007FE474B9B6A03F0BC
:101470000803002B06D012237B620BF0A0FD44482A
:101480000BF0FAFD404B9B6A03F00203002B1DD0CA
:1014900013237B620BF093FD3E480BF0EDFD3A4BBE
:1014A0005B6BFB61384B9B6A03F08003002B0DD014
:1014B000FB693B620BF083FD396A37480BF0DCFDBA
:1014C000BB68002B02D0304B80229A622E4B9B6A65
:1014D00003F00103002B06D014237B620BF06FFD99
:1014E0002E480BF0C9FD284B9B6A03F02003002B0C
:1014F00006D015237B620BF062FD29480BF0BCFD82
:10150000214B9B6A03F01003002B05D11E4B9B6AF5
:1015100003F00203002B16D01B4B5B6803F400633F
:10152000002B10D0FB681946386A0CF024FAB86119
:10153000BB69002B07D0BB697B617B6983F309889A
:1015400000BF02237B62104B9B6A03F02003002B39
:1015500005D00D4B5B6A0C4A23F4005353620A4BCF
:101560009B6A094A43F0FF0393620121F8680CF07B
:10157000BAF903461A467B681A707B6A1846283700
:10158000BD4680BD0C56010800ED00E02456010860
:10159000585601086C56010888560108A0560108E3
:1015A000C056010880B586B000AFF860B9607A60B7
:1015B00016237B610BF003FD3D480BF05DFD3D4BB9
:1015C0009B6A03F48053002B06D017237B610BF03A
:1015D000F6FC39480BF050FD364B9B6A03F4006370
:1015E000002B06D018237B610BF0E9FC33480BF08D
:1015F00043FD304B9B6A03F40073002B1CD019236E
:101600007B610BF0DCFC2E480BF036FD294B9B6B0D
:101610003B61284B9B6A03F40043002B0CD00BF07A
:10162000CEFC396927480BF027FDBB68002B03D09F
:10163000204B4FF400429A621E4B9B6A03F4806376
:10164000002B06D01A237B610BF0B9FC1E480BF06F
:1016500013FD184B9B6A03F48073002B07D01B23E8
:101660007B610BF0ACFC19480BF006FD0CE0114B54
:101670009B6A03F40053002B06D01C237B610BF004
:101680009EFC13480BF0F8FC0A4B9B6A094A43F492
:101690007F4393620121F8680CF025F903461A464E
:1016A0007B681A707B6918461837BD4680BD00BF3D
:1016B000F056010800ED00E00857010858560108EF
:1016C0001C57010838570108505701086C5701088A
:1016D000C056010880B584B000AF78601D23FB6060
:1016E0000BF06DFC2D480BF0C7FC2D4B9B6A03F0F3
:1016F0000073002B06D01E23FB600BF060FC294812
:101700000BF0BAFC264B9B6A03F08073002B06D0CB
:101710001F23FB600BF053FC23480BF0ADFC204B68
:101720009B6A03F40023002B06D02123FB600BF0FF
:1017300046FC1E480BF0A0FC194B9B6A03F4802367
:10174000002B06D02223FB600BF039FC18480BF06D
:1017500093FC134B9B6A03F40033002B06D0232326
:10176000FB600BF02CFC13480BF086FC0C4B9B6AC7
:1017700003F48033002B06D02423FB600BF01FFC06
:101780000D480BF079FC064B9A6A05490B4B134345
:101790008B62FB6818461037BD4680BD885701082C
:1017A00000ED00E0A4570108B8570108D45701081C
:1017B000F45701081C580108385801080000FFFFC1
:1017C00080B582B000AF786039603B6800221A7043
:1017D0000BF0F5FB03480BF04FFC00BF0837BD468C
:1017E00080BD00BF6458010880B485B000AF786048
:1017F0007B689B69FB601B4B5B691A4A43F48073EF
:101800005361BFF34F8F00BF00BF00BFBFF36F8FA7
:1018100000BF00BF00BFFB6833F8023C7B81114B67
:101820005B69104A23F480735361BFF34F8F00BF8D
:1018300000BF00BFBFF36F8F00BF00BF00BF7B8939
:1018400003F47F43B3F55F4F05D17B89DBB2022BF5
:1018500001D1012300E0002318461437BD4680BCA7
:10186000704700BF00ED00E080B586B000AFF860C3
:10187000B9601346FB7100237B610BF0A0FB30487D
:101880000BF0FAFBBB6800221A702E4BDB6A03F0E8
:101890000203002B05D00BF092FB2B480BF0ECFB66
:1018A00049E0284BDB6A002B05DA0BF088FB274860
:1018B0000BF0E2FB3FE0234BDB6A03F08043002B9D
:1018C00039D00BF07CFB22480BF0D6FBF868FFF711
:1018D0008BFF0346002B0BD00BF071FBFB681B68E2
:1018E00019461C480BF0C8FBFB681B687B6122E0B3
:1018F000144B9B6ADBB2002B06D0BA680121F86852
:10190000FFF796FD786116E00E4B9B6A03F47F4368
:10191000002B07D0BA680121F868FFF743FE0346A1
:101920007B6108E0074B9B6AB3F5803F03D3F868FF
:10193000FFF7D0FE78617B6918461837BD4680BD39
:101940008C58010800ED00E0A4580108C8580108AF
:10195000D8580108F858010880B582B000AF786007
:1019600039600BF02CFB3B680F2B01DC064900E0D3
:1019700006493B68103B1A4605480BF07DFB00BF4B
:101980000837BD4680BD00BF18590108305901080D
:101990004C59010880B586B000AFF860B9607A6034
:1019A000FB7000237B617B6800221A70BB68033BDD
:1019B000092B38D801A252F823F000BFE51900081E
:1019C000F5190008031A0008131A0008271A00085E
:1019D000271A0008271A0008271A0008271A0008E3
:1019E0001D1A0008FB781A467968F868FFF73CFF73
:1019F00078611DE07A680021F868FFF719FD7861C9
:101A000016E07A680021F868FFF7CCFD03467B6199
:101A10000EE0F868FFF75EFE786109E07968F86823
:101A2000FFF7CEFE04E0B968F868FFF795FF00BF46
:101A30007B681B7883F00103DBB2002B03D0B9680D
:101A4000F8680BF046FF7B6918461837BD4680BD25
:101A500080B586B000AFF860B9607A603B60002363
:101A6000FB7400237B613B6800221A703B6A0022F2
:101A70001A707B6803F07F43B3F17F4F01D00023DE
:101A800024E07B6803F00803002B0BD07B6803F095
:101A90000403002B06D10BF092FA0E480BF0ECFA7F
:101AA000002313E0FB7C83F00103DBB2002B0CD09E
:101AB0007B6803F00803002B02D0BB687B6104E065
:101AC000FB687B613B6801221A707B6918461837F6
:101AD000BD4680BD6059010880B598B002AFF8607E
:101AE000B9607A603B6000237B65304B5B68C3F371
:101AF00008033B650023BB64BB6C7B647B6C83F396
:101B0000118800BFBFF36F8F00BF00BF07F13A021B
:101B100007F13003009313467A68B968F868FFF755
:101B200097FFF864FB6C002B09D10BF048FA2048B2
:101B30000BF0A2FA00210020FFF722FC33E0FB6C3F
:101B40003B647B68FB6300BF97F8303007F13B02D2
:101B5000396DF86CFFF71EFF786597F83B30002B66
:101B600020D107F110032022F96C1846FEF7B4FBD0
:101B700097F83A30002B0AD0FB6AC3F30803002B16
:101B800009D1FA6A40F2FF131343FB6203E0FA6AD9
:101B9000084B1340FB6207F110031946786DFFF7FD
:101BA000EFFB00E000BF5837BD4680BD00ED00E010
:101BB0008C59010800FEFFFF80B400AF074B5B6942
:101BC000064A43F010035361044B5B69034A23F058
:101BD0000803536100BFBD4680BC704700ED00E0C4
:101BE000EFF30880EFF3098101B57246FFF774FF48
:101BF00001BD00BF0D4880F3088800200C49087023
:101C0000FFF7B8FA102080F311880A484FF40461F6
:101C1000401880F30988EFF314800221084380F311
:101C20001488BFF36F8F0BF096FE0000805A0024DB
:101C300016160024405C00241EF0040F0CBFEFF3C6
:101C40000880EFF30980816911F8021C0229FFD096
:101C500001B572460BF0FAFD01BD00BF80B483B040
:101C600000AF0346FB80B7F90630002B0BDBFB8887
:101C700003F01F020649B7F906305B09012000FA9C
:101C800002F241F8232000BF0C37BD4680BC7047EC
:101C900000E100E080B483B000AF03463960FB8010
:101CA000B7F90630002B0ADB3B68DAB20C49B7F90A
:101CB00006301201D2B20B4483F800230AE03B68DD
:101CC000DAB20849FB8803F00F03043B1201D2B2D9
:101CD0000B441A7600BF0C37BD4680BC704700BF6E
:101CE00000E100E000ED00E080B400AF094B0A4ADB
:101CF00023F07F039360BFF34F8F00BF00BF00BF8F
:101D0000BFF36F8F00BF00BF00BF00BFBD4680BCE8
:101D1000704700BF0000000800ED00E080B483B011
:101D200000AF0D4BD3F888300B4A23F47003C2F890
:101D30008830EFF314833B603B6823F004037B603F
:101D40007B6883F31488BFF36F8F00BF00BF00BFB1
:101D50000C37BD4680BC704700ED00E080B487B012
:101D600000AFF860B9607A603B60154B7B617B68BF
:101D7000203B3B617A693B699A613B699B6923F02F
:101D800001023B699A613A683B691A603A6A3B69A9
:101D90005A607A6A3B699A60BA6A3B69DA603B6961
:101DA0004FF08072DA613A69FB681A65FB680022BD
:101DB000C3F8B82000BF1C37BD4680BC704700BFC9
:101DC0004912000880B485B000AF786039601F4BBD
:101DD0009B68FB60FB68002B01D1002330E04023AF
:101DE000BB607B6813F1160F1AD0FB68D3F8942000
:101DF000BB68D31A7A689A420DD3FB68D3F8943043
:101E00007A689A4207D2FB68D3F894303A689A42CB
:101E100001D2012300E0002303F00103DBB208E05C
:101E2000FB68D3F894303A689A4234BF0123002308
:101E3000DBB2002B03D0FB68D3F8943000E0002322
:101E400018461437BD4680BC704700BFD415002427
:101E5000F0B585B000AFF860B9607A600BF0A5FD11
:101E60000E4AFB689360FB68D3F8A4300C4A1360F9
:101E7000F86800F021F97D68BE682C4686F3098871
:101E80000020044B98472046002100220023024CEA
:101E900020470000B7D9000849120008D4150024D3
:101EA000F413002480B400AF034B10221A6100BF6A
:101EB000BD4680BC704700BF00ED00E080B400AFBD
:101EC000074B5A69064B9B689A4205D0054B5B68E5
:101ED000044A43F08053536000BFBD4680BC704746
:101EE000D415002400ED00E080B584B000AF786028
:101EF000114B9B687A689A4216D1EFF30583FB6019
:101F0000FB68002B14BF01230023DBB2002B0BD096
:101F10000A4B5B68094A43F080535360074B5B6A86
:101F2000064A23F400435362786805F065FE00BF5B
:101F30001037BD4680BD00BFD415002400ED00E081
:101F400015498A684FF030001044EFF3098C80E89F
:101F5000F01F102080F31288BFF36F8F0F4F4FF0E8
:101F600000664A698A603E60D2F8A4000C4C20608A
:101F7000D2F8B8000023C2F8B83080F3118804B555
:101F8000104600F099F8BDE8044002F1300090E8F6
:101F9000F01F8CF309887047D415002404ED00E08D
:101FA000F413002480B483B000AF03463960FB8093
:101FB000B7F90630002B0ADB3B68DAB20C49B7F9F7
:101FC00006301201D2B20B4483F800230AE03B68CA
:101FD000DAB20849FB8803F00F03043B1201D2B2C6
:101FE0000B441A7600BF0C37BD4680BC704700BF5B
:101FF00000E100E000ED00E080B584B000AFEFF359
:1020000005837B607B68FB60FB68103BFB60FB68C3
:10201000DB00074A1344BB60BB685B68BA681268A0
:1020200010469847FFF74AFF00BF1037BD4680BDF6
:10203000C84C01080148006870470000F4130024F0
:1020400080B400AF134B5B6903F40033002B1BD14A
:10205000BFF34F8F00BFBFF36F8F00BF0D4B002248
:10206000C3F85022BFF34F8F00BFBFF36F8F00BF85
:10207000084B5B69074A43F400335361BFF34F8F4A
:1020800000BFBFF36F8F00E000BF00BFBD4680BC44
:10209000704700BF00ED00E080B500AF034A044B7D
:1020A000012104480BF0D5FD00BF80BD00000024D5
:1020B000000008244865010880B586B000AF78604C
:1020C0000023FB7540233B617B68D3F894203B6978
:1020D000D31AFB60FA7D144913465B0013449B003E
:1020E0000B44FA681A60FA7D0F4913465B001344EB
:1020F0009B000B4404333A691A60FA7D0A4913467F
:102100005B0013449B000B440833084A1A60FB7DB4
:102110000133FB75FB7D194603480BF0ACFD00BF96
:102120001837BD4680BD00BFF813002400000B1512
:1021300080B483B000AF7860054A7B689360044B3D
:1021400000221A6100BF0C37BD4680BC704700BF3B
:1021500090ED00E080B483B000AF074B1B687B605C
:102160007B681B0ADBB27B607B68DBB218460C37EE
:10217000BD4680BC704700BF90ED00E080B483B0E6
:1021800000AF7860034A7B68936000BF0C37BD46A0
:1021900080BC704790ED00E080B582B000AF786001
:1021A00039607868FFF7EAFF3B681B6823F01F027D
:1021B0007B681343074A43F01003D3603B689B6876
:1021C000044A43F00103136100BF00BF0837BD4656
:1021D00080BD00BF90ED00E080B586B000AFF86034
:1021E0007A603B600B46FB72094B1B787B617B6915
:1021F000DAB2F97A0123F8680BF0D4FC78617B69D4
:10220000DAB2034B1A707B6918461837BD4680BD99
:102210001416002480B584B000AF78600B46FB70C4
:10222000124B1B78BB60BB68DAB2F9780023786880
:102230000BF0B8FCB860BB6813F1160F10D0BB6888
:10224000FB6006E0FB681846FFF772FFFB6801338E
:10225000FB60FFF77FFF03461A46FB689342F1DB02
:10226000BB6818461037BD4680BD00BF1416002459
:10227000B0B59EB000AF786007F16C031846FEF76A
:10228000C7FF386700237B67F8E0FA6E7B6F1B019E
:102290001344DA687E4B1340B3F1805F00F0BE80D8
:1022A000B3F1805F00F2E780B3F1007F00F09D8022
:1022B000B3F1007F00F2DF80B3F1807F7CD0B3F117
:1022C000807F00F2D880B3F5000F5CD0B3F5000F2B
:1022D00000F2D180B3F5800F3CD0B3F5800F00F24F
:1022E000CA80B3F5801F03D0B3F5001F19D0C2E038
:1022F000FA6E7B6F1B0113445D68FA6E7B6F1B01E6
:1023000013441C68FA6E7B6F1B0113449B681846CC
:102310000BF0CBFB02465F4B13433D667C66BB660E
:1023200095E0FA6E7B6F1B0113445D68FA6E7B6F5C
:102330001B0113441C68FA6E7B6F1B0113449B68DE
:1023400018460BF0B2FB0246534B13433D667C66C6
:10235000BB667CE0FA6E7B6F1B0113445D68FA6E0E
:102360007B6F1B0113441C68FA6E7B6F1B011344C7
:102370009B6818460BF099FB0246484B13433D6699
:102380007C66BB6663E0FA6E7B6F1B0113445D687D
:10239000FA6E7B6F1B0113441C68FA6E7B6F1B0186
:1023A00013449B6818460BF080FB02463C4B1343DA
:1023B0003D667C66BB664AE0FA6E7B6F1B01134488
:1023C0005D68FA6E7B6F1B0113441C68FA6E7B6FAD
:1023D0001B0113449B6818460BF067FB0246314B08
:1023E00013433D667C66BB6631E0FA6E7B6F1B0172
:1023F00013445D68FA6E7B6F1B0113441C68FA6E10
:102400007B6F1B0113449B6818460BF04EFB024682
:10241000254B13433D667C66BB6618E0FA6E7B6F06
:102420001B0113445D68FA6E7B6F1B0113441C682B
:10243000FA6E7B6F1B0113449B6818460BF035FB4B
:1024400002461A4B13433D667C66BB6600BF7B6841
:102450001B7807F16002114618460BF063FB034638
:10246000002B02DA6FF015030EE07B681B78013356
:10247000DAB27B681A707B6F01337B677A6F3B6FD0
:102480009A42FFF402AF002318467837BD46B0BD2C
:102490000000F0FF00000B11000008110000020214
:1024A00000000411000010110000041000000211CF
:1024B00080B400AF084B05225A60BFF34F8F00BFB6
:1024C00000BF00BFBFF36F8F00BF00BF00BF00BFE2
:1024D000BD4680BC704700BF90ED00E080B400AF07
:1024E000BFF35F8F00BF00BF00BF034B00225A60E5
:1024F00000BFBD4680BC704790ED00E090B583B052
:1025000000AF274B1C68FFF725FE03469C4202D90B
:102510004FF0FF333FE000BFFFF7E0FF0BF09DFA05
:1025200000237B600EE01E4B59687A6813465B00FF
:1025300013449B000B4419467868FFF72DFE7B6817
:1025400001337B60164B1B687A689A42EBD3144BBD
:102550001B68DAB2134B1A701248FFF789FE034664
:1025600013F1160F02D16FF0150314E00D4B1B7819
:102570003B6006E03B6818460BF0C9FA3B68013344
:102580003B60FFF7E7FD03461A463B689342F1DBE9
:10259000FFF78EFF002318460C37BD4690BD00BFE5
:1025A000306501081416002480B582B000AF786051
:1025B0003960044B1B687868984700231846083731
:1025C000BD4680BD0414002480B483B000AF7860A1
:1025D000074A7B681360074B9B7843F00203DAB22B
:1025E000044B9A7000BF0C37BD4680BC704700BFDB
:1025F000041400246001002480B582B000AF0023E1
:102600007B600B4B073323F007037B60084B0733DA
:1026100023F00702074B9B1A3B603A68796806482B
:102620000AF02CFC002318460837BD4680BD00BFC9
:10263000C0680024000008240814002480B584B079
:1026400000AF0023FB60094BBB60094A3B4692E8A0
:10265000030083E803003B461946B8680BF038FBDB
:10266000F860FB6818461037BD4680BDD04A0108A7
:102670007C51010880B588B000AF78601D4BBB610C
:102680007B687B610023FB7729E07B691B781A4616
:10269000FB7F13443B6138690BF0BEFB0346002B04
:1026A0001AD038690BF000FCBB693A6953F8323034
:1026B000002B10D038690BF034FCF860BB693A6924
:1026C00053F83220B9693B69DB000B445B6819465B
:1026D000F868904700E000BFFB7F0133FB777B6920
:1026E0005B78FA7F9A42D0D300BF00BF2037BD4647
:1026F00080BD00BF1414002480B485B000AF034631
:102700003A60FB710B46BB710023FB600BE097F94D
:102710000720FB6813443A6811B2084A22F81310E4
:10272000FB680133FB6097F90630FA689A42EEDBEA
:1027300000BF00BF1437BD4680BC70477001002445
:1027400080B500AF354B1B785BB2344A527851B23A
:1027500006221846FFF7D0FF0022002106200BF0CA
:10276000DBF82F4B1B785BB22D4A527851B207220F
:102770001846FFF7C1FF0022002107200BF0CCF81C
:10278000284B1B785BB2274A527851B20822184670
:10279000FFF7B2FF0022002108200BF0BDF8224B0A
:1027A0001B785BB2204A527851B209221846FFF7D3
:1027B000A3FF0022002109200BF0AEF81B4B1B7871
:1027C0005BB21A4A527851B20A221846FFF794FFB8
:1027D000002200210A200BF09FF8154B1B785BB2FA
:1027E000134A527851B217221846FFF785FF00228C
:1027F000002117200BF090F80E4B1B785BB20D4AAE
:10280000527851B228221846FFF776FF00220021A5
:1028100028200BF081F80023184680BD546501087C
:10282000586501085C650108606501086465010878
:10283000686501086C65010880B485B000AF7860F8
:10284000094BD3F8E02008497B681343C1F8E03016
:10285000054BD3F8E0207B681340FB60FB6800BFAA
:102860001437BD4680BC70470044025880B485B020
:1028700000AF7860094BD3F8F42008497B68134314
:10288000C1F8F430054BD3F8F4207B681340FB60AB
:10289000FB6800BF1437BD4680BC70470044025837
:1028A00080B483B000AF7860064B9B6923F440424C
:1028B00004497B6813438B6100BF0C37BD4680BC65
:1028C000704700BF0048025880B400AF064B9B69B8
:1028D00003F40053B3F5005F01D1012300E00023AE
:1028E0001846BD4680BC70470048025880B400AF0F
:1028F000044B1B68034A23F48023136000BFBD46CA
:1029000080BC70470044025880B400AF044B1B6881
:10291000034A43F48033136000BFBD4680BC704758
:102920000044025880B400AF064B1B6803F4003328
:10293000B3F5003F01D1012300E000231846BD4656
:1029400080BC70470044025880B400AF044B1B6841
:10295000034A43F00103136000BFBD4680BC7047CB
:102960000044025880B400AF064B1B6803F0040318
:10297000042B01D1012300E000231846BD4680BC92
:10298000704700BF0044025880B400AF044B1B687E
:10299000034A43F48053136000BFBD4680BC7047B8
:1029A0000044025880B400AF064B1B6803F4005388
:1029B000B3F5005F01D1012300E000231846BD46B6
:1029C00080BC70470044025880B400AF044B5B6F7A
:1029D000034A43F00103536700BFBD4680BC704704
:1029E0000044025880B400AF064B5B6F03F0020353
:1029F000022B01D1012300E000231846BD4680BC14
:102A0000704700BF0044025880B483B000AF7860C4
:102A1000064B1B6923F0070204497B6813430B61D3
:102A200000BF0C37BD4680BC704700BF0044025851
:102A300080B400AF034B1B6903F038031846BD4652
:102A400080BC70470044025880B483B000AF786007
:102A5000064B9B6923F4706204497B6813438B61C6
:102A600000BF0C37BD4680BC704700BF0044025811
:102A700080B483B000AF7860064B9B6923F00F02EF
:102A800004497B6813438B6100BF0C37BD4680BC93
:102A9000704700BF0044025880B483B000AF786034
:102AA000064BDB6923F0700204497B681343CB615A
:102AB00000BF0C37BD4680BC704700BF00440258C1
:102AC00080B483B000AF7860064BDB6923F4E0622A
:102AD00004497B681343CB6100BF0C37BD4680BC03
:102AE000704700BF0044025880B483B000AF7860E4
:102AF000064B9B6923F0700204497B6813438B618A
:102B000000BF0C37BD4680BC704700BF0044025870
:102B100080B483B000AF7860064B1B6A23F070026C
:102B200004497B6813430B6200BF0C37BD4680BC71
:102B3000704700BF0044025880B483B000AF786093
:102B4000064B1B6923F4004204497B6813430B6165
:102B500000BF0C37BD4680BC704700BF0044025820
:102B600080B483B000AF7860064B9B6A23F0030209
:102B700004497B6813438B6200BF0C37BD4680BCA1
:102B8000704700BF0044025880B400AF044B1B687C
:102B9000034A43F08073136000BFBD4680BC70479A
:102BA0000044025880B400AF044B1B68034A23F072
:102BB0008073136000BFBD4680BC7047004402585C
:102BC00080B400AF064B1B6803F00073B3F1007FC5
:102BD00001D1012300E000231846BD4680BC7047A8
:102BE0000044025880B400AF044BDB6A034A43F44C
:102BF0008033D36200BFBD4680BC7047004402589A
:102C000080B400AF044BDB6A034A43F40033D36261
:102C100000BFBD4680BC70470044025880B400AF7E
:102C2000044BDB6A034A43F48023D36200BFBD46F2
:102C300080BC70470044025880B400AF044BDB6A8C
:102C4000034A23F00103D36200BFBD4680BC704736
:102C50000044025880B483B000AF7860064BDB6A52
:102C600023F002027B685B0003491343CB6200BF81
:102C70000C37BD4680BC70470044025880B483B016
:102C800000AF7860064BDB6A23F00C027B689B0088
:102C900003491343CB6200BF0C37BD4680BC70476D
:102CA0000044025880B483B000AF7860064B1A6BC2
:102CB000064B13407A68013A034913430B6300BF84
:102CC0000C37BD4680BC70470044025800FEFFFF31
:102CD00080B483B000AF7860064B9B6A23F47C72AB
:102CE0007B681B01034913438B6200BF0C37BD4651
:102CF00080BC70470044025880B483B000AF786055
:102D0000074B1B6B23F47E427B68013B5B0204494B
:102D100013430B6300BF0C37BD4680BC704700BF38
:102D20000044025880B483B000AF7860074B1B6B3F
:102D300023F4FE027B68013B1B04044913430B632D
:102D400000BF0C37BD4680BC704700BF004402582E
:102D500080B483B000AF7860074B1B6B23F0FE425A
:102D60007B68013B1B06044913430B6300BF0C3710
:102D7000BD4680BC704700BF0044025880B400AF1D
:102D8000044B1B68034A43F08063136000BFBD46D9
:102D900080BC70470044025880B400AF044B1B68ED
:102DA000034A23F08063136000BFBD4680BC7047B8
:102DB0000044025880B400AF064B1B6803F0006368
:102DC000B3F1006F01D1012300E000231846BD4696
:102DD00080BC70470044025880B400AF044BDB6AEB
:102DE000034A43F40023D36200BFBD4680BC704752
:102DF0000044025880B400AF044BDB6A034A43F43A
:102E00008013D36200BFBD4680BC704700440258A7
:102E100080B400AF044BDB6A034A43F40013D3626F
:102E200000BFBD4680BC70470044025880B400AF6C
:102E3000044BDB6A034A23F01003D36200BFBD4694
:102E400080BC70470044025880B483B000AF786003
:102E5000064BDB6A23F020027B685B0103491343C6
:102E6000CB6200BF0C37BD4680BC7047004402589F
:102E700080B483B000AF7860064BDB6A23F0C002F9
:102E80007B689B0103491343CB6200BF0C37BD46EF
:102E900080BC70470044025880B483B000AF7860B3
:102EA000064B9A6B064B13407A68013A0349134369
:102EB0008B6300BF0C37BD4680BC7047004402588E
:102EC00000FEFFFF80B483B000AF7860064B9B6AC2
:102ED00023F47C327B681B03034913438B6200BFDE
:102EE0000C37BD4680BC70470044025880B483B0A4
:102EF00000AF7860074B9B6B23F47E427B68013BFD
:102F00005B02044913438B6300BF0C37BD4680BC92
:102F1000704700BF0044025880B483B000AF7860AF
:102F2000074B9B6B23F4FE027B68013B1B040449A7
:102F300013438B6300BF0C37BD4680BC704700BF96
:102F40000044025880B483B000AF7860074B9B6B9D
:102F500023F0FE427B68013B1B06044913438B634D
:102F600000BF0C37BD4680BC704700BF004402580C
:102F700080B400AF044B1B68034A43F080531360D6
:102F800000BFBD4680BC70470044025880B400AF0B
:102F9000044B1B68034A23F08053136000BFBD46F7
:102FA00080BC70470044025880B400AF064B1B68D9
:102FB00003F00053B3F1005F01D1012300E00023CF
:102FC0001846BD4680BC70470044025880B400AF2C
:102FD000044BDB6A034A43F48003D36200BFBD465F
:102FE00080BC70470044025880B400AF044BDB6AD9
:102FF000034A43F40003D36200BFBD4680BC704760
:103000000044025880B400AF044BDB6A034A43F02B
:103010008073D36200BFBD4680BC70470044025835
:1030200080B400AF044BDB6A034A23F48073D3629D
:1030300000BFBD4680BC70470044025880B483B0D6
:1030400000AF7860064BDB6A23F400727B685B029A
:1030500003491343CB6200BF0C37BD4680BC7047A9
:103060000044025880B483B000AF7860064BDB6A3E
:1030700023F440627B689B0203491343CB6200BF89
:103080000C37BD4680BC70470044025880B483B002
:1030900000AF7860064B1A6C064B13407A68013A11
:1030A000034913430B6400BF0C37BD4680BC704717
:1030B0000044025800FEFFFF80B483B000AF786088
:1030C000064B9B6A23F07C727B681B050349134304
:1030D0008B6200BF0C37BD4680BC7047004402586D
:1030E00080B483B000AF7860074B1B6C23F47E4242
:1030F0007B68013B5B02044913430B6400BF0C3740
:10310000BD4680BC704700BF0044025880B483B005
:1031100000AF7860074B1B6C23F4FE027B68013B19
:103120001B04044913430B6400BF0C37BD4680BC2D
:10313000704700BF0044025880B483B000AF78608D
:10314000074B1B6C23F0FE427B68013B1B060449C6
:1031500013430B6400BF0C37BD4680BC704700BFF3
:103160000044025880B400AF024B1846BD4680BCF4
:10317000704700BF40787D0180B582B000AF00236A
:103180007B60FFF755FC0346182B42D801A252F88A
:1031900023F000BFFF31000813320008133200088B
:1031A00013320008133200081332000813320008EB
:1031B00013320008F93100081332000813320008F6
:1031C00013320008133200081332000813320008CB
:1031D00013320008053200081332000813320008C9
:1031E00013320008133200081332000813320008AB
:1031F000133200080B32000800237B600BE0094B00
:103200007B6008E0084B7B6005E0FFF7ABFF786070
:1032100001E0002301E07B685B0818460837BD46E3
:1032200080BD00BF0090D00340787D0180B582B0A2
:1032300000AF0220FFF71AFB00237B60104B9B6955
:103240000F4A43F4404393610D4B9B6903F44043A1
:103250007B600C4BDB6A0B4A43F00103D362094BE2
:10326000DB6A03F001037B607B6800BFFFF72CFB88
:103270000346002BFAD0002318460837BD4680BD10
:10328000004802580004005880B485B000AF786050
:1032900039601F4A7B68B2FBF3F3FB60FB681D4A91
:1032A000934207D9FB681C4A934203D83B6800222B
:1032B0001A6026E0FB68184A934207D9FB68174A50
:1032C000934203D83B6801221A601AE0FB68134A54
:1032D000934207D9FB68124A934203D83B68022203
:1032E0001A600EE0FB680E4A934207D9FB680D4A4C
:1032F000934203D83B6803221A6002E06FF0210377
:1033000000E0002318461437BD4680BC704700BF5C
:1033100040787D013F420F0080841E0000093D007F
:1033200000127A000024F40080B588B000AF786005
:1033300039603B68FB61FB691B88C3F30B039BB2DD
:10334000D32B06D9FB691B88C3F30B039BB2F42B69
:1033500002D96FF085032AE04FF4801100200AF0B3
:10336000EFFDFB691B88C3F30B039BB21A46124B9C
:103370001344FA6952687B613A617B691B68FB60A0
:103380007B693969FA680A431A6000BFFB691B88C8
:10339000C3F30B039BB21A46074B1344BB61BB69D3
:1033A0001B68BB60BB6800200AF0D4FD00231846F0
:1033B0002037BD4680BD00BF0044025880B586B0AE
:1033C00000AF786039603B687B617B691B88C3F321
:1033D0000B039BB2D32B06D97B691B88C3F30B036A
:1033E0009BB2F42B02D96FF085031EE04FF48011DD
:1033F00000200AF0A5FD7B691B88C3F30B039BB279
:103400001A460C4B13447A6952683B61FA603B6977
:103410001B68BB60FB68D9433B69BA680A401A6005
:1034200000BF00200AF096FD002318461837BD465D
:1034300080BD00BF0044025880B592B000AFF86074
:10344000B9607A60BB687B647B6C5B683B643B6C97
:103450009BB2FB633B6C1B0C03F01F03BB637B6CD9
:103460001B88C3F30B039BB218460AF009FE78636E
:103470007B6B002B01DA7B6B3EE07B6C5B68FF2B88
:1034800001D1002338E04FF4801100200AF058FDEC
:10349000FA6B1B4B134418463B6C5B0D03F00303A4
:1034A0000133012202FA03F35A1EBB6B9A403B6CB4
:1034B000190EBB6B01FA03F33863FA62BB623B6B14
:1034C0007B627B6A3B623B6A1A6800BFFB6ADB4334
:1034D0001A40BB6A13433A6BFA61BB61FB69BA6974
:1034E0007A613B613B697A691A6000BF00BF00BF27
:1034F00000200AF02FFD002318464837BD4680BD46
:103500000044025880B58CB002AFF860B9607A60B0
:10351000BB687B62A94B1B68022118460AF023FD99
:1035200038620221386A0AF01EFDF8610221386A09
:103530000AF019FDB8610221386A0AF014FD7861B9
:103540000221386A0AF00FFD38617B6A1B88C3F3D9
:103550000B039BB2F42B00F31781E82B04DA132B37
:1035600068DC002B39DC0FE1E83B0C2B00F20C810E
:1035700001A252F823F000BF49360008893700083D
:10358000893700088937000849360008893700085C
:103590008937000889370008513600088937000844
:1035A000893700088937000861360008D43B0122BA
:1035B0009A4041F211131340002B14BF0123002342
:1035C000DBB2002B3CD102F48033002B14BF01236B
:1035D0000023DBB2002B3FD1D6E0013B122B00F2DF
:1035E000D38001A252F823F0693600088937000819
:1035F0007D360008753600088736000889370008D0
:10360000893700088F360008A9360008C33600083D
:10361000DD360008F7360008113700082B370008A0
:10362000453700085F3700088937000879370008F8
:1036300081370008E42B00F3A780D42BB6DAA3E08F
:103640007B683A6A1A60A2E07B68FA691A609EE0B9
:103650007B68BA691A609AE07B687A691A6096E0BA
:103660007B683A691A6092E00AF0D8FC02467B68EF
:103670001A608CE07B68524A1A6088E07B684FF4DD
:10368000FA421A6083E07B684E4A1A607FE0FFF7D7
:1036900069FD022300930023C02205210AF071FC7A
:1036A00002467B681A6072E0FFF75CFD022300931C
:1036B0000023C02205210AF064FC02467B681A60E0
:1036C00065E0FFF74FFD022300930023C022052190
:1036D0000AF057FC02467B681A6058E0FFF742FD8B
:1036E000022300930023802210210AF04AFC0246A4
:1036F0007B681A604BE0FFF735FD0223009300233F
:10370000802210210AF03DFC02467B681A603EE0F0
:10371000FFF728FD022300930023802210210AF0E6
:1037200030FC02467B681A6031E0FFF71BFD022384
:1037300000930023802210210AF023FC02467B68BC
:103740001A6024E0FFF70EFD02230093002380227D
:1037500010210AF016FC02467B681A6017E0FFF79A
:1037600001FD022300930023802210210AF009FCAE
:1037700002467B681A600AE07B683A6A1A6006E0D3
:103780007B683A6A1A6002E06FF0850311E07B6A99
:103790001A680D4B1340002B0AD07B681B687A6AAD
:1037A0001268C2F313320132B3FBF2F27B681A6083
:1037B000002318462837BD4680BD00BFAC01002459
:1037C00040787D01006CDC0200F0FFFF80B584B022
:1037D00000AF786039603B68FB60FB681B88C3F30F
:1037E0000B039BB2D32B08D9FB681B88C3F30B03D5
:1037F0009BB2F42B01D8012300E00023012B15D14B
:10380000FB681B88C3F30B039BB21A46104B13448F
:10381000BB60BB681A68FB685B681A40FB685B6842
:103820009A4201D102230FE001230DE0FB681B88BF
:10383000C3F30B039BB218460AF022FC0346002B8D
:1038400001D1022300E0012318461037BD4680BD98
:103850000044025880B586B000AF786000237B61D9
:103860004FF00070FEF7E8FF4FF4801100200AF0DF
:1038700067FB0AF03FFCFFF7D9FCFFF77DFC3861DE
:103880000AF072FC78617B69002B01DA7B693BE00E
:1038900002211F480AF067FBF860FA683B699A4208
:1038A00002D9F86802F0BEFC0020FFF7CDF808202E
:1038B000FFF7DEF84020FFF7EFF84FF48060FFF7E6
:1038C000FFF84020FFF710F94020FFF721F903200F
:1038D000FFF79AF800BFFFF7ABF80346182BFAD1B1
:1038E000FA683B699A4202D8F86802F09BFC0848E3
:1038F0000AF0A4FB00200AF02DFB0020FFF71CF9C2
:10390000044B034A1A607B6918461837BD4680BDD0
:1039100000389C1CAC01002480B582B000AF7860F8
:10392000124B18460AF009FD0346002B01DA7968AC
:1039300017E07B680A2B04D10C4B0D2118460AF0C6
:10394000EDFC0A4A7B68DBB2194610460AF0E6FC39
:1039500006494FF00A024FF0000308460AF0F7FC50
:1039600079680B4618460837BD4680BD904C010863
:1039700080B500AF0348FEF727FE0248FDF7E2FAE4
:1039800000BF80BD1939000880B500AF084B18464C
:103990000AF0A7FC034683F00103DBB2002B02D040
:1039A0006FF0120302E0FFF7E3FF0023184680BD2B
:1039B000904C010880B584B000AF78607B685B688C
:1039C000FB60124BBB60FB681946B8680AF068FDE3
:1039D0000346002B03D000BF6FF0040311E0FB6827
:1039E0009B680B4A93420BD10A480AF0D8FC034665
:1039F00083F00103DBB2002B02D06FF0120300E072
:103A0000002318461037BD4680BD00BFD04A0108CC
:103A100000080240584C010880B487B000AFF8603D
:103A2000B9607A60FB687B610C4ABB6813441B7801
:103A30001A467B6913445A68094B13400749BA6810
:103A40000A44127811467A690A4411467A68134387
:103A50004B6000BF1C37BD4680BC70470466010840
:103A60000000FFFF80B485B000AF786039607B68EC
:103A7000FB60074A3B6813441B781A46FB681344F3
:103A80005B689BB218461437BD4680BC704700BFC8
:103A90000466010880B485B000AF786039607B6847
:103AA000FB600B4A3B6813441B781A46FB681344BF
:103AB0005B6907493A680A4412781146FA680A4471
:103AC00023F00403536100BF1437BD4680BC704728
:103AD0000466010880B485B000AF786039607B6807
:103AE000FB600B4A3B6813441B781A46FB6813447F
:103AF0005B6907493A680A4412781146FA680A4431
:103B000043F00403536100BF1437BD4680BC7047C7
:103B10000466010880B487B000AFF860B9607A60CD
:103B2000FB687B61074ABB6813441B781A467B69B4
:103B300013441A467B68D36000BF1C37BD4680BC67
:103B4000704700BF0466010880B487B000AFF8601A
:103B5000B9607A60FB687B61074ABB6813441B78D5
:103B60001A467B6913441A467B68936000BF1C3772
:103B7000BD4680BC704700BF0466010880B485B0B4
:103B800000AF786039607B68FB600B4A3B68134488
:103B90001B781A46FB6813441B6807493A680A44B5
:103BA00012781146FA680A4443F00803136000BF14
:103BB0001437BD4680BC70470466010880B485B0E8
:103BC00000AF786039607B68FB600B4A3B68134448
:103BD0001B781A46FB6813441B6807493A680A4475
:103BE00012781146FA680A4443F00403136000BFD8
:103BF0001437BD4680BC70470466010880B485B0A8
:103C000000AF786039607B68FB600B4A3B68134407
:103C10001B781A46FB6813441B6807493A680A4434
:103C200012781146FA680A4443F01003136000BF8B
:103C30001437BD4680BC70470466010880B485B067
:103C400000AF786039607B68FB600B4A3B681344C7
:103C50001B781A46FB6813441B6807493A680A44F4
:103C600012781146FA680A4423F01003136000BF6B
:103C70001437BD4680BC70470466010880B485B027
:103C800000AF786039607B68FB600B4A3B68134487
:103C90001B781A46FB6813445B6907493A680A4473
:103CA00012781146FA680A4423F08003536100BF7A
:103CB0001437BD4680BC70470466010880B485B0E7
:103CC00000AFC7E900013B68FB60FB680933044AA9
:103CD000A2FB0323DB0818461437BD4680BC70479F
:103CE000CDCCCCCC80B483B000AF03463960FB713F
:103CF000FB79032B1DD801A252F823F00D3D0008DB
:103D0000153D00081F3D0008293D00083B680022C2
:103D10001A6012E03B684FF480321A600DE03B6895
:103D20004FF400321A6008E03B684FF440321A60EA
:103D300003E000BF6FF0150300E0002318460C37C6
:103D4000BD4680BC704700BF80B59EB000AFF86034
:103D5000B9607A60FB685B68FB65FB6D1B69BB65DE
:103D600007F1100318460EF04DFDBB68013BBB6028
:103D7000FB6D5B69BA689A4203D300BF6FF015030D
:103D80003FE2FB6DDA69BB685B0113443B663B6E47
:103D90009B7ADBB2002B03D000BF6FF00F0330E241
:103DA000B968B86D0AF02EFE0346002B03D000BFA1
:103DB0006FF00F0325E2B968F8680AF0FAFC7B6837
:103DC0005B8803F4FE539BB2B3F5FE5F12D13B6EEA
:103DD00001229A723B6E01225A727B689A693B6E8D
:103DE0009A617B685A693B6E5A613B6E00221A7772
:103DF000002306E27B681B695B69B3F5803F03D350
:103E000000BF6FF01503FCE17B685B7803F00703EC
:103E1000DBB2002B0AD1FB6D1B7B83F00103DBB20D
:103E2000002B03D000BF6FF08503EAE17B68DA88DE
:103E30007B689B889A4203D000BF6FF01503E0E1D6
:103E40007B689B88042B0BD07B689B88022B07D058
:103E50007B689B88012B03D000BF6FF01503D0E176
:103E60007B681B691B7FC3F38013DAB27B681B6915
:103E70001B7FC3F3C013DBB29A4203D000BF6FF0C5
:103E80001503BEE13B6E01229A727B689A693B6E14
:103E90009A617B685B78C3F30203DBB21A463B6E20
:103EA0001A607B685A693B6E5A617B689B881A4628
:103EB0003B6EDA607B68DB881A463B6E1A617B6872
:103EC0001B691B7FC3F38013DAB23B6E1A777B68E2
:103ED0001B691B68002B7B681B695B68002B7B6878
:103EE0009B887B657B6D93FAA3F2B2FA82F2002B7A
:103EF00001D14FF0FF32531C013B7B667B68DB88AE
:103F00007B677B6F93FAA3F2B2FA82F2002B01D1A6
:103F10004FF0FF32531C013BBB663B6E1B68012B0D
:103F200012D17B681B691B687B617B681B695B68BE
:103F30003B61834A7B6E52F82330FB62814ABB6E41
:103F400052F82330BB6211E07B681B691B683B6140
:103F50007B681B695B687B617A4A7B6E52F8233011
:103F6000BB62774ABB6E52F82330FB620023A7F88E
:103F70006C300023A7F86E307B689B78C3F3030393
:103F8000DBB21A4607F11003283319461046FFF733
:103F9000A9FE38673B6F002B01DA3B6F31E17B688C
:103FA0005B78C3F30203DBB21A4607F11003083350
:103FB000194610460AF0B4FC38673B6F002B01DA53
:103FC0003B6F1EE17B685B78C3F30203DBB2022B1D
:103FD00006D0022B26DC002B02D0012B11D021E0D1
:103FE0007B681B691B7FC3F30113DBB2A7F86C303E
:103FF0007B681B691B7FC3F38103DBB2A7F86E30BC
:1040000014E07B681B691B7FC3F38103DBB2A7F855
:104010006C307B681B691B7FC3F30113DBB2A7F80D
:104020006E3003E000BF6FF01503EAE0B7F86C30C4
:10403000DAB207F110031433194610460AF096FC61
:1040400038673B6F002B01DA3B6FDAE000BFB7F84F
:104050006E30DAB207F110031033194610460AF039
:10406000ABFC38673B6F002B01DA3B6FC9E000BF48
:104070003B6E1B7F002B03D04FF48073FB6101E08C
:104080000023FB613B6E1B68022B0CBF0123002346
:10409000DAB23B6E1A727B681B897A689288B3FB2E
:1040A000F2F101FB02F29B1A9BB2002B03D000BF7E
:1040B0006FF01503A5E07B685B897A68D288B3FB53
:1040C000F2F101FB02F29B1A9BB2002B03D000BF5E
:1040D0006FF0150395E03B6E1B7A1946786800F087
:1040E00069FA03467B643B6E1B7A1946786800F0D8
:1040F000B5FA0346BB647B681B695B7FC3F30303AC
:10410000DBB2184600F0FEFA03463B6407F11003E9
:1041100018460BF012FB0346002B02D00423FB636E
:1041200001E00023FB633B6E1B7A002B0CD07B6805
:104130001B695B697A689288B3FBF2F33B630BE01F
:104140000C660108186601087B681B695B697A6860
:10415000D288B3FBF2F33B637B681B787B63B86860
:1041600000F076F9014607F110031A46B86D0EF01B
:10417000E9FAB86800F06CF903461946B86DFFF724
:104180001DFD3B6E1B7F83F00103DBB2002B03D1CF
:104190003B6E9B69002B07D0B86800F059F90346C5
:1041A0001946B86DFFF72AFD3B6E1B7F002B0BD025
:1041B0003B6E9B69002B07D0B86800F049F90346B5
:1041C0001946B86DFFF7DAFCFB6B042B08D1B86811
:1041D00000F03EF903461946B86DFFF77BFC07E097
:1041E000B86800F035F903461946B86DFFF752FC80
:1041F000B86800F02DF903461946B86DFFF73EFD8B
:104200003B6F18467837BD4680BD00BF80B586B08D
:1042100000AF78607B685B683B61204BFB603B696B
:104220001946F8680AF099FA0346002B03D000BF3C
:104230006FF004032EE03B699B6878689847002381
:104240007B6115E03B69DA697B695B0113440022FD
:104250009A723B691B7E1A467B69D1183B69DA6901
:104260007B695B0113440A465A607B6901337B61B9
:104270003B695B697A699A42E4D37B681B690022D7
:104280001A607B681B6900225A607B681B690022E8
:104290009A60002318461837BD4680BDD04A0108F1
:1042A00080B485B000AF786039607B68FB600B4AF2
:1042B0003B6813441B781A46FB6813441B68074984
:1042C0003A680A4412781146FA680A4443F0010336
:1042D000136000BF1437BD4680BC704744660108B8
:1042E00080B485B000AF786039607B68FB600B4AB2
:1042F0003B6813441B781A46FB6813441B68074944
:104300003A680A4412781146FA680A4423F0010315
:10431000136000BF1437BD4680BC70474466010877
:1043200080B485B000AF786039607B68FB600A4A72
:104330003B6813441B781A46FB6813441B6803F060
:104340000103012B01D1012300E00023184614379B
:10435000BD4680BC704700BF4466010880B485B08C
:1043600000AF786039607B68FB600B4A3B681344A0
:104370001B781A46FB6813445B6907493A680A448C
:1043800012781146FA680A4423F08003536100BF93
:104390001437BD4680BC70474466010880B485B0C0
:1043A00000AF786039607B68FB600A4A3B68134461
:1043B0001B781A46FB6813441B6803F00803082B9C
:1043C00001D1012300E0002318461437BD4680BC0C
:1043D000704700BF4466010880B485B000AF7860C4
:1043E00039607B68FB600A4A3B6813441B781A46B5
:1043F000FB6813441B6803F01003102B01D1012349
:1044000000E0002318461437BD4680BC704700BF4B
:104410004466010880B485B000AF786039607B687D
:10442000FB600A4A3B6813441B781A46FB68134436
:104430005B6903F08003802B01D1012300E000239E
:1044400018461437BD4680BC704700BF446601085B
:1044500080B483B000AF7860044A7B6852F82330A0
:1044600018460C37BD4680BC704700BF4C6601083B
:1044700080B582B000AF78603960054A3B6852F879
:1044800023307868984700BF0837BD4680BD00BF1D
:104490006C66010880B582B000AF78603960054A6B
:1044A0003B6852F823307868984700BF0837BD460C
:1044B00080BD00BF8C66010880B582B000AF786017
:1044C0003960084A3B6852F82330786898470346B9
:1044D000002B14BF01230023DBB218460837BD466A
:1044E00080BD00BFAC66010880B582B000AF7860C7
:1044F0003960084A3B6852F8233078689847034689
:10450000002B14BF01230023DBB218460837BD4639
:1045100080BD00BFCC66010880B582B000AF786076
:104520003960054A3B6852F823307868984700BFE5
:104530000837BD4680BD00BFEC66010880B582B07B
:1045400000AF78603960054A3B6852F823307868DC
:10455000984700BF0837BD4680BD00BF0C67010803
:1045600080B582B000AF78603960054A3B6852F888
:1045700023307868984700BF0837BD4680BD00BF2C
:104580002C67010880B582B000AF78603960084AB6
:104590003B6852F82330786898470346002B14BFD5
:1045A00001230023DBB218460837BD4680BD00BF9B
:1045B0004C67010880B487B000AF78600B46FB7091
:1045C000FB78002B06D07B68DB883B617B685B89CE
:1045D0007B6105E07B689B883B617B681B897B6115
:1045E0007A693B69B2FBF3F3FB60FB68013B0F2B7D
:1045F0002DD801A252F823F0394600084F46000892
:104600004F4600083D4600084F4600084F46000848
:104610004F460008434600084F4600084F46000832
:104620004F4600084F4600084F4600084F46000816
:104630004F4600084946000800230AE04FF40003F3
:1046400007E04FF0807304E04FF0C07301E000BF5B
:10465000002318461C37BD4680BC704780B487B025
:1046600000AF78600B46FB70FB78002B06D07B68B0
:104670009B883B617B681B897B6105E07B68DB88ED
:104680003B617B685B897B617A693B69B2FBF3F3D1
:10469000FB60FB68013B0F2B2DD801A252F823F0E1
:1046A000E1460008F7460008F7460008E54600081E
:1046B000F7460008F7460008F7460008EB460008F2
:1046C000F7460008F7460008F7460008F7460008D6
:1046D000F7460008F7460008F7460008F1460008CC
:1046E00000230AE04FF4001307E04FF4800304E0D6
:1046F0004FF4C00301E000BF002318461C37BD463D
:1047000080BC704780B483B000AF0346FB80FB8859
:10471000032B13D801A252F823F000BF2D47000845
:10472000314700083547000839470008002307E0F3
:10473000012305E0022303E0032301E000BF00237F
:1047400018460C37BD4680BC704700BF80B400AF30
:10475000034B1B689BB21846BD4680BC704700BF28
:1047600080E8F11F80B489B000AF78607B681B6976
:104770001B68BB60274B3B61264BFB60BB681B691A
:104780007B617B6903F0C063002B05D0BB681B6EA7
:10479000C3F30E03BB6100BFBB681F4A5A617A694D
:1047A000FB681340002B03D000BF6FF004032CE024
:1047B000BB68D3F810317B617B6903F00643002BA3
:1047C00006D0BB68D3F86031C3F30E03FB6100BFB2
:1047D000BB68124AC3F814217A693B691340002B65
:1047E00012D07A690E4B1340002B09D0BB68D3F866
:1047F00014210B4B1343BA68C2F81431002304E0B0
:1048000000BF6FF0040300E0002318462437BD46C4
:1048100080BC70470000EE150F00EF1F0F00EF9FE8
:104820000000088080B586B000AF78601B4A4FF06A
:10483000000307F10801084610F039F80023FB7562
:104840007868FFF78FFF38613B69002B0FDA6FF054
:1048500004011EE0FB7D002B03D000BF6FF00401BC
:1048600017E0D7E902010BF053F80346FB757B68AC
:104870001B691B681B6903F00403002BEAD17B68EA
:104880001B691B68D3F8103103F00403002BE1D13E
:1048900000210B4618461837BD4680BD8038010000
:1048A00090B48EB000AFF860B9607A60BB681B69E5
:1048B0001B687B637B683B633E4BBB624FF00043EE
:1048C0007B62BB6A3B623B6A1A687B6A1340B3F146
:1048D000004F0CBF0123002387F82F307B685B0C4F
:1048E0003B613B6BB3F5801F0FD297F82F3083F0FD
:1048F0000103DBB2002B08D001237B617B6B0C33FF
:10490000BB617B6B1033FB6147E03B6BB3F5801FF2
:1049100011D397F82F30002B0DD03B69083B3B613A
:1049200001237B617B6B03F58673BB617B6B03F5B6
:104930008873FB6131E03B6BB3F5801F0CD297F8B5
:104940002F30002B08D002237B617B6B0C33BB61C3
:104950007B6B1033FB6120E03B6BB3F5801F14D3FE
:1049600097F82F3083F00103DBB2002B0DD03B69A9
:10497000083B3B6102237B617B6B03F58673BB6164
:104980007B6B03F58873FB6107E000233B61002329
:104990007B610023BB610023FB61FB681C4607F1C0
:1049A00010030FCB84E80F00F8683837BD4690BC81
:1049B000704700BF1820005280B588B000AF786003
:1049C000396007F10C033A6879681846FFF768FF09
:1049D0003B69002B03D100BF6FF0150338E07B6902
:1049E0001B6803F00103002B02D06FF004032FE0DB
:1049F0007868FFF717FFF861FB69002B01DAFB69A4
:104A000026E07B691A687B6922F4E0621A607B69A0
:104A10001A68FB681B0203F4E0631A437B6942F0E7
:104A200004021A607B691A687B6942F080021A608E
:104A3000BFF34F8F00BF00BF00BF7868FFF7F2FEE3
:104A4000F8617B6919687A69034B0B401360FB6955
:104A500018462037BD4680BDFBF8FFFF80B584B007
:104A600000AF78600B46FB707B681B691B68BB60FE
:104A70000023FB60FB78002B08D07868FFF7D2FE9C
:104A8000F860FB68002B01D0FB6834E0FB78002B5A
:104A900006D0BB68DB6843F00102BB68DA600BE05C
:104AA000BB68DB6803F00103002B05D0BB68144A28
:104AB0005A60BB68134A5A60FB78002B08D0BB6869
:104AC000D3F80C3143F00102BB68C3F80C210EE0AF
:104AD000BB68D3F80C3103F00103002B07D0BB688F
:104AE000074AC3F80421BB68064AC3F80421FB78CF
:104AF000002B00BFFB6818461037BD4680BD00BFC5
:104B000023016745AB89EFCD80B489B000AFF86071
:104B1000B9607A601A4B5B6903F48033002B28D0AC
:104B2000BB6803F100631A467B68FA61BB61BB692D
:104B3000002B20DDFB6903F01F02BB6913447B617E
:104B4000FB693B61BFF34F8F00BF0D4A3B69C2F861
:104B50005C323B6920333B617B69203B7B617B6935
:104B6000002BF2DCBFF34F8F00BFBFF36F8F00BF8E
:104B700001E000BF00E000BF2437BD4680BC7047A5
:104B800000ED00E080B588B000AFF860B9607A60F1
:104B9000BA68274B1340FB61BA687B681344254A07
:104BA0001A44234B1340FA699B1A7B6101237A68EC
:104BB000B968F8680AF083FF034683F00103DBB2AB
:104BC000002B03D000BF6FF015032CE07B68002B97
:104BD00001D1002327E0F8680AF049FF00BF002157
:104BE000F868FFF73BFFB861BB69002B0CD1BB68CD
:104BF0007A681946F8680AF07EFFB8617A69F9693F
:104C0000F868FFF781FF00E000BF0121F868FFF7B7
:104C100025FF3861BB69002B01D13B69BB61F86896
:104C20000AF03CFFBB6918462037BD4680BD00BF77
:104C30000000FEFFFEFF010080B58CB000AFF86001
:104C4000B9607A603B6000233A68B968F8680AF096
:104C500036FF034683F00103DBB2002B03D000BF15
:104C60006FF0150359E03B68002B01D1002354E09D
:104C700000BFEFF31183BB61BB697B6110233B6114
:104C80003B6983F3128800BFBFF36F8F00BF7B695E
:104C9000FB620123FB61FB6983F3138800BF214B97
:104CA0005B69204A43F480735361BFF34F8F00BFA9
:104CB00000BF00BFBFF36F8F00BF00BF00BFBB6866
:104CC00003F100633A6819467868FBF705FB002397
:104CD0003B623B6A83F3138800BF124B5B69114A46
:104CE00023F480735361BFF34F8F00BF00BF00BF39
:104CF000BFF36F8F00BF00BF00BFFB6ABB62BB6A20
:104D00007B627B6A83F3118800BFBFF36F8F00BFA4
:104D100000BFF868FFF726FD034618463037BD464A
:104D200080BD00BF00ED00E080B483B000AF7860CC
:104D3000024B18460C37BD4680BC70476C670108B3
:104D400080B485B000AFF860B9607A600A4B1B6828
:104D5000002B06D1084B10221A60074B4FF400328B
:104D60005A607B6801221A60BB68034A1A6000BF60
:104D70001437BD4680BC7047A815002480B485B0A8
:104D800000AFF860B9607A603B60FB681A680A4B54
:104D900013407968BA680A431A43FB681A60FB68D3
:104DA0005B6823F440523B681A43FB685A6000BFBB
:104DB0001437BD4680BC7047FFE9FFEF80B487B071
:104DC00000AFF860B9607A603B607B680B2B3CD821
:104DD0003B6A002B39D03B68B3F5004F22D17B688A
:104DE000DBB21A461B4B53F82230BA68B2FBF3F31E
:104DF0005A003B6A5B081A443B6AB2FBF3F39BB26E
:104E00007B617A694FF6F07313403B617B695B0805
:104E10009BB203F007033A6913433B61FB683A69AD
:104E2000DA6012E07B68DBB21A460A4B53F8223094
:104E3000BA68B2FBF3F23B6A5B081A443B6AB2FB06
:104E4000F3F39BB21A46FB68DA6000BF1C37BD461D
:104E500080BC70477867010880B58AB000AF786081
:104E600039607B685B687B627B6A1B683B627B683E
:104E70001B69FB61FB691B68BB613B681B791846BA
:104E80000CF046F978613B685B791946786A0CF05A
:104E90006CF938613B689A793B681B791946104672
:104EA0000CF0A1F9F8603B681B79032B03D03B6839
:104EB0001B79042B02D16FF0850391E03B681B79CD
:104EC000002B06D03B689B79042B02D16FF0850341
:104ED00086E038690CF068F903461A463B685B794E
:104EE0009A4202D06FF085037AE07969F8680CF095
:104EF0009FF903461A463B689B799A4202D06FF0AD
:104F000085036DE03B68DB79002B52D03B68DB7991
:104F1000012B23D13B6A344A93424AD03B6A334A3D
:104F2000934246D03B6A324A934242D03B6A314A6E
:104F300093423ED03B6A304A93423AD03B6A2F4A72
:104F4000934236D03B6A2E4A934232D03B6A2D4A76
:104F500093422ED03B6A2C4A93422AD03B68DB799D
:104F6000032B23D13B6A204A934222D03B6A1F4A3B
:104F700093421ED03B6A1E4A93421AD03B6A1D4A96
:104F8000934216D03B6A1C4A934212D03B6A1B4A9A
:104F900093420ED03B6A1A4A93420AD03B6A194A9E
:104FA000934206D03B6A184A934202D06FF08503C1
:104FB00016E0386A0BF0C8F9396878680CF084F9A3
:104FC0000346002B02DA6FF0850309E0386A0BF024
:104FD000ACF9BB693A6892E8030083E80300002358
:104FE00018462837BD4680BD0010014000440040EF
:104FF00000480040004C00400050004000140140B8
:1050000000780040007C0040000C005880B582B061
:1050100000AF78603960054A396878680CF044FA66
:10502000034618460837BD4680BD00BF8F150108EE
:1050300080B582B000AF78600B46FB70FB789BB206
:10504000044A194678680CF056FA00BF0837BD4686
:1050500080BD00BFAF15010890B585B000AFF86006
:10506000B9607A60F8680BF0EEFF0446F8680BF060
:10507000A4FF0346194620460CF0DAF80346042B39
:1050800002D16FF0850306E0054B7A68B968F868CD
:105090000CF008FB034618461437BD4690BD00BF10
:1050A0003D17010890B585B000AFF860B9607A602F
:1050B000F8680BF0C8FF0446F8680BF07EFF034663
:1050C000194620460CF0B4F80346042B02D16FF0C9
:1050D000850306E0054B7A68B968F8680CF042FB76
:1050E000034618461437BD4690BD00BFC7170108D8
:1050F00080B584B000AF78607B685B68FB60FB685C
:105100001B68BB60B8680BF0C6FCBB68144A9342CE
:105110001BD0BB68134A934217D0BB68124A934214
:1051200013D0BB68114A93420FD0BB68104A934218
:105130000BD0BB680F4A934207D0BB680E4A93421C
:1051400003D0BB680D4A934202D1B8680BF094FCBF
:10515000B8680BF051FC00BF1037BD4680BD00BFE2
:10516000001001400044004000480040004C004056
:10517000005000400014014000780040007C0040D6
:1051800080B584B000AF78607B685B68FB60FB68CB
:105190001B68BB60B8680BF04FFDBB68144A9342B4
:1051A0001BD0BB68134A934217D0BB68124A934284
:1051B00013D0BB68114A93420FD0BB68104A934288
:1051C0000BD0BB680F4A934207D0BB680E4A93428C
:1051D00003D0BB680D4A934202D1B8680BF01DFDA5
:1051E000B8680BF0DAFC00BF1037BD4680BD00BFC9
:1051F000001001400044004000480040004C0040C6
:10520000005000400014014000780040007C004045
:105210002DE9B04F86B000AFF860B9607A60F868E9
:105220000BF062FD0346002B09D0F8680BF081F902
:10523000F8680BF0D2FCF8680BF071FB05E0F86839
:105240000BF04BFCF8680BF045FB7B68B3F1FF3FBC
:1052500035D07B68DA179A469346BB680022984699
:10526000914608FB0BF20AFB09F31344AAFB08451D
:105270002B441D46194A4FF0000320462946FBF7F0
:10528000C5F802460B46C7E90423D7E90423012BDE
:1052900017D23B691946F8680BF079F9F8680BF0FA
:1052A00088F90346002B0ED000BFF8680BF037FBDF
:1052B000F8680BF0C1FBF8680BF02CF90AE000BFAE
:1052C00002E000BF00E000BFF8680BF003FBF868E5
:1052D0000BF032FB1837BD46BDE8B08F40420F00DF
:1052E00080B586B000AF78607B685B687B617B6966
:1052F0001B683B617B681B69FB60FB687A68DA604E
:10530000FB689B69002B0DD0FB689B6918460AF06F
:10531000D9FE034683F00103DBB2002B02D06FF00D
:10532000120306E1FB68D3F8B030002B0ED0FB6807
:10533000D3F8B03018460AF0C5FE034683F00103E7
:10534000DBB2002B02D06FF01203F2E078680CF0B1
:1053500078FD78680CF04DFDFB6878337749184686
:105360000EF016FBFB6803F58873754918460EF0BE
:105370000FFBFB68443320220021184604F0C2FCD6
:10538000012138690BF04BFD0246FB685A64FB684B
:1053900000229A64FB6893F83D30002B07D0FA682E
:1053A00092F8603023F00C0382F8603007E0FA686E
:1053B00092F86030022161F3830382F86030FB6869
:1053C00093F83E30002B07D0FA6892F8603023F053
:1053D000300382F8603007E0FA6892F8603002210A
:1053E00061F3051382F86030FB6893F82330C3F350
:1053F0004013D9B2FA6892F8603061F3861382F8EC
:105400006030FB6893F82330C3F34013D9B2FA68D5
:1054100092F8603061F3C71382F86030FB681B6C50
:1054200003F00F03D9B2FA6892F8613061F3030315
:1054300082F86130FB6803F14402FB681A63FB6881
:105440007A685A63FB680022C3F84821FB6800228F
:10545000C3F84C21FB68DC3320220021184604F0FD
:1054600051FC002138690BF0DAFC0246FB68C3F8F6
:10547000E020FB680022C3F8DC20FB6893F8D530FD
:10548000002B07D0FA6892F8F83023F00C0382F86A
:10549000F83007E0FA6892F8F830022161F38303EC
:1054A00082F8F830FB6893F8D630002B07D0FA6802
:1054B00092F8F83023F0300382F8F83007E0FA6809
:1054C00092F8F830022161F3051382F8F830FB6896
:1054D00093F8BB30C3F34013D9B2FA6892F8F830AE
:1054E00061F3861382F8F830FB6893F8BB30C3F39E
:1054F0004013D9B2FA6892F8F83061F3C71382F812
:10550000F830FB68D3F8D83003F00F03D9B2FA684B
:1055100092F8F93061F3030382F8F930FB6803F184
:10552000DC02FB68C3F8C820FB687A68C3F8CC20AB
:10553000002318461837BD4680BD00BFBD230108B3
:105540004D24010880B586B000AF78607B685B6849
:105550007B617B691B683B617B681B69FB60FB6847
:105560001B68BB6038690AF0EFFE7B699B681846D0
:105570000AF0A8FD034683F00103DBB2002B03D041
:1055800000BF6FF0120393E07B69083318460AF0FE
:10559000ADFE0C2138690AF0F5FEB96878680BF0A9
:1055A00093FE0346002B02DA6FF0150380E07B695F
:1055B0001B7E002B02D038690BF008F87B695B7EFC
:1055C000002B04D04FF4004138690AF06DFF7B696D
:1055D0009B7E002B04D04FF4803138690AF076FFAF
:1055E0007B69DB7E002B04D04FF4003138690AF070
:1055F0007FFF7B691B7F002B40D03B692E4A934283
:1056000023D03B692D4A93421FD03B692C4A9342D9
:105610001BD03B692B4A934217D03B692A4A9342DD
:1056200013D03B69294A93420FD03B69284A9342E1
:105630000BD03B69274A934207D03B69264A9342E5
:1056400003D000BF6FF0150332E0012178680BF042
:105650002EFD7B695B7F194638690AF0D9FF7B69AB
:105660009B7F194638690AF0C0FF7B69DB7F002BFE
:1056700004D04FF4004138690BF00EF87B6993F8C1
:105680002030002B02D038690AF06DFE38690AF02C
:105690004CFE00BF38690BF0C7F80346002BF9D069
:1056A00000BF38690BF0D3F80346002BF9D0002374
:1056B00018461837BD4680BD001001400044004028
:1056C00000480040004C00400050004000140140E1
:1056D00000780040007C0040000C005880B483B08B
:1056E00000AF03463960FB80B7F90630002B0ADBB8
:1056F0003B68DAB20C49B7F906301201D2B20B445A
:1057000083F800230AE03B68DAB20849FB8803F01B
:105710000F03043B1201D2B20B441A7600BF0C37C0
:10572000BD4680BC704700BF00E100E000ED00E036
:1057300080B487B000AF78601C4B9B687B611B4BCB
:105740001B68FB60194B9B683B617B68002B02D098
:105750007B683A691A607B69002B02D1144B1B6885
:105760007B613B69002B02D1114B1B683B61FB68DD
:1057700003F48033002B03D17A693B699A4208D243
:105780000C4B1A680A4B1B6813440A4A1360074BF8
:105790001B68074B1A683B69D21A064B1B681344F7
:1057A00018461C37BD4680BC704700BF10E000E0C3
:1057B000C0150024CC15002480B500AF0020FFF7F1
:1057C000B7FF0246024B1B681344184680BD00BF5A
:1057D000C815002480B586B000AF786007F10803D3
:1057E0001846FFF7A5FF78611B4B1B683B611B4BFD
:1057F0001A687B691344194A1360194B00221A6016
:10580000154A7B681360174B9B68FB60154A7B68E1
:10581000013B5360134B00229A60134B4FF0007210
:105820005A60BB68FA689A420AD93A69FB68D21A88
:10583000BB681A44094B1B681344084A136007E00D
:10584000BA68FB68D21A054B1B681344034A1360FD
:1058500000BF1837BD4680BDC0150024C815002400
:10586000CC15002410E000E000ED00E080B582B02F
:1058700000AF084BD3E90023104619460CF0E2FEB6
:1058800078607B68044AA2FB03239B0A184608370A
:10589000BD4680BD680B0024F11976052DE9B04F97
:1058A00088B000AF78603449096800208846814696
:1058B0003249D1E9000118EB000249EB0103796894
:1058C00000200C46054612EB040A43EB050BC7E922
:1058D00004AB2B4BD3E90023D7E90401994208BF5D
:1058E000904242D02649D7E90423C1E9002340F27F
:1058F0005D13FB617A68FB699A420BD8FA697B6891
:10590000D21A1D4B1B689A4204D31B4B1B687A6842
:105910001344FB61FB694BF6803202FB03F3FB602F
:10592000184BD3E90023104619460CF08BFEB860E3
:10593000FA68BB689A4203D9FA68BB68D31A00E0D8
:105940000023BB61104B1B68BA699A4209D20F4B06
:105950001B78002B0BD10D4B01221A700A4B1B68D0
:10596000BB61B869FFF736FF02E000BF00E000BF8F
:105970002037BD46BDE8B08FD0150024700B002441
:1059800050010024680B0024C415002415160024BF
:1059900080B500AFFFF76AFF0346054A1360044B6A
:1059A0001B6818460CF05CFE0346184680BD00BF1D
:1059B000D01500242DE9B04F86B000AFF860FFF796
:1059C00055FF78617B694BF6803202FB03F30022BE
:1059D000984691461A4BD3E9002318EB020139602F
:1059E00049EB03037B60164BD7E90012C3E90012B1
:1059F0007B6900221C461546124BD3E9002314EBA9
:105A0000020A45EB030B0F4BC3E900AB0E4B002220
:105A10001A600E494FF0FF324FF0FF33C1E9002307
:105A20000B4B00221A7078690CF01AFE0346F968D5
:105A3000184604F05FF800BF1837BD46BDE8B08FC8
:105A4000680B0024700B0024D015002450010024A2
:105A5000151600242DE9B04382B000AFFFF7ACFE6D
:105A60000346104AA2FB03239B0A7B607B6800224B
:105A7000984691460C4BC3E900897B684BF680320F
:105A800002FB03F300221C461546084BC3E9004500
:105A9000074B00221A600120FFF700FF0837BD46C0
:105AA000BDE8B083F1197605700B0024680B002463
:105AB000D0150024684620F007018D4681B583B0DB
:105AC00000AF0CF090FD03467B600020FFF730FE36
:105AD0000A4B1A680A4B1B681344094A1360074BA8
:105AE00000221A607868FFF765FFFCF7E7F900BF4E
:105AF0000C37BD46BDE8814085467047CC15002473
:105B0000C815002480B582B000AF01214FF0FF30EE
:105B1000FFF7E4FD0CF080FD03460E4A13600E4BC8
:105B20004BF680321A600D4B00221A600A4B1B683C
:105B30000B4A013B53600A4B00229A6007237B60AB
:105B4000074A7B681360FFF785FF00231846083774
:105B5000BD4680BDC4150024C0150024CC1500240A
:105B600010E000E080B500AF264B274ADA67254BEE
:105B70000022DA67234B254AC3F88020214B0022FC
:105B8000C3F880201F4B40F27122C3F884201D4BC4
:105B90000022C3F884201B4B1D4AC3F88820194BF0
:105BA0000022C3F88820174B1822C3F88C20154B0D
:105BB0000022C3F88C20134B164AC3F89020114BD7
:105BC0000022C3F890200F4B4FF49B72C3F894202F
:105BD0000C4B0022C3F894200A4B0F4AC3F89820BC
:105BE000084B0022C3F89820064B0C4AC3F89C20AF
:105BF000044B0022C3F89C200CF048FD00231846FB
:105C000080BD00BF004402583150010023C0000A8B
:105C1000FF072803FFC3FFE83330D731AADE200097
:105C200080B582B000AF7860154B1B78002B01D196
:105C3000012321E0134B1A68114B1B7819464FF4CE
:105C40007A73B3FBF1F3B2FBF3F318460CF06EFD7D
:105C50000346002B01D001230EE07B680F2B0AD8EE
:105C6000002279684FF0FF300CF046FD064A7B6851
:105C70001360002300E0012318460837BD4680BDAD
:105C8000E1010024AC010024B401002480B582B0FD
:105C900000AF894B1B6803F00F03062B0FD8864B10
:105CA0001B6823F00F03844A43F007031360824B01
:105CB0001B6803F00F03072B01D00123F7E007F067
:105CC00081FB78607D4B1B687C4A43F001031360C5
:105CD00008E007F077FB02467B68D31A022B01D954
:105CE0000323E4E0754B1B6803F00403002BF0D0A2
:105CF000724B5B68714A43F0804353606F4B0022E4
:105D00001A616F4B6F4A1A606F4B6E4A1A606F4B85
:105D10001B681846FFF784FF0346002B01D00123C0
:105D2000C5E007F04FFB78600AE007F04BFB024646
:105D30007B68D31A41F28832934201D90323B6E03B
:105D40005E4B1B6903F03803002BEED107F03AFBE2
:105D500078605A4B1A6859495D4B13400B6008E054
:105D600007F030FB02467B68D31A642B01D903236A
:105D70009DE0524B1B6803F40033002BF0D107F079
:105D800021FB78604D4B1B684C4A23F080731360F5
:105D900008E007F017FB02467B68D31A022B01D9F3
:105DA000032384E0454B1B6803F00073002BF0D104
:105DB00007F008FB7860414B1B68404A23F0806382
:105DC000136008E007F0FEFA02467B68D31A022B44
:105DD00001D903236BE0394B1B6803F00063002BF0
:105DE000F0D107F0EFFA7860344B1B68334A23F0A8
:105DF0008053136008E007F0E5FA02467B68D31A87
:105E0000022B01D9032352E02C4B1B6803F00053F3
:105E1000002BF0D1294B00229A61284B0022DA6135
:105E2000264B00221A62254B2A4A9A62234B2A4AA1
:105E3000DA62224B294A1A63204B00225A631F4B15
:105E4000264A9A631D4B0022DA631C4B234A1A64CC
:105E50001A4B00225A64194B1B68184A23F48023FA
:105E60001360164B00221A66144B4FF0FF329A66ED
:105E7000124BD3F8D030114A43F48033C2F8D030FB
:105E80000D4B1B6803F00803002B0FD00A4B1B6857
:105E900023F00F03084A43F007031360064B1B6807
:105EA00003F00F03072B01D0012300E00023184665
:105EB0000837BD4680BD00BF002000520044025894
:105EC000AC0100240090D003B0010024B4010024F0
:105ED00045EDF6FF000202020000FF018002010111
:105EE00080B400AF044BDB681B0A03F007031846BD
:105EF000BD4680BC704700BF00ED00E080B483B0B9
:105F000000AF03463960FB80B7F90630002B0ADB8F
:105F10003B68DAB20C49B7F906301201D2B20B4431
:105F200083F800230AE03B68DAB20849FB8803F0F3
:105F30000F03043B1201D2B20B441A7600BF0C3798
:105F4000BD4680BC704700BF00E100E000ED00E00E
:105F500080B582B000AF78607B68013BB3F1807F91
:105F600001D301230FE00A4A7B68013B53600F21F4
:105F70004FF0FF30FFF7C2FF054B00229A60044B41
:105F800007221A60002318460837BD4680BD00BFAF
:105F900010E000E080B487B000AFF860B9607A60CC
:105FA000FB687B610C4ABB6813441B781A467B690B
:105FB00013441A68094B13400749BA680A44127817
:105FC00011467A690A4411467A6813430B6000BF90
:105FD0001C37BD4680BC7047046801081F80F0FF75
:105FE00080B487B000AFF860B9607A60FB687B610D
:105FF0000C4ABB6813441B781A467B6913445A68E1
:10600000094B13400749BA680A44127811467A6965
:106010000A4411467A6813434B6000BF1C37BD46E3
:1060200080BC7047046801080000FFFF80B485B0A1
:1060300000AFF860B9607A60BA68114B13449B00F6
:10604000FA6810498A4201D1002200E0202213445C
:106050001B6823F0FF02B968094B0B449B00F968E9
:106060000848814201D1002100E020210B4419465B
:106070007B6813430B6000BF1437BD4680BC70477C
:10608000008200100000024080B487B000AFF860CA
:10609000B9607A60FB687B610C4ABB6813441B786B
:1060A0001A467B6913441B6823F0C0720749BB681A
:1060B0000B441B7819467B690B4419467B681343D4
:1060C0000B6000BF1C37BD4680BC704704680108E8
:1060D00080B487B000AFF860B9607A60FB687B611C
:1060E0000C4ABB6813441B781A467B6913441B682F
:1060F00023F4C0020749BB680B441B7819467B692F
:106100000B4419467B6813430B6000BF1C37BD4628
:1061100080BC70470468010880B487B000AFF860A5
:10612000B9607A603B60FB687B610D4ABB681344D1
:106130001B781A467B6913445B6923F00702796870
:106140003B680B430648B9680144097808467969F9
:10615000014413434B6100BF1C37BD4680BC7047F0
:106160000468010880B487B000AFF860B9607A6055
:10617000FB687B61074ABB6813441B781A467B693E
:1061800013441A467B68D36000BF1C37BD4680BCF1
:10619000704700BF0468010880B487B000AFF860A2
:1061A000B9607A60FB687B61074ABB6813441B785F
:1061B0001A467B6913441A467B68936000BF1C37FC
:1061C000BD4680BC704700BF0468010880B483B03E
:1061D00000AF7860064B1B6823F00F0204497B6810
:1061E00013430B6000BF0C37BD4680BC704700BF37
:1061F0000020005280B400AF034B1B6803F00F0374
:106200001846BD4680BC70470020005280B400AFE5
:10621000034B9B6903F440431846BD4680BC70475E
:106220000048025880B586B000AF78600023FB7547
:106230000023FB607B68002B02D10123FB759DE0EE
:10624000FFF7E4FF0346B3F5404F1CD17B684E4A8D
:10625000934206D97B684D4A934202D80223FB60E1
:1062600071E07B684A4A934206D97B68464A93426A
:1062700002D80123FB6066E07B68454A934262D9FD
:106280000123FB755FE0FFF7C1FF0346B3F5004F45
:1062900027D17B683F4A934206D97B683E4A9342A6
:1062A00002D80323FB604EE07B683C4A934206D948
:1062B0007B68384A934202D80223FB6043E07B6844
:1062C000374A934206D97B68344A934202D8012365
:1062D000FB6038E07B68324A934234D90123FB7576
:1062E00031E07B682F4A934206D97B682E4A93425D
:1062F00002D80423FB6026E07B682C4A934206D92F
:106300007B68284A934202D80323FB601BE07B682A
:10631000274A934206D97B68244A934202D8022333
:10632000FB6010E07B68234A934206D97B68204AD1
:10633000934202D80123FB6005E07B681D4A93422B
:1063400001D90123FB75FB7D002B17D1F868FFF7FE
:106350003DFF02233B61FFF74DFFB8603B69013B06
:106360003B61BA68FB689A4202D03B69002BF2D1CC
:10637000BA68FB689A4201D00123FB75FB7D184681
:106380001837BD4680BD00BF003B5808001C4E0EAC
:10639000801D2C0440B3D50900EF1C0D80778E06BC
:1063A000C03B47030095BA0A403A690DC0EF0B089D
:1063B000804A5D0540A5AE0280B582B000AF78602E
:1063C000396006F0FCFD034806F056FE78680CF0D4
:1063D000CAFA00BF5C5A010880B584B000AF78608B
:1063E0007B68002B04D078680DF0E8FB034600E0E2
:1063F0000023FB60FB68002B03D0FB681B78002B9D
:1064000001D1034BFB60FB6818461037BD4680BDC9
:106410006C5A010880B483B000AF78607B68042BAD
:1064200016D801A252F823F03D6400084164000828
:1064300045640008496400084D640008074B08E003
:10644000074B06E0074B04E0074B02E0074B00E078
:10645000074B18460C37BD4680BC7047745A01087C
:10646000845A0108985A0108A85A0108B45A010828
:10647000C45A010880B58CB000AF78603960EFF382
:1064800011837B627B6A3B621023FB61FB6983F3B0
:10649000128800BFBFF36F8F00BF3B6AFB622B4BBC
:1064A0009B68BB6206F08BFD06F089FD7868FFF7FC
:1064B000B1FF0246254B1B7C7968254806F0DCFDC0
:1064C0003B68002B11D03B68BB61BB69DB69C3F340
:1064D0000803002B14BF01230023DBB2002B04D0E0
:1064E00006F06DFD1B4806F0C7FD06F068FDB86AB2
:1064F000FFF772FF03461A46B96A174806F0BCFD5B
:10650000BA6A396878680CF023FA39687868FFF756
:1065100053FF3B68002B06D03B687B617B69DB69DE
:10652000C3F30803002BFB6A3B613B69FB60FB681C
:1065300083F3118800BFBFF36F8F00BF00BFB86A3D
:106540000CF0FBF93037BD4680BD00BFD4150024E8
:10655000D45A0108005B0108245B010882B003469D
:106560000091ADF80630BDF90630002B0ADB009B28
:10657000DAB20C49BDF906301201D2B20B4483F8ED
:1065800000230BE0009BDAB20749BDF8063003F0A8
:106590000F03043B1201D2B20B441A7600BF02B0C3
:1065A000704700BF00E100E000ED00E000B585B0FD
:1065B0000390CDE90023039B03F11800DDE90023DC
:1065C000044903F0E1F802460B461046194605B0AF
:1065D0005DF804FB698B0008F0B58DB02B4B0B9375
:1065E00028E00B9B1E680B9B5F680B9B9B680693C8
:1065F0000B9BD96807910B9B1B690B9A52690B99EE
:1066000089690B98C0690B9C246A0B9D6D6A05957E
:1066100004940390029101920093079B069A3946D5
:10662000304601F0EDF90B9B1B680B9A5A650B9BEA
:1066300030330B930B9B164A934234BF0123002344
:10664000DBB2002BCDD102F0B1FD104B0A930EE06E
:106650000A9BD3E90A23CDE908230A9B1968DDE9DF
:10666000082308460CF0B3F90A9B30330A930A9BBF
:10667000074A934234BF01230023DBB2002BE7D14A
:1066800002F0DAFD00BF0DB0F0BD00BF08500108F8
:106690003850010800B583B00B4B019305E0019819
:1066A0000CF07CF9019B1C330193019B074A934238
:1066B00034BF01230023DBB2002BF0D100BF00BFA9
:1066C00003B05DF804FB00BFD04A0108C84C0108C4
:1066D00000B587B003468DF807309DF80730164A9D
:1066E00052F82330059319E0059B5B68049300235F
:1066F0000393049B002B0AD0049B1B7E03F0010331
:10670000002B08D104980CF0C3F8039003E0059B1C
:106710001B6898470390059B083305939DF8073045
:106720000133054A52F82330059A9A42DCD300BF60
:1067300000BF07B05DF804FBB801002400B587B0C6
:10674000039002910192134B01221A70124B059390
:1067500005E0059B1B689847059B04330593059B43
:106760000E4A934234BF01230023DBB2002BF0D149
:106770000320FFF7ADFF0420FFF7AAFFFFF72CFF70
:1067800004F034FF06480CF04AF900BF07B05DF88A
:1067900004FB00BF16160024005001080450010835
:1067A000780B002400B58DB00790079A13465B0064
:1067B00013449B01174A13440B93079A13465B003B
:1067C0001344DB01144A13440A934FF4A073099352
:1067D000124B0893079A13469B0013449B00104AE0
:1067E0001344089A0592012204920F220392002278
:1067F00002920022019200930A4B099A0A990B987F
:1068000001F0FEF80B980CF0FEF800BF0DB05DF83B
:1068100004FB00BF380C0024C05A0024405B010870
:10682000D4150024472A010800B583B001900198CF
:10683000FFF7B8FF019A13465B0013449B01184A07
:1068400099181848019A13469B0013449B0003446F
:106850000C331960019BD8B21249019A13469B0070
:1068600013449B000B44103302461A70019A1346DE
:106870005B0113449B010C4A134418460CF087F843
:10688000034603F500610748019A13469B00134431
:106890009B0003440433196000BF03B05DF804FBA0
:1068A000380C0024D4150024405C002400B589B0C5
:1068B00002F06CFC124B134A5A61134B05930123EF
:1068C00004930023039300230293002301930023E6
:1068D00000930E4B4FF480620D490A4801F090F886
:1068E000079008480CF08FF8064801F0C1FB002023
:1068F000FFF79AFF079B184609B05DF804FB00BF3D
:10690000D4150024780B0024485B01083D6700087B
:106910008056002400B583B00190024A01990248D4
:10692000FBF796FA3D670008780B002400B585B0A8
:106930000CF081F80020FFF7CBFE35480CF027F86B
:10694000034603F500630293029B0193019B83F3CB
:10695000088800BF00BFFF216FF00100FFF7FEFDB8
:1069600000216FF00400FFF7F9FD00216FF00B002C
:10697000FFF7F4FD00216FF00A00FFF7EFFD0021A3
:106980006FF00900FFF7EAFD00216FF00300FFF749
:10699000E5FD204B5B6A1F4A43F4E023536200BFCE
:1069A000FBF70AF9FBF77EFA1A4B4FF0FF329A62B7
:1069B000184B4FF0FF32DA6200BFFBF79FFDFBF789
:1069C0006BFB00BF144801F09DF8FFF763FEFAF778
:1069D000EFFB124B039305E0039B1B689847039B57
:1069E00004330393039B0E4A934234BF01230023D5
:1069F000DBB2002BF0D10120FFF76AFE0220FFF787
:106A000067FEFFF753FF03461846FFF783FF00BFFB
:106A1000405C002400ED00E0F80C00240050010868
:106A20000050010880B5A8B002AFF860C7E90023A4
:106A3000002387F887308E4BBB67EFF311837B67AA
:106A40007B6F3B671023FB66FB6E83F3128800BFEE
:106A5000BFF36F8F00BF3B6F7B61BB6FBB6600BF37
:106A6000BB6F7B6600BF7B697B62FB68DB68002BCA
:106A70000CBF01230023DBB2002B0AD1FB689A680C
:106A80007C4B9B689A420CBF01230023DBB2002B96
:106A900001D0012300E00023002B3BD0FB68DB6822
:106AA0005A1CFB68DA60734B9A68FB689A6000BFF7
:106AB000FB68DB68012B1AD16E4B9B68A833184624
:106AC0000CF082F80346002B07D06A4B9A68694B9A
:106AD0009B6892F90E2083F8B420664B9B6803F103
:106AE000A802FB681033194610460CF09BF87B6A2D
:106AF000BB615F4B3B66BB69FB65FB6DBB65BB6DFB
:106B000083F3118800BFBFF36F8F00BF00BF00BFCA
:106B1000002318E1D7E900234FF000004FF00001F7
:106B20008B4208BF82420CBF01230023DBB2002B43
:106B300013D07B6A3B614E4B7B653B693B653B6D8C
:106B4000FB64FB6C83F3118800BFBFF36F8F00BF42
:106B500000BF00BF6FF00F03F5E0464B9B68FA687B
:106B6000C3F8B020434B9B6893F90E301A46FB687C
:106B70009B6893F90E30194610460CF0A1F9C7F83E
:106B80008000FB68C7F89430FB689B68C7F88C30BE
:106B90000023C7F8903000BF4CE0D7F88C3093F951
:106BA0000E301946D7F880000CF02FF90346002B61
:106BB00017D0D7F88010D7F894000CF09AF9034654
:106BC000002B03D197F88730002B01D0012300E080
:106BD000002387F8873097F8873003F0010387F8A0
:106BE0008730D7F88C30D3F8B030002B26D0D7F8C8
:106BF0008C000CF0B5F8034683F00103DBB2002BE8
:106C00001CD1D7F88C30D3F8B030C7F89430D7F80F
:106C10009420FB689A4211D0D7F890300133C7F81E
:106C20009030D7F890300F2B08DCD7F894309B6861
:106C3000C7F88C30D7F88C30002BAED1F968D7E983
:106C40000023CDE900230A46796A094801F0D8FFFC
:106C5000C7F8880000BF00BFD7F88830002B0BD1E1
:106C6000044B9B680022C3F8B02000236BE000BFF8
:106C7000F8150024D415002400BF354BBB64EFF396
:106C800011837B647B6C3B641023FB63FB6B83F39E
:106C9000128800BFBFF36F8F00BF3B6CFB61BB6C02
:106CA000BB6300BFBB6C7B6300BFFB697B62294B8E
:106CB0009B680022C3F8B020FB689B68002B14BFC0
:106CC00001230023DBB2002B21D0FB689A68FB680C
:106CD0009B6893F9B430194610460CF025F9F86713
:106CE00000BFF96FF8680CF004F90346002B03D1DC
:106CF00097F88730002B01D0012300E0002387F8AC
:106D0000873097F8873003F0010387F8873097F8CA
:106D10008730002B04D0796A0D480DF0A2FA10E0FC
:106D20007B6A3B620A4B3B633B6AFB62FB6ABB626A
:106D3000BB6A83F3118800BFBFF36F8F00BF00BF32
:106D400000BF6FF00A0318469837BD4680BD00BFEC
:106D5000F8150024D415002480B598B000AF7860F1
:106D60000023BB657B689B68002B02D16FF0150385
:106D7000C7E07B689A68654B9B689A4202D04FF0E7
:106D8000FF33BEE000BF7B68DB68012B05D97B6861
:106D9000DB685A1E7B68DA60B2E05D4B7B65EFF31F
:106DA00011833B653B6DFB641023BB64BB6C83F3B9
:106DB000128800BFBFF36F8F00BFFB6CFB607B6D61
:106DC0007B6400BF7B6D3B6400BFFB687B614F4B06
:106DD0009B6803F1A8027B681033194610460BF03C
:106DE00083FF4A4B9B6893F90E20484B9B6893F9AD
:106DF000B4309A420ED0454B9A68444B9B6893F945
:106E0000B430194610460CF08FF8F865F96D7868C3
:106E10000CF06FF87B68FB63FB6BBB6300237B6349
:106E2000B86B0BF060FE38633B6B002B01D03B6B03
:106E30007B637B6BFB62FB6A002B14BF0123002387
:106E4000DBB2002B05D0F86A0BF0EDFFF86A0BF00F
:106E500079FFFB6ABB657B68BA6D9A6000BFBB6D4A
:106E6000002B14BF01230023DBB2002B27D0BB6D06
:106E7000A83318460BF0A8FE0346002B05D0BB6DC7
:106E800093F90E20BB6D83F8B420BB6D03F1A8020B
:106E90007B681033194610460BF0C4FEBB6D002210
:106EA000C3F8B020BB6DBB6200237B62BB6A7A6A09
:106EB000C3F8BC2000BFB86D00F0FEFF02E07B68A5
:106EC0000022DA60BB6D002B14BF01230023DBB26C
:106ED000002B04D079690E480DF0C3F910E07B69EE
:106EE0003B610B4B3B623B69FB61FB69BB61BB696F
:106EF00083F3118800BFBFF36F8F00BF00BF00BFD7
:106F0000002318466037BD4680BD00BFD41500245D
:106F1000F815002480B59EB000AF78604C4B7B63C1
:106F2000EFF311833B633B6BFB621023BB62BB6AD5
:106F300083F3128800BFBFF36F8F00BFFB6ABB6093
:106F40007B6B7B6200BF7B6B3B6200BFBB683B61BE
:106F50007B683B670023FB660023BB66002387F842
:106F600067303B6F3B663B6EFB650023BB65F86D8E
:106F70000CF03EF878657B6D002B01D07B6DBB6516
:106F8000BB6D3B653B6D002B14BF01230023DBB2BF
:106F9000002B05D0386D0CF087F8386D0CF05AF8DE
:106FA0003B6DFB64FB6C002B18D0FB6EFA6CBA6473
:106FB0007B64BB6E3B64BB6CFB637B6CBB63FB6B3A
:106FC000BA6BC3F8BC2000BFBB6C3A6C5A6100BFFF
:106FD000F86C00F071FF012387F8673097F867308D
:106FE000002B03D0012387F8773013E07B689B6880
:106FF0007A6891687A68D268914201D0012200E0F3
:1070000000221A447B689A6078680CF08AF803467C
:1070100087F8773097F87730002B04D039690C481F
:107020000DF01FF910E03B69FB60094BFB61FB6849
:10703000BB61BB697B617B6983F3118800BFBFF3D0
:107040006F8F00BF00BF00BF00BF7837BD4680BD57
:10705000F815002480B598B002AFF860C7E90023A6
:10706000354B3B65EFF31183FB64FB6CBB64102372
:107070007B647B6C83F3128800BFBFF36F8F00BF0C
:10708000BB6CBB613B6D3B6400BF3B6DFB6300BFF2
:10709000BB693B62FB689B68002B14BF0123002384
:1070A000DBB2002B18D0FB689B685A1EFB689A6005
:1070B0003B6AFB61204BBB63FB697B637B6B3B6380
:1070C0003B6B83F3118800BFBFF36F8F00BF00BF1E
:1070D00000BF00237B6529E0D7E900234FF00000C3
:1070E0004FF000018B4208BF824214D13B6A7B61A2
:1070F000114BFB627B69BB62BB6A7B627B6A83F379
:10710000118800BFBFF36F8F00BF00BF00BF6FF0DB
:107110000F037B650AE0F968D7E90023CDE9002376
:107120000A46396A044801F06BFD78657B6D1846A4
:107130005837BD4680BD00BFF815002480B586B025
:1071400000AF78600023FB607B680C330121184698
:107150000CF097FA29480CF087F80346002B04D06E
:1071600026480CF081F8034600E000237B617B6930
:10717000002B0ED07B6918460CF0A9F80346002BB3
:1071800005D07B6918460CF0A2F8034602E0002304
:1071900000E000233B6128E07B695B687A689A42E3
:1071A0000BD17B691A46F96814480CF000F97B6929
:1071B000083318460CF0A5F91BE07B69FB603B69BE
:1071C0007B617B69002B0ED07B6918460CF07FF841
:1071D0000346002B05D07B6918460CF078F803466F
:1071E00002E0002300E000233B617B69002BD3D148
:1071F00000BF00BF1837BD4680BD00BFF815002492
:1072000080B584B000AF786039607B68002B02D114
:107210006FF015035DE0314B9A687B68D3F8C0309E
:107220009A4209D10CF0A2FC034683F00103DBB2C1
:10723000002B01D0012300E00023FB72FB7A03F056
:107240000103FB727B68DC33022118460CF040FA24
:107250000346BB727B68DC33032118460CF038FA16
:1072600003467B727B68DC33002118460CF030FA51
:10727000034683F00103DBB2002B03D06FF012034F
:10728000FB6025E0BB7A002B09D0FB7A83F0010379
:10729000DBB2002B03D06FF00F03FB6018E07B7AAA
:1072A000002B09D0BB7A83F00103DBB2002B03D0A3
:1072B0006FF00F03FB600BE07B68C4333A68114644
:1072C00018460CF015F80123FB6078680CF07EFA84
:1072D000FB6818461037BD4680BD00BFD41500249A
:1072E00080B5A8B004AFF860B9607A60FB68C7F8F1
:1072F00084300023C7F88C300023C7F88830964BC1
:10730000BB67EFF311837B677B6F3B671023FB66E3
:10731000FB6E83F3128800BFBFF36F8F00BF3B6F1C
:107320003B61BB6FBB6600BFBB6F7B6600BF3B6949
:107330007B62D7F88430C43318460CF024F8C7F8C1
:107340008000D7F88030002B1ED0D7F88430DC3393
:10735000012118460CF0A9F9D7F88030C7F88C3015
:10736000D7F88C300C33002118460CF09EF9D7F872
:107370008C300C33022118460CF083F9D7F88C308E
:107380005B68C7F8883034E0D7F88430DC330221FA
:1073900018460CF0AFF90346002B08D0D7F884301C
:1073A000D4330022012118460CF00EF921E0D7F861
:1073B0008430DC33042118460CF08AF90346002B94
:1073C00017D0D7F88430DC33002118460CF0A8F928
:1073D0007B6A7B61604B3B667B69FB65FB6DBB65D4
:1073E000BB6D83F3118800BFBFF36F8F00BF00BF79
:1073F000ADE0D7F88C30002B12D1D7F8843003F1F0
:10740000CC014FF0FF324FF0FF3300200290CDE966
:1074100000230A46796A504801F048FF00BF68E738
:107420007B6AFB614C4BFB63FB69BB63BB6B7B63A0
:107430007B6B83F3118800BFBFF36F8F00BF00BF6A
:1074400000BFD7F88830D7F88C009847424B7B654F
:10745000EFF311833B653B6DFB641023BB64BB6C96
:1074600083F3128800BFBFF36F8F00BFFB6CBB615B
:107470007B6D7B6400BF7B6D3B6400BFBB697B623F
:10748000D7F88C300C33002118460CF0FAF8D7F8F6
:107490008C300C33042118460CF01AF90346002BEB
:1074A00003D0D7F88C000CF053F9D7F88C300C339C
:1074B000012118460CF00CF90346002B03D0D7F835
:1074C0008C00FFF73BFED7F88430DC3301211846EF
:1074D0000CF0D7F8D7F88430DC33082118460CF0CC
:1074E000F7F8034683F00103DBB2002B0DD0D7F889
:1074F0008430C43318460BF0CDFE034683F00103FD
:10750000DBB2002B01D0012300E0002387F87F309D
:1075100097F87F3003F0010387F87F307B6A3B6286
:107520000D4B3B633B6AFB62FB6ABB62BB6A83F346
:10753000118800BFBFF36F8F00BF00BF00BF97F877
:107540007F30002B3FF4D5AE0BF0BCFFD1E600BF7F
:107550009037BD4680BD00BFF815002480B58EB0C1
:1075600008AFF860B9607A603B6001237B61FB681B
:10757000C43318460BF037FEFB68CC3318460BF0CB
:10758000ECFFFB68D43318460BF0E7FF3B6A002B97
:1075900007D03B6A1B79002B03D07B6943F48073CF
:1075A0007B61FB68DC33796918460CF0B9F8F86840
:1075B0004FF0FF324FF0FF33CDE906230023049351
:1075C0003B6803930023029300230193FB6800931D
:1075D000164B7A68B9680BF055FF3B6A002B0AD04E
:1075E0003B6A1B68002B06D0FA683B6A1B68194689
:1075F00010460BF078FF3B6A002B0AD03B6A5B79A0
:10760000002B06D0FB689B8943F001039AB2FB680C
:107610009A81FB6818460BF02AFFFA68FB68C3F8EA
:10762000C02000BF1837BD4680BD00BFE172000812
:1076300080B592B000AF78607B68103B7B647B6C58
:107640003B64214BFB63EFF31183BB63BB6B7B6339
:1076500010233B633B6B83F3128800BFBFF36F8F34
:1076600000BF7B6BFB60FB6BFB6200BFFB6BBB6215
:1076700000BFFB68BB6100237B613B6C0C330321C3
:1076800018460CF037F80346002B08D07B6C9B6A39
:107690007B6107F114031946386C0CF0F2F8BB69F2
:1076A0003B61094B7B623B693B623B6AFB61FB6967
:1076B00083F3118800BFBFF36F8F00BF00BF00BF0F
:1076C00000BF4837BD4680BDF815002480B586B0A0
:1076D00000AFF860B960C7E9002301237B61BB6894
:1076E0003B61D7E900234FF000004FF000018B42CF
:1076F00008BF824205D1F96838690CF0C2F8034628
:1077000012E03B690C33032118460BF0CEFFFB68F7
:107710001A68BB689A62BB6803F11000D7E90023BE
:10772000034902F031F87B6918461837BD4680BD21
:107730003176000880B590B000AF786039600023E2
:1077400087F83F307B68BB63BB6B0C330321184663
:107750000BF0D0FF0346002B3AD02DE03B681B68AE
:107760003B611E4BFB613B69BB61BB697B617B6914
:1077700083F3118800BFBFF36F8F00BF00BF00BF4E
:10778000164B7B63EFF311833B633B6BFB62102370
:10779000BB62BB6A83F3128800BFBFF36F8F00BF69
:1077A000FB6AFB607B6B7B6200BF7B6B3B6200BF55
:1077B000FB681A463B681A607B681033184602F073
:1077C000E3F8034613F10B0FC8D0012387F83F30CD
:1077D00097F83F3018464037BD4680BDF815002465
:1077E00080B592B000AFF860B960C7E900231F4BC5
:1077F0007B63EFF311833B633B6BFB621023BB6244
:10780000BB6A83F3128800BFBFF36F8F00BFFB6AB0
:10781000BB617B6B7B6200BF7B6B3B6200BFBB6964
:10782000FB6107F11C031946B868FFF783FF07F1F6
:107830000C00D7E90023B968FFF748FF7864FB69BB
:107840007B610A4B3B647B69FB63FB6BBB63BB6B7C
:1078500083F3118800BFBFF36F8F00BF00BF00BF6D
:107860007B6C18464837BD4680BD00BFF815002424
:1078700080B586B000AFF860C7E90023D7E90023E0
:10788000F9680448FFF7ACFF78617B691846183740
:10789000BD4680BDD80D002480B590B000AF7860A3
:1078A0001B4BFB62EFF31183BB62BB6A7B6210234D
:1078B0003B623B6A83F3128800BFBFF36F8F00BF48
:1078C0007B6A3B61FB6AFB6100BFFB6ABB6100BF77
:1078D0003B697B6107F11403194678680CF074F872
:1078E000F8637B69FB600A4BBB63FB687B637B6B64
:1078F0003B633B6B83F3118800BFBFF36F8F00BF07
:1079000000BF00BFFB6B18464037BD4680BD00BFBF
:10791000F815002400B585B00390CDE90023039B42
:1079200003F11800DDE90023044901F02DFF0246B0
:107930000B461046194605B05DF804FB698B00083C
:1079400000B583B001900091019B002B02D1064B42
:107950009B680193009901980CF015F900231846D3
:1079600003B05DF804FB00BFD415002490B0039071
:10797000029101920093039B029A1A66039B019A5B
:107980005A66039B009A9A66039B109ADA661A4B12
:107990000C93EFF311830B930B9B0A931023099322
:1079A000099B83F3128800BFBFF36F8F00BF0A9B50
:1079B00005930C9B089300BF0C9B079300BF059B8E
:1079C00006930E4B1A6A039B1A670C4A039B1362B9
:1079D000069B0493084B0F93049B0E930E9B0D93F1
:1079E0000D9B83F3118800BFBFF36F8F00BF00BFF3
:1079F00000BF00BF10B070470C160024D41500243F
:107A000000B58BB0079006910592049307980CF08F
:107A100088F907980CF08AF9109A069907980CF0E3
:107A20008AF9079B583318460CF095F80798109B75
:107A300004220F990CF0DEF9059A069907980CF0CC
:107A400038F90990079BA83318460BF0E5FF079B10
:107A50000022C3F8B020079B93F90E20079B83F800
:107A6000B420069907980CF056F9069907980CF07F
:107A700069F90E9B02930D9B01930C9B0093049B51
:107A8000099A06990798FAF769F9079B00225A653F
:107A900007980CF05DF907980CF05FF90E9B0093C6
:107AA0000D9B0C9A04990798FFF760FF11990798AE
:107AB0000CF058F907980CF061F9114B9B68002BFA
:107AC00005D1079B0022C3F8A020099B14E0109960
:107AD00007980CF058F907980CF05BF9084B9B6875
:107AE000D3F8A020079BC3F8A02007980CF056F904
:107AF00007980CF058F9099B18460BB05DF804FB89
:107B0000D415002400B583B00190019B01221A74A2
:107B1000019B01229A81019BA83318460BF07CFF40
:107B2000019B0022C3F8B020019B93F90E20019B1A
:107B300083F8B420019B0022C3F89420019B00220B
:107B4000C3F89820019B0022C3F8A020034A019BA0
:107B5000936000BF03B05DF804FB00BFD4150024A0
:107B600000B591B00190234B0F93EFF311830E9367
:107B70000E9B0D9310230C930C9B83F3128800BF74
:107B8000BFF36F8F00BF0D9B03930F9B0B9300BF41
:107B90000F9B0A9300BF039B00BF069301980BF055
:107BA000B6FF0346002B0CD001980BF079FF01982B
:107BB0000BF0BBFF019800F07FF9069800F090FEF3
:107BC00013E0069B0593059B04930A4B0993049BC2
:107BD0000893089B0793079B83F3118800BFBFF3AB
:107BE0006F8F00BF00BF00BF00BF00BF11B05DF8C6
:107BF00004FB00BF0016002400B593B0019001986B
:107C00000BF09FFF03468DF84730284B1093EFF39E
:107C100011830F930F9B0E9310230D930D9B83F3F2
:107C2000128800BFBFF36F8F00BF0E9B0293109BA3
:107C30000C9300BF109B0B9300BF029B00BF0593EA
:107C400001980BF056FF0346002B13D0059B0493BD
:107C5000049B0393154B0A93039B0993099B089379
:107C6000089B83F3118800BFBFF36F8F00BF00BF75
:107C700000BF17E001220599019800F041FC9DF832
:107C80004730002B0ED000230793079B0693069BDB
:107C900083F3118800BFBFF36F8F00BF00BF0423C1
:107CA000184602DF13B05DF804FB00BF0016002485
:107CB00000B585B00390CDE90023039B03F11800C4
:107CC000DDE90023044901F05FFD02460B46104642
:107CD000194605B05DF804FB698B000886B0019079
:107CE000019B0493124B9B68049AC3F8B820104B75
:107CF0009B686FF00A02C3F8BC200E4B5B680D4A0C
:107D000043F08053536000230393039B0293029B31
:107D100083F3118800BFBFF36F8F00BF00BF044B18
:107D20009B68D3F8BC300593059B184606B0704796
:107D3000D415002400ED00E000B587B00190084B99
:107D40000593019B0393059B049300BF039B184677
:107D5000FFF7C4FF0346184607B05DF804FB00BFF9
:107D60000016002400B591B0514B0793514B9B680E
:107D7000194607980CF097F806904E4B9B681846EA
:107D80000CF0DCF826E0069B05934A4B9B680493B5
:107D9000059B0393049B93F90E300293039B93F985
:107DA0000E300193029A019B9A4203D0019A029BE2
:107DB000D31A00E00023002B07DD059B3D4A9268A3
:107DC000114618460CF0A5F80DE0069907980CF03E
:107DD0006AF80690069B002BD5D1364B9B68194656
:107DE00007980CF081F800BF01230F93304B0E93DE
:107DF00000230D930E980CF045F80C900C9B002B73
:107E000001D00C9B0D930D9B00BF0B930B980CF0B6
:107E1000EFF90B900B9B002B02D1264BDB6800E0A7
:107E20000B9B0A930A9B09930F9B0893089B002BBB
:107E300001D0012322E01F4B9B6818460CF005F986
:107E40000346002B01D0012318E01A4B9B6818460B
:107E50000CF0BFF80346002B05D109980CF0C5F8CB
:107E60000346002B01D0012308E009980CF0FFF82D
:107E70000346002B01D0012300E00023002B0ED08D
:107E80000C4B9B680A9A9A4202D00A980CF03EFB6F
:107E90000A980CF0A8F9074A0A9B536103E0054BC6
:107EA0009B68044A536100BF00BF11B05DF804FB3A
:107EB000EC150024D415002400B595B0019001986C
:107EC0000CF013F9034683F00103DBB2002B00F042
:107ED000C68001980CF0E3F80346002B00F0BF8049
:107EE000019B0B930B980CF00CF90B980CF075F9A7
:107EF0000346002B52D00B9B0A930A9B09935A4BC3
:107F000008930A9B079308980BF0BCFF0346002BCD
:107F100004D008980BF0B6FF034600E00023069358
:107F200033E0079B0593069B0493059B93F90E3062
:107F30000393049B93F90E300293039A029B9A4297
:107F400003D0029A039BD31A00E00023002B06DD26
:107F5000069B079A114618460BF0DBFF1DE0069BB7
:107F6000002B10D0069B194608980BF0ABFF034678
:107F7000002B06D0069B194608980BF0A3FF03467A
:107F800002E0002300E000230693069B002BC8D1EB
:107F9000079B194608980BF0A7FF00BF00BF0023FE
:107FA0001393314B12930023119312980BF06AFF35
:107FB0001090109B002B01D0109B1193119B00BFC0
:107FC0000F930F980CF014F90F900F9B002B02D118
:107FD000264BDB6800E00F9B0E930E9B0D93139BCB
:107FE0000C930C9B002B01D0012322E01F4B9B68BC
:107FF00018460CF02AF80346002B01D0012318E0A4
:108000001A4B9B6818460BF0E4FF0346002B05D182
:108010000D980BF0EAFF0346002B01D0012308E086
:108020000D980CF024F80346002B01D0012300E04A
:108030000023002B0ED00D4B9B680E9A9A4202D063
:108040000E980CF063FA0E980CF0CDF8074A0E9BD0
:10805000536103E0054B9B68044A536100BF00BFB6
:1080600015B05DF804FB00BFEC150024D415002406
:1080700000B591B00190002306931F4B0F93EFF3CF
:1080800011830E930E9B0D9310230C930C9B83F383
:10809000128800BFBFF36F8F00BF0D9B03930F9B30
:1080A0000B9300BF0F9B0A9300BF039B05931BE03C
:1080B00001980CF0ADF80346002B02D10198FFF7B0
:1080C000FBFE059B04930C4B0993049B0893089BB0
:1080D0000793079B83F3118800BFBFF36F8F00BF27
:1080E00000BF00BF01230693069B002BE0D000BF1A
:1080F00000BF11B05DF804FB0016002400B591B07C
:10810000019001980BF0F1FF0346002B19D0019B61
:108110000F930F980CF001F80F980CF05EF80346DF
:10812000002B0DD00F9B0E930E9B0D933A4A0E9B86
:108130000C930B920C9B18460BF011FF00BF00BF75
:1081400000BF364B9B68019A9A420CBF0123002363
:10815000DBB20A93304B09930023089309980BF084
:1081600091FE0790079B002B01D0079B0893089B6B
:1081700000BF069306980CF03BF80690069B002B78
:1081800002D1264BDB6800E0069B0593059B049318
:108190000A9B0393039B002B01D0012322E01F4B7A
:1081A0009B6818460BF051FF0346002B01D00123BA
:1081B00018E01A4B9B6818460BF00BFF0346002B88
:1081C00005D104980BF011FF0346002B01D00123C9
:1081D00008E004980BF04BFF0346002B01D001236D
:1081E00000E00023002B0ED00C4B9B68059A9A42AE
:1081F00002D005980CF08AF905980BF0F4FF074AB5
:10820000059B536103E0054B9B68044A536100BF23
:1082100000BF11B05DF804FBEC150024D415002458
:1082200010B5ACB0019000919D4B9B6818460BF0C7
:10823000FEFE0346002B00F01E81994B9C68984B74
:108240009B6818460BF0E5FE0346002B01D008237F
:1082500000E010232A948DF8A7306B462893002362
:108260008DF89F302A9B1A7C9DF8A7301340DBB213
:10827000002B40F000812A9B1A7C9DF8A730134305
:10828000DAB22A9B1A742A980BF02FFF0346002BB0
:1082900019D02A9B269326980BF03FFF26980BF0C7
:1082A0009CFF0346002B0DD0269B2593259B2493F2
:1082B0007C4A259B23932292239B18460BF04FFE6A
:1082C00000BF00BF00BF9DF8A730082B5BD12A9BE1
:1082D0009B68002B02D02A980BF059FF289B002B9B
:1082E00039D031E0289B1B680593059B04936E4BA6
:1082F0002193049B2093209B1F931F9B83F3118842
:1083000000BFBFF36F8F00BF00BF00BF00BF664B51
:108310001E93EFF311831D931D9B1C9310231B933E
:108320001B9B83F3128800BFBFF36F8F00BF1C9BA2
:1083300003931E9B1A9300BF1E9B199300BF039BC0
:1083400000BF1A46289B1A602A980BF035FE034698
:1083500013F10B0FC6D02A9B583318460CF04DF87A
:108360004F4B9B682A9A9A420DD1EFF305831893DD
:10837000189B002B14BF01230023DBB2002B02D07B
:1083800001238DF89F3001231793464B169300234A
:10839000159316980BF076FD1490149B002B01D0CA
:1083A000149B1593159B00BF139313980BF020FF9C
:1083B0001390139B002B02D1394BDB6800E0139B19
:1083C0001293129B1193179B1093109B002B01D0BB
:1083D000012322E0324B9B6818460BF036FE034621
:1083E000002B01D0012318E02D4B9B6818460BF0A1
:1083F000F0FD0346002B05D111980BF0F6FD034666
:10840000002B01D0012308E011980BF030FE034649
:10841000002B01D0012300E00023002B0ED0204BC5
:108420009B68129A9A4202D012980CF06FF8129838
:108430000BF0D9FE1A4A129B536103E0184B9B685C
:10844000174A536100BF9DF8A730102B03D12A981B
:108450000BF0D9FE0FE02A9805F09CFA2A9801F05B
:108460007DF89DF89F30002B02D01048FFF74AFBA3
:108470002A980BF0C8FE009B0793079B06930A4BB4
:108480000F93069B0E930E9B0D930D9B83F3118808
:1084900000BFBFF36F8F00BF00BF00BF00BF25E06C
:1084A000D4150024EC15002400160024F80C002438
:1084B000EFF311830A930A9B099310230893089BF7
:1084C00083F3128800BFBFF36F8F00BF099B2B930C
:1084D0000AF0D2FA2B9B0C930C9B0B930B9B83F310
:1084E000118800BFBFF36F8F00BF00BF01980BF072
:1084F0009EFD0346002BDBD100BF00BF2CB010BD9A
:1085000000B5BBB00390029113468DF80730039B72
:108510005833399303980BF071FE03980BF078FEF3
:108520003890389B002B2ED0039B1B7C9DF8072096
:10853000002A01D0202200E040221343DAB2039B3C
:108540001A74EFF305833793379B002B14BF012375
:108550000023DBB2002B04D002990398FFF760FEE2
:1085600008E08E4B9B68399918460BF0ABFE0298D9
:10857000FFF7E2FB00BF03980BF01EFD034613F16B
:108580000B0FF8D08FE19DF80730002B01D00822A7
:1085900000E01022039B369313468DF8D73002ABD0
:1085A000349300238DF8CF30369B1A7C9DF8D7305A
:1085B0001340DBB2002B40F00781369B1A7C9DF8FC
:1085C000D7301343DAB2369B1A7436980BF08DFD10
:1085D0000346002B19D0369B329332980BF09DFD49
:1085E00032980BF0FAFD0346002B0DD0329B3193ED
:1085F000319B30936A4A319B2F932E922F9B1846C2
:108600000BF0ADFC00BF00BF00BF9DF8D730082BBA
:108610005BD1369B9B68002B02D036980BF0B7FDE0
:10862000349B002B39D031E0349B1B680793079BA8
:1086300006935C4B2D93069B2C932C9B2B932B9B8F
:1086400083F3118800BFBFF36F8F00BF00BF00BF6F
:1086500000BF544B2A93EFF311832993299B28934E
:1086600010232793279B83F3128800BFBFF36F8FDC
:1086700000BF289B05932A9B269300BF2A9B259326
:1086800000BF059B00BF1A46349B1A6036980BF05A
:1086900093FC034613F10B0FC6D0369B5833184694
:1086A0000BF0ABFE3D4B9B68369A9A420DD1EFF32F
:1086B00005832493249B002B14BF01230023DBB2EA
:1086C000002B02D001238DF8CF3001232393344BAC
:1086D00022930023219322980BF0D4FB2090209B1F
:1086E000002B01D0209B2193219B00BF1F931F983B
:1086F0000BF07EFD1F901F9B002B02D1274BDB68E8
:1087000000E01F9B1E931E9B1D93239B1C931C9B91
:10871000002B01D0012322E0204B9B6818460BF070
:1087200094FC0346002B01D0012318E01B4B9B68EF
:1087300018460BF04EFC0346002B05D11D980BF09C
:1087400054FC0346002B01D0012308E01D980BF0D8
:108750008EFC0346002B01D0012300E00023002BF8
:108760000ED00E4B9B681E9A9A4202D01E980BF0B8
:10877000CDFE1E980BF037FD084A1E9B536103E0A7
:10878000064B9B68054A536100BF9DF8D730102BFC
:108790000AD136980BF037FD16E000BFD41500243F
:1087A000EC15002400160024369805F0F3F83698EE
:1087B00000F0D4FE9DF8CF30002B02D03C48FFF7EC
:1087C000A1F936980BF01FFD3A4B9B68039A9A4229
:1087D00055D1EFF305831B931B9B002B14BF012383
:1087E0000023DBB283F00103DBB2002B47D00398F8
:1087F0000BF0C3FC0346002B3DD0029B0A930A9B5F
:1088000009932D4B1293099B1193119B1093109B6D
:1088100083F3118800BFBFF36F8F00BF00BF00BF9D
:1088200000BF00231493149B1393139B83F31188AD
:1088300000BFBFF36F8F00BF00BF0423184602DFE5
:108840001D4B1A93EFF311831993199B189310235F
:108850001793179B83F3128800BFBFF36F8F00BF7E
:10886000189B08931A9B169300BF1A9B159300BF81
:10887000089B00BF02930298FFF75EFA13E0029B89
:108880000C930C9B0B930C4B0F930B9B0E930E9B1B
:108890000D930D9B83F3118800BFBFF36F8F00BF53
:1088A00000BF00BF00BF00BF3BB05DF804FB00BFCE
:1088B000F80C0024D41500240016002482B0074BC5
:1088C0005B690193054B9B68019A9A4214BF01238F
:1088D0000023DBB2184602B0704700BFD415002455
:1088E00000B583B00190019902480BF0BAFC03B0C7
:1088F0005DF804FB0016002400B58BB00190002346
:108900000993324B08930023079308980BF0BAFAA7
:108910000690069B002B01D0069B0793079B00BF88
:10892000059305980BF064FC0590059B002B02D184
:10893000274BDB6800E0059B0493049B0393099B92
:108940000293029B002B01D0012322E0204B9B6865
:1089500018460BF07AFB0346002B01D0012318E0E8
:108960001B4B9B6818460BF034FB0346002B05D1CC
:1089700003980BF03AFB0346002B01D0012308E0DB
:1089800003980BF074FB0346002B01D0012300E099
:108990000023002B0ED00E4B9B68049A9A4202D003
:1089A00004980BF0B3FD04980BF01DFC084A049BDF
:1089B000536103E0064B9B68054A536100BF019871
:1089C000FFF78EFF00BF0BB05DF804FBEC15002431
:1089D000D415002400B599B0604B0893EFF31183D0
:1089E0000793079B069310230593059B83F3128837
:1089F00000BFBFF36F8F00BF069B0193089B0493DA
:108A000000BF089B039300BF019B00BF0293544B20
:108A10000F93544B9B6819460F980BF044FA0E9035
:108A2000504B9B6818460BF089FA26E00E9B0D937D
:108A30004C4B9B680C930D9B0B930C9B93F90E3046
:108A40000A930B9B93F90E3009930A9A099B9A4259
:108A500003D0099A0A9BD31A00E00023002B07DDFC
:108A60000D9B404A9268114618460BF052FA0DE0F1
:108A70000E990F980BF017FA0E900E9B002BD5D184
:108A8000384B9B6819460F980BF02EFA00BF012354
:108A90001793334B16930023159316980BF0F2F9A6
:108AA0001490149B002B01D0149B1593159B00BFB1
:108AB000139313980BF09CFB1390139B002B02D184
:108AC000284BDB6800E0139B1293129B1193179BBA
:108AD0001093109B002B01D0012322E0214B9B68B7
:108AE00018460BF0B2FA0346002B01D0012318E020
:108AF0001C4B9B6818460BF06CFA0346002B05D103
:108B000011980BF072FA0346002B01D0012308E004
:108B100011980BF0ACFA0346002B01D0012300E0C2
:108B20000023002B0ED00F4B9B68129A9A4202D062
:108B300012980BF0EBFC12980BF055FB094A129BB4
:108B4000536103E0074B9B68064A536100BF0298DC
:108B5000FFF7F2F800BF19B05DF804FB001600241F
:108B6000EC150024D415002400B591B00190019BB0
:108B7000183B0F9300230593204B0E93EFF31183C3
:108B80000D930D9B0C9310230B930B9B83F3128877
:108B900000BFBFF36F8F00BF0C9B02930E9B0A9325
:108BA00000BF0E9B099300BF029B04931EE0019837
:108BB00000F04EFF034683F00103DBB2002B02D02E
:108BC0000F980BF0F5FB049B03930C4B0893039B4E
:108BD0000793079B0693069B83F3118800BFBFF39F
:108BE0006F8F00BF00BF00BF01230593059B002BC3
:108BF000DDD000BF00BF11B05DF804FB00160024FB
:108C000000B591B0039002910192EFF305830F93A9
:108C10000F9B002B14BF01230023DBB2002B0ED0CF
:108C200000230E930E9B0D930D9B83F3118800BFC1
:108C3000BFF36F8F00BF00BF0423184602DF174B3E
:108C40009B68174A1360174B0B93EFF311830A933A
:108C50000A9B099310230893089B83F3128800BF93
:108C6000BFF36F8F00BF099B05930B9B079300BF5A
:108C70000B9B069300BF00BF084B9868DDE91223E9
:108C800001990BF082FB039B0C9300BF0298FFF746
:108C900053F80346184611B05DF804FBD4150024C0
:108CA000081600240016002400B5B5B0019000910C
:108CB00000238DF8CF30019B93F90E3032930023BF
:108CC0000693964B3093EFF311832F932F9B2E93A4
:108CD00010232D932D9B83F3128800BFBFF36F8F5A
:108CE00000BF2E9B0393309B2C9300BF309B2B9394
:108CF00000BF039B05936BE101980BF0D0F903468D
:108D00008DF8CF309DF8CF30002B00F0DD80019B37
:108D1000209320980BF001FA20980BF05EFA03469E
:108D2000002B0DD0209B1F931F9B1E937C4A1F9BE3
:108D30001D931C921D9B18460BF011F900BF00BF3C
:108D400000BF009B5AB2019B9A73019B2A932A98F9
:108D50000BF0D7F92A980BF040FA0346002B52D0BB
:108D60002A9B2993299B28936D4B2793299B269314
:108D700027980BF087F80346002B04D027980BF0B8
:108D800081F8034600E00023259333E0269B2493DB
:108D9000259B2393249B93F90E302293239B93F9D5
:108DA0000E302193229A219B9A4203D0219A229B32
:108DB000D31A00E00023002B06DD259B269A1146DE
:108DC00018460BF0A6F81DE0259B002B10D0259B24
:108DD000194627980BF076F80346002B06D0259B02
:108DE000194627980BF06EF8034602E0002300E0D6
:108DF00000232593259B002BC8D1269B1946279835
:108E00000BF072F800BF00BF01231B93444B1A9371
:108E1000002319931A980BF035F81890189B002B23
:108E200001D0189B1993199B00BF179317980BF04B
:108E3000DFF91790179B002B02D13A4BDB6800E05B
:108E4000179B1693169B15931B9B1493149B002B37
:108E500001D0012322E0334B9B6818460BF0F5F854
:108E60000346002B01D0012318E02E4B9B681846C7
:108E70000BF0AFF80346002B05D115980BF0B5F8B1
:108E80000346002B01D0012308E015980BF0EFF802
:108E90000346002B01D0012300E00023002B0ED05D
:108EA000204B9B68169A9A4202D016980BF02EFB24
:108EB00016980BF098F91B4A169B536175E0194BF5
:108EC0009B68184A536170E001980BF094F80346D0
:108ED000002B66D0019B0A930A9B9B683193319BC0
:108EE000019A0C920B930C9B18460BF038F800BFBC
:108EF000009B5AB2019B9A73319B1393019B12936F
:108F000013980AF0BFFF0346002B04D013980AF011
:108F1000B9FF034600E00023119339E00016002456
:108F2000EC150024D4150024129B1093119B0F9371
:108F3000109B93F90E300E930F9B93F90E300D9307
:108F40000E9A0D9B9A4203D00D9A0E9BD31A00E005
:108F50000023002B06DD119B129A114618460AF0D9
:108F6000D8FF22E0119B002B10D0119B19461398BB
:108F70000AF0A8FF0346002B06D0119B1946139850
:108F80000AF0A0FF034602E0002300E00023119353
:108F9000119B002BC8D1129B194613980AF0A4FF0D
:108FA00003E0009B5AB2019B9A73059B04930D4BFF
:108FB0000993049B0893089B0793079B83F31188ED
:108FC00000BFBFF36F8F00BF00BF00BF0123069338
:108FD000069B002B3FF490AE9DF8CF30184635B07D
:108FE0005DF804FB0016002400B585B00390CDE9C0
:108FF0000023039B03F11800DDE90023044900F07E
:10900000C3FB02460B461046194605B05DF804FB4B
:10901000698B000886B00190019B0493124B9B68FA
:10902000049AC3F8B820104B9B686FF00A02C3F88B
:10903000BC200E4B5B680D4A43F080535360002305
:109040000393039B0293029B83F3118800BFBFF33A
:109050006F8F00BF00BF044B9B68D3F8BC300593F3
:10906000059B184606B07047D415002400ED00E0BB
:1090700000B587B00190084B0593019B0393059BB6
:10908000049300BF039B1846FFF7C4FF034618462E
:1090900007B05DF804FB00BF0016002430B58FB0A8
:1090A000CDE90001DDE900234FF000004FF00001A1
:1090B0008B4208BF824206D10BF0C5F94FF0000485
:1090C0004FF0000556E02E4B0A93EFF311830993FE
:1090D000099B089310230793079B83F3128800BF13
:1090E000BFF36F8F00BF089B03930A9B069300BFDB
:1090F0000A9B059300BF039B00BF0493214B9B6811
:10910000214A13601F4B9B681846FEF7F7FF1D4B63
:109110009968DDE900230846FFF766FF02460B4623
:1091200013460C93174B9B6818460BF091F9049863
:10913000FFF79EFFDDE900234FF0FF304FF0FF31D6
:109140008B4208BF824204D14FF0FF344FF0FF350D
:1091500010E00BF09AFB02460C9B9B1A0B930B9BA7
:109160000D930D9B002B01DA00230D930D9BDA1755
:109170001C46154622462B46104619460FB030BDF8
:1091800000160024D41500240816002480B582B0EF
:1091900000AF054B7B6078680BF066F900BF00BF3D
:1091A0000837BD4680BD00BFEC15002480B48FB0E9
:1091B00000AF00233B611E4B7B63EFF311833B63E6
:1091C0003B6BFB621023BB62BB6A83F3128800BF58
:1091D000BFF36F8F00BFFB6A7B607B6B7B6200BF5E
:1091E0007B6B3B6200BF7B68FB6018E0114B9B68A8
:1091F000DA7B013AD2B2DA73FB68BB600C4BFB61DD
:10920000BB68BB61BB697B617B6983F3118800BF6D
:10921000BFF36F8F00BF00BF00BF01233B613B69FD
:10922000002BE3D000BF00BF3C37BD4680BC704779
:1092300000160024D415002480B588B000AF144B6C
:10924000FB61EFF31183BB61BB697B6110233B6161
:109250003B6983F3128800BFBFF36F8F00BF7B6948
:109260003B60FB69FB6000BFFB69BB6000BF3B6804
:1092700000BF7B60074B9B68DA7B0132D2B2DA73A6
:109280007868FFF739FB00BF2037BD4680BD00BFBF
:1092900000160024D415002480B400AF024B9B6854
:1092A0001846BD4680BC7047D415002480B588B0F0
:1092B00002AFF860B9607A60D7E90823CDE90023EE
:1092C0007A68B968F868FFF79BFC7861BB6A002B85
:1092D00004D0054B9B685A69BB6A1A607B691846C3
:1092E0001837BD4680BD00BFD415002480B483B0BC
:1092F00000AF78607B68054A93420CBF01230023CE
:10930000DBB218460C37BD4680BC7047380C0024D1
:1093100080B485B000AF7860044B1B68FB60FB68CD
:1093200018461437BD4680BC704700BFD0010024EA
:1093300080B582B000AF786078680BF0B4F803466F
:10934000002B0BD17868FFF7D1FF0346002B05D126
:109350007868FFF7DDFF0346002B01D1002319E0F9
:1093600078680BF090F80346002B12D07B6893F9D5
:109370000E301A46094B1B68194610460BF0B8F818
:10938000034683F00103DBB2002B02D0044B1B68C1
:1093900000E0002318460837BD4680BD00160024B3
:1093A000D001002480B485B000AF78607B68084AA3
:1093B0009B1ADB10074A02FB03F3FB60064AFB68BB
:1093C000134401221A7000BF1437BD4680BC704799
:1093D000B80D0024ABAAAAAA04160024B0B584B024
:1093E00000AF7860184B1B7CFB60FA6813465B008B
:1093F0001344DB00154A1344184600F0C5FA7B6895
:10940000002B17D0124AFB6813441B781A467B685E
:109410009B1ABB60FA6813465B001344DB000B4ADF
:109420009818BB68DA171C46154622462B46094990
:1094300000F0AAF9064AFB68134400221A7000BF24
:109440001037BD46B0BD00BFD4150024B80D0024B0
:1094500004160024A593000880B594B000AF3B4BE0
:109460007B64EFF311833B643B6CFB631023BB63B2
:10947000BB6B83F3128800BFBFF36F8F00BFFB6B22
:109480003B607B6C7B6300BF7B6C3B6300BF3B68D6
:1094900000BF7B612E4B9B68BB642E4B1B68BA6C74
:1094A0009A4216D1B86C0BF031F87B69BB60BB688F
:1094B0007B60264BFB627B68BB62BB6A7B627B6A1C
:1094C00083F3118800BFBFF36F8F00BF00BF00BFE1
:1094D00039E0204B00221A600023FB641C4B1B7CEC
:1094E0001A461D4B9B5C002B03D0B86CFFF720FF86
:1094F000F864FB6C002B12D0B86C0AF0D4FF034662
:1095000083F00103DBB2002B09D0FEF72BFC104BDC
:109510005B69BA6C9A4202D1F86CFFF75FFF7B6916
:109520003B613B69FB60094B3B62FB68FB61FB698C
:10953000BB61BB6983F3118800BFBFF36F8F00BFAE
:1095400000BF00BF00BF5037BD4680BD00160024DD
:10955000D4150024081600240416002480B491B009
:1095600000AF7860284BBB63EFF311837B637B6BA9
:109570003B631023FB62FB6A83F3128800BFBFF3D7
:109580006F8F00BF3B6BFB60BB6BBB6200BFBB6BF5
:109590007B6200BFFB687B611C4B1B6A7A689A4246
:1095A00005D11A4B1B6A1B6F184A136215E0174B43
:1095B0001B6AFB6302E0FB6B1B6FFB63FB6B002B07
:1095C00004D0FB6B1B6F7A689A42F4D1FB6B002BC3
:1095D00003D07B681A6FFB6B1A677B693B610A4B90
:1095E0003B623B69FB61FB69BB61BB6983F311882B
:1095F00000BFBFF36F8F00BF00BF00BF00BF443785
:10960000BD4680BC704700BF0C160024D415002452
:1096100080B400AF054B1B68002B0CBF0123002357
:10962000DBB21846BD4680BC704700BFD4010024A1
:1096300080B400AF054B1B68B3F1FF3F14BF01239B
:109640000023DBB21846BD4680BC7047D40100241D
:1096500080B400AF034B1B6823F001031846BD46DE
:1096600080BC70471016002480B400AF054B1B6807
:1096700043F001031A46034B1A6000BFBD4680BC8D
:10968000704700BF1016002480B582B000AF0448B8
:109690000AF07BFF78607B6818460837BD4680BDBE
:1096A000D801002480B584B000AF78607B6819468B
:1096B00004480AF08FFFF860FB6818461037BD4673
:1096C00080BD00BFD80100242DE9B04386B000AFB3
:1096D000F860C7E90023F968D7E90023C1E902234C
:1096E000FFF7D2FF786136E07B69D3E90223F9689E
:1096F000D1E90201904271EB03031BDA7B69D3E9E4
:109700000201FB68D3E90223841A61EB03057B693C
:10971000C3E902457B69FA68114618460AF086FFDC
:10972000FFF7B2FF0246FB6893420CBF0123002300
:10973000DBB221E0FB68D3E902017B69D3E90223B4
:10974000B0EB020861EB0309FB68C3E902897869A1
:10975000FFF7A8FF78617B69002BC5D1FB6819462C
:1097600008480AF04AFFFFF78FFF0246FB68934262
:109770000CBF01230023DBB218461837BD46BDE8F5
:10978000B08300BFD80100242DE9B04FA8B000AFCE
:10979000F863B963C7E90C234FF000024FF00003F0
:1097A000C7E92623D7E90C014FF0FF344FF0FF350E
:1097B00022462B46994208BF904204D14FF0000246
:1097C0004FF00003D6E0FA6BBB6B136100233B65DF
:1097D0006B4B7B67EFF311833B673B6FFB6610239B
:1097E000BB66BB6E83F3128800BFBFF36F8F00BFF1
:1097F000FB6E7B647B6F7B6600BF7B6F3B6600BF4D
:109800007B6CFB64B0E0002387F89330D7E90C232E
:10981000002B3BDB0AF052FFC7F89400012387F8C6
:109820009330D7E90C23D7F894100020B962F8627E
:10983000D7E90A01044612EB040A43EB010BFFF7D8
:10984000E7FE034683F00103DBB2DBB200223B629A
:109850007A62D7E908341A461AEB02023A602346C4
:109860004BEB03037B60D7E90034C7E92234454B57
:10987000D3E90001D7E922238418BC6141EB03033B
:10988000FB61D7E90634C7E9263436E0D7E90C2373
:10989000104619463B4BD3E9002310EB020841EB7D
:1098A00003096FF001024FF0FF33B2EB08023A6197
:1098B00063EB09037B61D7E90434C7E92234012350
:1098C000C7F88430D7E92223C7E91E23D7F88430AC
:1098D000DA17BB60FA60D7E91E23D7E902452146B3
:1098E0008A42294673EB010101DA22462B46C7E979
:1098F0002223D7E90C23C7E92623D7E92223F86BD3
:10990000FFF7E2FE0346002B1BD0FFF791FE034654
:1099100083F00103DBB2002B13D097F8933083F070
:109920000103DBB2002B03D00AF0C8FEC7F8940095
:10993000D7F894000AF066FF03460021184608F0A5
:1099400099FEFB6CBB640E4BFB65BB6CBB65BB6DD2
:109950007B657B6D83F3118800BFBFF36F8F00BF02
:1099600000BF00BF01233B653B6D002B3FF44BAFB5
:10997000D7E9262310461946A037BD46BDE8B08F6B
:109980000C160024D00D002480B592B000AF786092
:109990006FF015037B640023BB612C4BFB63EFF37B
:1099A0001183BB63BB6B7B6310233B633B6B83F314
:1099B000128800BFBFF36F8F00BF7B6BFB60FB6B38
:1099C000FB6200BFFB6BBB6200BFFB687B6135E0E5
:1099D00078680AF05BFE034683F00103DBB2002BDC
:1099E00011D078680AF078FE034687F843300023E8
:1099F0007B6497F84330002B05D00AF05FFE0346E6
:109A000018460AF032FFFFF723FE02467B689342B6
:109A100001D1FFF729FE7B693B610C4B7B623B69FF
:109A20003B623B6AFB61FB6983F3118800BFBFF3B4
:109A30006F8F00BF00BF00BF0123BB61BB69002B5C
:109A4000C6D07B6C18464837BD4680BD0C16002436
:109A500080B491B000AF7860002387F83F300023D6
:109A60007B61224BBB63EFF311837B637B6B3B63B7
:109A70001023FB62FB6A83F3128800BFBFF36F8F72
:109A800000BF3B6BBB60BB6BBB6200BFBB6B7B6251
:109A900000BFBB683B611EE07B6843F001031A46D0
:109AA000134B1B689A420CBF0123002387F83F30F9
:109AB0003B69FB600D4B3B62FB68FB61FB69BB6173
:109AC000BB6983F3118800BFBFF36F8F00BF00BF76
:109AD00000BF01237B617B69002BDDD097F83F300D
:109AE00018464437BD4680BC704700BF0C160024A2
:109AF000101600242DE9B04394B000AF78603960AF
:109B0000444A7B681360444B00221A605FE00AF00D
:109B100022FEF864FA6C3F4B1B689A4202D93D4B17
:109B20001B68FB64F86C0AF036FEFB6CDA171C4607
:109B300015463A4BD3E9002314EB020845EB030921
:109B4000364BC3E90089334B1A68FB6CD31A314A90
:109B5000136036E0BB6C1B697B64314ABB6C1360DD
:109B60003B68FB602F4BBB62FB687B627B6A3B629E
:109B70003B6A83F3118800BFBFF36F8F00BF00BF44
:109B800000BF7B6CB86C9847264B3B64EFF31183A6
:109B9000FB63FB6BBB6310237B637B6B83F31288DC
:109BA00000BFBFF36F8F00BFBB6BBB603B6C3B6301
:109BB00000BF3B6CFB6200BFBB683B60184B0022E0
:109BC0001A600AF006FEB864BB6C002BC2D1114BC0
:109BD0001B68002B9BD1104B4FF0FF321A60002006
:109BE0000AF043FE3B683B610E4BFB613B69BB6186
:109BF000BB697B617B6983F3118800BFBFF36F8F03
:109C000000BF00BF00BFFFF727FC5037BD46BDE8CF
:109C1000B08300BF0C160024D4010024D00D002412
:109C2000101600240C1600242DE9B04390B000AFAC
:109C30004FF000024FF00003C7E90E2300233B6101
:109C4000234B7B63EFF311833B633B6BFB6210237E
:109C5000BB62BB6A83F3128800BFBFF36F8F00BF84
:109C6000FB6A7B607B6B7B6200BF7B6B3B6200BFF0
:109C70007B68FB6021E00AF021FD034600221C46C0
:109C80001546144BD3E9002314EB020845EB0309F6
:109C9000C7E90E89FB68BB600D4BFB61BB68BB610C
:109CA000BB697B617B6983F3118800BFBFF36F8F52
:109CB00000BF00BF00BF01233B613B69002BDAD02E
:109CC000D7E90E23104619464037BD46BDE8B0839C
:109CD0000C160024D00D002480B582B002AF064BD4
:109CE00000934FF0FF334FF4806204490448FDF7BE
:109CF00035FC00BFBD4680BD0C68010880640024AF
:109D0000D80D002470B586074FD08418844604E02F
:109D100003F8011B9D0704D09C4664456346F7D1B8
:109D200070BD013A0244A2EB0C02032A2FD9CCB237
:109D300004EB04240F2A04EB044438D9A2F11006E2
:109D4000350901359C464FF0000E0EF1010EAE456F
:109D5000CCE90044CCE902440CF1100CF5D326F018
:109D60000F06103312F00C0F334402F00F051AD017
:109D70002A1F032A1C6005D9A5F10802032A5C608A
:109D800088BF9C6005F0030225F003052B44541E98
:109D9000002AC5D0C9B21970002CC1D0012C59704D
:109DA00018BF997070BD2A46F1E70346BDE7154616
:109DB000DEE700BF11F0FF01034600F0030239D0D7
:109DC0008ABB026810B501EB012E0EEB0E4E8EEA37
:109DD0000204A2F1013323EA0203A4F1013222EAD0
:109DE0000402134313F0803F0FD150F8044F84EA6C
:109DF0000E0CA4F10133ACF1013223EA040322EA90
:109E00000C02134313F0803FEFD0037823B936E000
:109E100010F8013F002B32D09942F9D110BD8A428F
:109E200028D09A0729D01A7818460133002AF6D18B
:109E300010467047CAB90268A2F1013323EA02034F
:109E400013F0803F08D150F8042FA2F1013323EA28
:109E5000020313F0803FF6D003785BB110F8013FA6
:109E6000002BFBD17047990705D0184613F8012B3A
:109E7000002AF8D170471846DDE71846A1E71846D2
:109E800010BD00BF08B503468F2B00F29280DFE8BB
:109E900013F05A01580156015401520150014E016C
:109EA0004C014A01480146014401420140013E0182
:109EB0003C013A01380136013401320130012E01F2
:109EC0002C012A01280126012401220120011E0162
:109ED0001C011A01180116011401120190009000D2
:109EE00090009000900090009000900010010E01F2
:109EF00090009000900090009000900090009000E2
:109F0000900090009000900090000C010A01080160
:109F10000601040102010001FE00FC00FA00F80045
:109F2000F60090009000F40090009000F200900085
:109F30009000900090009000F000EE00EC00EA002D
:109F4000E800E6009000E400E200E00090009000ED
:109F5000DE00900090009000900090009000900033
:109F60009000DC00DA00D800D600D400D200D00087
:109F7000CE00CC00CA00C800C600C400C200C000A9
:109F8000BE00BC00BA00B800B600B400B200B00019
:109F9000AE00AC0090009000900090009000AA00ED
:109FA000900090009000A800A600A400A200A000CD
:109FB0009E00002A00F0CB806748002800F0C58092
:109FC0001846AFF30080002800F0BF8008BD63484A
:109FD00008BD634808BD634808BD634808BD6348C1
:109FE00008BD634808BD634808BD634808BD6348B1
:109FF00008BD634808BD634808BD634808BD6348A1
:10A0000008BD634808BD634808BD634808BD634890
:10A0100008BD634808BD634808BD634808BD634880
:10A0200008BD634808BD634808BD634808BD634870
:10A0300008BD634808BD634808BD634808BD634860
:10A0400008BD634808BD634808BD634808BD634850
:10A0500008BD634808BD634808BD634808BD634840
:10A0600008BD634808BD634808BD634808BD634830
:10A0700008BD634808BD634808BD634808BD634820
:10A0800008BD634808BD634808BD634808BD634810
:10A0900008BD634808BD634808BD634808BD634800
:10A0A00008BD634808BD634808BD634808BD6348F0
:10A0B00008BD634808BD634808BD634808BD6348E0
:10A0C00008BD634808BD634808BD634808BD6348D0
:10A0D00008BD634808BD634808BD634808BD6348C0
:10A0E00008BD634808BD634808BD634808BD6348B0
:10A0F00008BD634808BD634808BD634808BD6348A0
:10A1000008BD634808BD634808BD634808BD63488F
:10A1100008BD634808BD634808BD634808BD63487F
:10A1200008BD634808BD634808BD634808BD63486F
:10A1300008BD634808BD634808BD634808BD63485F
:10A1400008BD634808BD634808BD634808BDF7F70C
:10A1500071FF624A02442FE7000000008863010893
:10A16000746301085C63010848630108C063010867
:10A17000185F0108505E0108F86201082C630108AD
:10A180008C5D0108BC62010810630108346001089D
:10A19000E86301083C5C0108045C0108245D0108D7
:10A1A000245E0108145D0108FC630108685D010874
:10A1B0003C5F0108D4620108A462010874620108CE
:10A1C000506201083862010818620108F86101084C
:10A1D000C8610108A4610108886201089C63010844
:10A1E0008C610108706101085C610108406101082F
:10A1F00018610108D8600108B86001089060010882
:10A20000686001085C60010848600108246001087A
:10A210001060010800600108F05F0108D85F0108C4
:10A22000C45F0108B85F0108985F0108845F0108F6
:10A230006C5F0108C06101085C5F0108545F0108A0
:10A24000305F0108045F0108E85E0108D45E010880
:10A25000A45E0108985E0108885E0108705E01082E
:10A26000605E0108385E0108145E0108045E0108A2
:10A27000EC5D0108CC5D0108AC5D0108545D01088E
:10A28000445D0108045D0108F45C0108E05C01081C
:10A29000D45C0108BC5C0108A45C0108985C01085E
:10A2A000845C0108705C01085C5C0108305C01089A
:10A2B000205C0108F05B0108DC5B0108C05B010861
:10A2C000B45B01089C5B01088C5B0108705B0108B2
:10A2D000645B01085C5B0108145901080C00000074
:10A2E00000221146FFF7CEBD38B540EA01039B07B7
:10A2F000044622D1032A20D98C46DCF80050A5F16F
:10A30000013323EA050313F0803F61460CF1040C8E
:10A3100014D1043A032A40F8045BEED861464B1E80
:10A320004AB113F8011F00F8011B013A0029F7D1C7
:10A330000AB1FFF7E7FC204638BD20464B1EEFE789
:10A3400071B1034601EB000C01E0634506D01A46EB
:10A35000013311780029F8D1101A7047181A704784
:10A36000084670470EB470B58BB00FAC054654F874
:10A37000046B2022002102A8FFF7C4FC01238DF802
:10A380000A303146064B049302A8224606950194F2
:10A3900000F060FD0BB0BDE8704003B0704700BF37
:10A3A00079B5000870B503F01F05082D84468E4668
:10A3B00065D0C3F13703102DDCB2104644D04FEA0C
:10A3C0009C034FEA5C0243EA8E7342EACE729A180B
:10A3D0004FEA5E0141EB9E01130943EA01739A18AB
:10A3E00041EB1111130A43EA01639A1841EB112161
:10A3F000130C43EA01439B1841EB1141CB185FFA60
:10A400008CF241F100014FEAD30C4CEA417C0CEB99
:10A410008C03A2EB4303DBB2A3F10A02D2B2A5186C
:10A42000092B03F130064FEAD10E05F1300520D992
:10A430001CF1010C4EF1000E092A9ABF263300F8D8
:10A44000013B00F8015BBAE70CF00F03092B88BF52
:10A450001B194FEA1C1242EA0E724FEA1E1188BF06
:10A46000DBB2944630330A4300F8013B8E46EBD111
:10A4700070BD5CEA0E0300F8016BA0D170BD104600
:10A480000CF007034FEADC0C4CEA4E7C30334FEA09
:10A49000DE0E00F8013B5CEA0E03F1D170BD00BF97
:10A4A0002DE9F04F8378D0F804909F078BB040F1EE
:10A4B00032810B46804613F8010B0C46002800F051
:10A4C000D883002500920DE01C464146C84700286D
:10A4D00005F10105C0F21981234613F8010B00288C
:10A4E00000F01B812528EFD16678252E04F10204A7
:10A4F000EBD04FF0000BDA465F461F2F5DD97F2F60
:10A5000000F28A80A6F13003092B11D87E0600F1F3
:10A51000328114F8016B0AEB8A0A03EB4A0A47F00E
:10A520002007A6F13003002E00F0E180092BF0D9BE
:10A530002A2E00F00E812E2E00F0C381A6F14C03CE
:10A540002E2B00F22581DFE813F0610023012301A7
:10A5500023012301230123012301230123012301DB
:10A5600023012301230123012301230123012301CB
:10A5700023012301230123012301230123012301BB
:10A58000230151012301610023015D012301230106
:10A5900023012301230123012301CD0023012301F2
:10A5A000230123012301CD0047F0020714F8016BBA
:10A5B00047F00407002E00F09A80A6F12003102B2C
:10A5C000A0D801A252F823F0ADA5000805A5000807
:10A5D00005A5000823A7000805A5000805A5000893
:10A5E00005A50008E5A6000805A5000805A50008C2
:10A5F00005A50008A9A5000805A5000843A70008AF
:10A6000005A5000805A5000833A7000814F8016B8C
:10A6100047F42077002E6AD0A6F14C032E2B00F2CF
:10A62000B78001A252F823F00DA6000891A70008F8
:10A6300091A7000891A7000891A7000891A700081A
:10A6400091A7000891A7000891A7000891A700080A
:10A6500091A7000891A7000891A7000891A70008FA
:10A6600091A7000891A7000891A7000891A70008EA
:10A6700091A7000891A7000891A7000891A70008DA
:10A6800091A7000891A7000891A7000891A70008CA
:10A6900091A7000891A70008E5A7000891A7000866
:10A6A0000DA6000891A70008FDA7000891A70008C3
:10A6B00091A7000891A7000891A7000891A700089A
:10A6C00091A7000891A70008D9A8000891A7000841
:10A6D00091A7000891A7000891A7000891A700087A
:10A6E000D9A8000814F8016B002E7FF406AF0026ED
:10A6F00041462520C847002807DB30464146C84769
:10A70000002805F10205BFF6E7AE98F8023043F0E5
:10A71000040388F802304FF0FF3528460BB0BDE83F
:10A72000F08F14F8016B47F01007002E7FF445AF4F
:10A73000DDE714F8016B47F00107002E7FF43DAF11
:10A74000D5E714F8016B47F00807002E7FF435AF0A
:10A75000CDE70099780651F8042B40F1C38014F836
:10A76000016B002E00F05D82A6F13003092B0091F1
:10A7700093463FF6DDAE14F8016B0BEB8B0B03EB4E
:10A780004B0B002EB3D0A6F13003092BF3D9CFE643
:10A7900046F02003BBF1000FA3F1650204DA27F0B5
:10A7A0004007BFB24FF0000B022A33D9612B31D0E2
:10A7B000A6F16302122A00F2FC81DFE812F02E01FA
:10A7C000A500FA01FA01FA01FA01A500FA01FA015D
:10A7D000FA01FA01FA01F0014E01FA01FA01380119
:10A7E000FA01EF00FE0548BF47F4007714F8016B4B
:10A7F00047F48077002E7FF40FAF78E73B0648BF21
:10A8000047F4007714F8016B47F08007002E7FF4BF
:10A8100003AF6CE7009B03F1070B2BF0070B0BF169
:10A8200008030093BA4B4FF0070B3807514618D472
:10A83000D34516D24E461F46D14602E0834508D284
:10A84000824641462020B04700280AF1FF30F5DA61
:10A850005BE7494601350D443B46B146A5EB0A0589
:10A8600001461E4603EB0B0701944C4699462B46C6
:10A870008A4635461E4605E015F8010BA04700281C
:10A88000FFF643AFBD424146F6D14B463246A146A4
:10A890002E46D31A019C1E44AAEB0B0A3546B2443D
:10A8A0004E4605E0B047002805F10105FFF62DAF43
:10A8B000AAEB0503002B41464FF02000F2DCB14625
:10A8C0000AE67A063FF529AF14F8016B47F0400716
:10A8D000002E7FF458AF0AE714F8016B002E7FF4C6
:10A8E0000EAE04E7002AC0F2228114F8016B47F093
:10A8F0002007002E00F09581A6F13003092B00916E
:10A9000092467FF606AE13E63A06009B00F13B81C5
:10A910001A46F90552F8043B019200F1FD811846F0
:10A92000DB1727F010018AB2002B0092C0F286815B
:10A9300050EA030140F05E827B0640F1D581BBF115
:10A94000000F40F0168227F01107BBB20093594662
:10A950005B46DDF800C040F206470CF008001CEA38
:10A96000070F024600F06D820131002800F0C78118
:10A97000AAEB010A0293009B13F0020F14BF2B20D5
:10A98000202013F4806F18BF2D204146C8470028AF
:10A99000029B05F1010680F2B180B6E627F01007B0
:10A9A000BFB20A2317F080025CD017F40071009A3E
:10A9B00000F0CC80073222F00702516852F8080BF1
:10A9C000019207F0400C50EA0102CDF800C06CD1B2
:10A9D0006246002A54D0BBF1000F40F0BB803B0719
:10A9E00040F1D1815B4604AAD618234637464C462F
:10A9F0009346994605E017F8010DA0470028FFF699
:10AA000084AEBB454146F6D14B465A46A1462E443C
:10AA10001C46019B0093B61A40E7009A52F8043B8B
:10AA20008DF810304FF0010B009204ABFDE6009E54
:10AA3000384A56F8043B002B08BF134617F0400F66
:10AA400018BF5946184608BF4FF0FF310193FFF772
:10AA500077FC019B00968346E7E647F0100710233A
:10AA600078269FE7009951F8040B019117F4807143
:10AA7000A7D017F400711ABFC0B2114680B2A0E788
:10AA800027F01607BAB20092002004AA0021029211
:10AA9000FFF788FC029A831A009911F0080100F070
:10AAA0009080AAEB030A2E4628E004AA0292FFF740
:10AAB00079FC029A0099831A002973D027F00701C4
:10AAC00089B25B450091C0F2D680F90640F13F8122
:10AAD000009A02F00802002E40F0A980591C002ABA
:10AAE00000F02381AAEB010A302041460093C847B9
:10AAF0000028009B05F10106FFF607AE9B4540F3D9
:10AB00007E810BEB06054F46ED1A994607E000BF24
:10AB10001C64010814640108AE4200F084804146C0
:10AB20003020B847002806F10106F5DAEDE514F803
:10AB3000016BC2F1000A47F02807002E71D0A6F180
:10AB40003003092B00917FF6E4ACF1E452F8040BDA
:10AB5000019236E704AA002100200092FFF722FCB0
:10AB6000009A27F01701831A89B29B45009140F3A0
:10AB7000EE80002E40F02781390740F18680AAEB55
:10AB80000B0A2E46BDE7B80540F1DA80073323F003
:10AB900007031A465B6852F8080B0192C1E60823C6
:10ABA0000026FFE627F0060189B20091F9068FD44E
:10ABB00072E7782B7FF49CADC6F1780343F0100365
:10ABC000F0E60098C00740F121819A45AAEB030006
:10ABD00025DD03EB000B002900F020814FF0000A77
:10ABE000414630200093C8470028FFF68EAD009BF9
:10ABF000002E00F0AA80304641460093C847002846
:10AC0000009B05F10206BFF679AF7EE50098C70705
:10AC100040F10E81D345AAEB0B00DADB04AA824691
:10AC2000E2E6009163E54B4604AAB946DCE6991CCE
:10AC3000002A00F09180AAEB010AD1E7404263EBC1
:10AC4000430142F48063009304AA0A230292FFF7AF
:10AC5000A9FB029A831A009A500640F1C480009A18
:10AC600022F0010292B29B4559460092B8BF1946A4
:10AC70006FE6054651E5002E40F0908038073FF51D
:10AC80007EAF27F01707BAB20092594600268A45D0
:10AC900040F3D380CDE902342B464C460D4689461D
:10ACA0001F4602E0524508DA154641462020A047DB
:10ACB000002805F10102F5DA27E538462F4605465A
:10ACC0004946AAEB020A0135009A6D1A3D44D7069F
:10ACD000A146DDE9023483D4114640F20642114216
:10ACE0007FF448AE2E4609E704AA0A23002100207B
:10ACF0000292FFF757FB029A811A0B4629E65FEA98
:10AD0000CC77604632D58A45AAEB01006DDD03EBB6
:10AD1000000B104682462DE6BA054BBF58B218B25A
:10AD200043F3C01343F3C033FBE5009AD00756D575
:10AD30005145AAEB01025FDA03EB020BB2464FE783
:10AD400053F8040B0193C317EBE56E1CD6E63907E5
:10AD50006CD5AAEB030A47E6009AD20752D55145B3
:10AD6000AAEB010044DB82469B4639E78A4591DC29
:10AD7000FEE504AA0A23002000210292FFF712FB3D
:10AD8000029A831A6BE7BAF1000F7FF72BAE27F018
:10AD90001707BBB2009359465B467BE7FA0640D5DE
:10ADA00038070BF102013FF546AF8A453FF772AF16
:10ADB000AAEB010A302041460093C8470028009BB7
:10ADC000BFF619AFA1E45A4601F0080081B200288D
:10ADD0003FF41CAFAAEB0B0A2E4693468EE6514574
:10ADE000FFF658AF7EE61946B3E59B468246C1E5BD
:10ADF0001021EEE6194627E792469B46F0E63546D7
:10AE000004AAF1E55145FFF645AF14E79A45D8BFCE
:10AE1000AAEB030A7FF766AF19463BE72E468A4640
:10AE20006CE600995A4601F00800CFE719462EE774
:10AE3000D34509DA594693462CE7AAEB010A2E4678
:10AE40005CE65A468B46C1E7AAEB0B0A2E469346B0
:10AE500054E600BF2DE9F04F0D4687B015F8016BA1
:10AE6000002E00F0D3824FF00008DFF8ACA2CDE94D
:10AE70000082964681460A462F461AF8064014F08C
:10AE800008041BD1252E06D192F801B0BBF1250F85
:10AE900002F1020763D1484600F046FB021E55DB73
:10AEA000D2B2B24208F1010840F009823A46174690
:10AEB00017F8016B002EE0D100984DE0484600F0F5
:10AEC00033FB031E08F10102F0DB1AF803301C0704
:10AED00040F16F814846904600F026FB031E08F1C2
:10AEE0000102F2DAE2E73B4613F801BB1F46BBF171
:10AEF000000FE1D089485946FEF75CFF0028DBD0FF
:10AF000014F00103039300F0A980BBF16E0FCDD0C4
:10AF100000230293BBF1630F00F06381BBF15B0F71
:10AF200000F0FE80484600F0FFFA031E08F101021F
:10AF30000CDB1AF803301B0740F1A480484690460A
:10AF400000F0F2FA031E08F10102F2DA009B002B76
:10AF500014BF18464FF0FF3007B0BDE8F08FBBF1CB
:10AF60002A0F00F0AE80ABF13002D2B2092A98BFAE
:10AF7000002600F2AB8017F801BB06EB8606ABF1AA
:10AF8000300302EB4606DAB2092A44F00204F2D991
:10AF9000ABF14C022E2AAAD801A151F822F000BF31
:10AFA000F5B00008EFAE0008EFAE0008EFAE000805
:10AFB000EFAE0008EFAE0008EFAE0008EFAE0008FD
:10AFC000EFAE0008EFAE0008EFAE0008EFAE0008ED
:10AFD000EFAE0008EFAE0008EFAE0008EFAE0008DD
:10AFE000EFAE0008EFAE0008EFAE0008EFAE0008CD
:10AFF000EFAE0008EFAE0008EFAE0008EFAE0008BD
:10B00000EFAE0008EFAE0008EFAE0008EFAE0008AC
:10B0100003B10008EFAE0008D3B00008EFAE00089F
:10B02000E1B00008EFAE0008EFAE0008EFAE000898
:10B03000EFAE0008EFAE0008EFAE0008EFAE00087C
:10B04000E7AE0008EFAE0008EFAE0008EFAE000874
:10B05000EFAE0008EFAE0008E7AE0008019DBBF1BF
:10B060006E0F55F8043B029318BF01957FF452AF61
:10B070002BB114F0100200F0CB8183F80080019511
:10B080003A4614E74946ABF1640B049200F07EFAAD
:10B09000049ABBF1110F00F2C180DFE81BF0FE0043
:10B0A000BF00BF00BF00BF002901BF00BF00BF003D
:10B0B000BF00BF001501BF00BF00BF003C01BF00C3
:10B0C000FE0092F802B0D71C01244CE74FF0FF3687
:10B0D0005EE73B4644F0080413F801BB1F4606E751
:10B0E00097F800B0BBF16C0F00F07F8144F00404CE
:10B0F0000137FCE63B4644F00C0413F801BB1F4645
:10B10000F5E697F800B0BBF1680F00F0688144F0F5
:10B1100020040137EBE600BF9868010824640108A9
:10B120003A785E2A06BF01374FF0010B4FF0000B53
:10B130007C1C0025484600F0F7F93B780028A8BFA2
:10B1400008F101086BB322464FF0000C19469842F3
:10B1500003DB8842D8BF4CF0010C12F8013B03B36B
:10B16000A242F3D05D2B28D02D2BEFD112F8013B5A
:10B17000BBB1A24204D05D2B1FD02D2B00F02C813F
:10B180009E460B467146E2E7002834464946A8BF72
:10B1900008F1FF383E46049F00F0F8F9220600F15E
:10B1A000FF8099F8023013F00C0F7FF4CFAE0098B7
:10B1B000D2E6494600F0EAF978E60028C0F29D811F
:10B1C000E34500F09381029B13B103F8010B029356
:10B1D000013E4FF00105ADD10299B1B100230B70D2
:10B1E00013E014F0020F08BF0126029C46444846B3
:10B1F00000F09AF90028FFF6A9AE08F101080CB199
:10B2000004F8010BB045F2D13A46039B002B7FF4C2
:10B210004EAE009B0133DBB2009348E648460492F1
:10B2200000F082F90028C0F2EF802B2800F0308176
:10B230002D2800F013813028049A00F06281904696
:10B240001025013E06EB08034FF0000B3928049748
:10B2500026465F461C46034603D9431E43F020039F
:10B26000263B303BAB428FD2A5FB0BB113EB0B0B54
:10B2700005FB071242F10007444546F0800600F046
:10B280008C80484600F050F90028C0F286803928AA
:10B2900008F101080346E4D9DFE74846049200F0CC
:10B2A00043F9002809DB2B2800F0E6802D2800F068
:10B2B000E7803028049A52D090460A25C1E74946D3
:10B2C00000F064F9009847E64846049200F02CF933
:10B2D0000028C0F297802B2800F0A9802D2800F0CC
:10B2E000D3803028049A00F0108190460825A8E702
:10B2F0004846049200F018F90028DEDB2B2800F005
:10B30000B7802D2800F0B0803028049AD4D14FF0B7
:10B31000000B5D4626E04846029C00F005F9031E3E
:10B32000464408F1010112DB1AF80320150700F169
:10B33000F0800CB104F8013BB14200F0F0804846C7
:10B34000884600F0F1F8031E08F10101ECDA0294DE
:10B350002346002B3FF458AF00221A7054E74FF0F9
:10B360000A0B5D46B6F1010800F0A9804846049238
:10B3700000F0DAF80028049A27DB0496464640F0ED
:10B38000200CBCF1780F44F0800402F1010800F0B9
:10B390009B80002D08BF082553E734463E46049F96
:10B3A000630616D5DBF1000B66EB46025946029B9D
:10B3B000002B3FF429AFE50602D583F800B023E760
:10B3C000200718D5C3E900121EE74FF0000B904686
:10B3D0005E4632465946EAE70B462D21B7E697F816
:10B3E00001B044F03004023781E597F801B044F031
:10B3F0000C0402377BE561070FD4A2060DD5A3F834
:10B4000000B001E708251CE710251AE73046A3E540
:10B41000200705D5C3E9008231E6C3F800B0F3E6A2
:10B42000610749D4A20647D5A3F8008027E64FF06C
:10B43000080B5D46731E04933FF4B3AE484600F01C
:10B4400073F80028FFF6ADAE302808F1020223D0D1
:10B45000049E9046002D3FF430AFF2E64FF0000B13
:10B46000102544F04004E5E74FF0000B5D46F8E797
:10B470004FF0000B5D46DDE74FF00A0B5D46D9E764
:10B480004FF00A0B5D46ECE74FF0080B5D46E8E72E
:10B490004FF0000B1025CDE7023E04D190464FF04F
:10B4A000000B5E467CE74846059200F03DF8002818
:10B4B000059ABFF664AFF1E7C3F80080DFE54146C7
:10B4C0008B4690460A4672E70592BBF1000F7FF467
:10B4D000B8AE049B9E1EE2D0484600F025F8002836
:10B4E000059ADCDB02F102081025AAE6494604921F
:10B4F00000F04CF8049A08F1FF38002D7FF46CAE90
:10B500004FE64FF0000B10252CE74FF0080B5D467F
:10B5100028E74946029400F039F8029B19E70294A3
:10B520008846234615E700BF10B58378DA0704463E
:10B5300048BF00221BD5D4E85F3FC4E8512F002943
:10B54000F9D19BB233B9A36898470028A8BFC0B20D
:10B5500003DB10BD581EC0B210BDA278013014BF6D
:10B56000082304231343A3704FF0FF3010BD43F0B2
:10B5700004038370F8E700BF02690346107810B136
:10B5800001321A6170476FF0010070478B78DA075B
:10B5900016D5431C14D0BFF35B8FC0B2431CD1E857
:10B5A0005F2F002A04D1C1E85C3FBCF1000FF6D147
:10B5B000BFF35B8F04D18B7823F008038B70704747
:10B5C0004FF0FF30704700BF80B400AF00BFBD46F2
:10B5D00080BC704780B500AFF5F720FB00BF80BD91
:10B5E00080B500AFF5F74CFB00BF80BD80B500AF64
:10B5F000FFF7F0FFFFF7F4FF0023184680BD80B58A
:10B6000082B000AF7860786807F076F90346184694
:10B610000837BD4680BD80B584B000AFC7E90001E2
:10B62000D7E9000100F044F8C7E90201D7E9002397
:10B630004FF0FF304FF0FF318B4208BF824202D102
:10B640004FF0FF3304E0D7E90201F5F757F803465E
:10B6500018461037BD4680BD2DE9B04F82B000AF0F
:10B660007860796821EAE171C817884681464046CA
:10B6700049464FF000044FF000058D0045EA9075F3
:10B6800084002046294610EB080241EB090312EB27
:10B69000020A43EB030B52465B4610461946FFF77E
:10B6A000BAFF01460B4618460837BD46BDE8B08FC5
:10B6B00080B582B000AFC7E90001D7E90001FDF70E
:10B6C000EDFC02460B46104619460837BD4680BDC4
:10B6D00080B582B000AF7860786800F017F800BFDE
:10B6E0000837BD4680BD80B500AF00F01AF80246AD
:10B6F0000B46104619464FF00A024FF00003F4F7CC
:10B7000085FE02460B461046194680BD80B582B0C4
:10B7100000AF78607868FCF723FA00BF0837BD46B1
:10B7200080BD80B500AF09F0B9F802460B4610465F
:10B73000194680BD90B585B000AFF860B9607A60F9
:10B740003B60FB689B685C683B687A68B968F8682E
:10B75000A047034618461437BD4690BD80B586B055
:10B7600000AFF860B9607A606FF057037B61FB68E7
:10B770009B683B613B699B68002B06D03B699B68DB
:10B780007A68B968F868984778617B69184618370D
:10B79000BD4680BD80B582B000AF78607B689B6895
:10B7A000DB687868984703461B6818460837BD462B
:10B7B00080BD80B584B000AFF860B9607A603B604E
:10B7C0003B687A68B968F868FFF7B4FF0346184623
:10B7D0001037BD4680BD80B584B000AFF860B96059
:10B7E0007A607A68B968F868FFF7B8FF03461846C8
:10B7F0001037BD4680BD80B584B000AFF860B96039
:10B800007A607A68B968F86804F071F803461846F7
:10B810001037BD4680BD80B582B000AF78607868D3
:10B82000FFF7B8FF034618460837BD4680BD80B510
:10B8300084B000AFF860B9607A60FB68002B05D077
:10B84000BB68002B02D07B68002B02D16FF0150380
:10B8500008E0FB68D3F800317A68B968184601F04F
:10B86000C6F8034618461037BD4680BD80B584B083
:10B8700000AFF860B9607A60FB68002B05D0BB6848
:10B88000002B02D07B68002B02D16FF0150308E07B
:10B89000FB68D3F800317A68B968184601F068F897
:10B8A000034618461037BD4680BD80B584B000AF52
:10B8B000C7E90001D7E9000100F044F8C7E9020137
:10B8C000D7E900234FF0FF304FF0FF318B4208BF24
:10B8D000824202D14FF0FF3304E0D7E90201F5F7CD
:10B8E000D9F9034618461037BD4680BD2DE9B04F43
:10B8F00082B000AF7860796821EAE171C8178846A4
:10B900008146404649464FF000044FF000058D0047
:10B9100045EA907584002046294610EB080241EB69
:10B92000090312EB020A43EB030B52465B46104637
:10B930001946FFF7BAFF01460B4618460837BD46C1
:10B94000BDE8B08F80B582B000AFC7E90001D7E98C
:10B950000001FDF7A3FB02460B46104619460837C7
:10B96000BD4680BD80B500AF00F00FF802460B4623
:10B97000104619464FF00A024FF00003F4F746FD57
:10B9800002460B461046194680BD80B500AF08F050
:10B9900085FF02460B461046194680BD80B485B02F
:10B9A00000AF03460A46FB8013467B71FB88FB60B1
:10B9B0007B7943F48073BB60FB685B00FB60BB6812
:10B9C0005B00BB60BB6803F48073002B02D0FB6894
:10B9D0000133FB60FB6803F48033002B04D0FA686A
:10B9E00041F221035340FB60BB6803F48033002B1A
:10B9F000E2D0FB689BB218461437BD4680BC704746
:10BA000080B584B000AF786039600023FB607A684D
:10BA10003B681344BB600AE0FB6898B27B685A1C21
:10BA20007A601B781946FFF7B9FF0346FB607A6816
:10BA3000BB689A42F0D3FB689BB200211846FFF71F
:10BA4000ADFF0346FB60FB689BB200211846FFF781
:10BA5000A5FF0346FB60FB689BB218461037BD4646
:10BA600080BD80B584B000AF78600B46FB700023CA
:10BA70003B810023FB60FB685A1CFA6010333B4497
:10BA8000FA7803F8082C7B68D3F82835FA6807F1B0
:10BA900008017868984700BF1037BD4680BD80B464
:10BAA00083B000AF78607B68002283F812257B6842
:10BAB000002283F811257B68002283F810257B681B
:10BAC000012283F819257B680022C3F8082500BFEE
:10BAD0000C37BD4680BC704780B582B000AF78603F
:10BAE00018217868FFF7BDFF18217868FFF7B9FFC4
:10BAF0007868FFF7D4FF00BF0837BD4680BD80B52A
:10BB000082B000AF786015217868FFF7AAFF7B68E4
:10BB1000002283F810257B680022C3F808257B6883
:10BB2000B3F8143501339AB27B68A3F814257B6807
:10BB3000002283F81A2500BF0837BD4680BD80B5B6
:10BB400082B000AF78607B6893F81A35002B40F024
:10BB500086807B6893F81135022B49D0022B7ADC62
:10BB6000002B02D0012B17D075E07868F5F7A6F806
:10BB70000346002B03DA7868FFF7AEFF70E006217A
:10BB80007868FFF76EFF43217868FFF76AFF7B68EC
:10BB9000012283F8112563E07B68D3F82C35002B54
:10BBA00017D07B68D3F82C357A6802F584717A68EF
:10BBB000D2F808257868984702467B68C3F82025A4
:10BBC0007B68D3F82035002B03DA7868FFF784FF11
:10BBD00046E07B68D3F80C257B68D3F808351A4417
:10BBE0007B68C3F80C2506217868FFF73AFF37E039
:10BBF0007B6893F81235022B20D0022B26DC002B19
:10BC000002D0012B09D021E07B68012283F81225A4
:10BC100015217868FFF725FF1CE07B68FF2283F879
:10BC20001B257B68022283F8122506217868FFF71E
:10BC300018FF43217868FFF714FF0BE006217868AE
:10BC4000FFF70FFF7868FFF72AFF03E07868FFF738
:10BC500043FF00BF04E07868FFF73EFF00E000BF4D
:10BC60000837BD4680BD80B582B000AF78600B4616
:10BC7000FB70FB78012B08D17B68012283F8182523
:10BC80007B68012283F8102524E0FB78022B08D181
:10BC90007B68002283F818257B68012283F8102531
:10BCA00018E0FB78182B02D0FB781B2B08D17B689F
:10BCB0006FF08B02C3F820257868FFF70DFF09E0CD
:10BCC000FB78042B06D17B68022283F81125786863
:10BCD000FFF735FF00BF0837BD4680BD80B483B095
:10BCE00000AF78600B46FB707B68D3F80835591CB1
:10BCF0007A68C2F808157A681344FA7883F808213C
:10BD00007B6893F81835002B09D07B68D3F8083589
:10BD1000802B0ED17B68042283F8102509E07B6814
:10BD2000D3F80835B3F5806F03D17B68042283F81C
:10BD3000102500BF0C37BD4680BC704780B582B06F
:10BD400000AF78600B46FB707B6893F81B35FA7880
:10BD50009A4204D17B68012283F81A250BE07B68A4
:10BD600093F81B350133DBB2FA789A4203D0786836
:10BD7000FFF7C5FE07E07B68FA7883F81C257B682F
:10BD8000022283F810250837BD4680BD80B582B0F9
:10BD900000AF78600B46FB707B6893F81C25FB783E
:10BDA000DB43DBB29A4203D07868FFF7A8FE03E0DA
:10BDB0007B68032283F810250837BD4680BD80B418
:10BDC00083B000AF78600B46FB70FB789BB21B0220
:10BDD0009AB27B68A3F816257B68052283F81025A4
:10BDE00000BF0C37BD4680BC704780B584B000AF43
:10BDF00078600B46FB700023FB817B68B3F8162547
:10BE0000FB789BB213449AB27B68A3F816257B6833
:10BE1000002283F810257B6803F584727B68D3F8D1
:10BE2000083519461046FFF7EBFD0346FB817B689A
:10BE3000B3F81635FA899A4211D17868FFF77FFE78
:10BE40007B6893F81C257B6883F81B257B680022A0
:10BE500083F81A257B680022C3F8082502E0786879
:10BE6000FFF74DFE00BF1037BD4680BDB0B5ADF544
:10BE7000846D00AF07F58463A3F21C43186007F5D7
:10BE80008463A3F5846319600023C7F8143407F5AD
:10BE90008463A3F21C431B684FF480720021184690
:10BEA000FDF730FF07F58463A3F584631B681A6808
:10BEB00007F58463A3F21C431B68C3F8242507F528
:10BEC0008463A3F584631B685A6807F58463A3F24F
:10BED0001C431B68C3F8282507F58463A3F21C43A1
:10BEE0001B68002283F8192507F58463A3F5846392
:10BEF0001B68DA6807F58463A3F21C431B68C3F868
:10BF0000002107F58463A3F584631B689A6807F52D
:10BF10008463A3F21C431B68C3F82C2507F58463D4
:10BF2000A3F21C431B680022C3F8042107F58463B5
:10BF3000A3F21C431B680022C3F80C2507F5846399
:10BF4000A3F21C431B680022A3F8142507F58463A1
:10BF5000A3F21C431B680022C3F8202507F5846365
:10BF6000A3F21C431B68FF2283F81B2507F584639B
:10BF7000A3F21C431B68002283F81C2507F5846389
:10BF8000A3F21C431B68002283F81A2507F584637B
:10BF9000A3F21C431B680022C3F8082507F584633D
:10BFA000A3F21C431B68002283F8122507F5846363
:10BFB000A3F21C431B68002283F8112507F5846354
:10BFC000A3F21C431B68002283F8102507F5846345
:10BFD000A3F21C431B68D3F82435002B08D007F5C7
:10BFE0008463A3F21C431B68D3F82835002B02D1CD
:10BFF0006FF01503BFE0FFF7B5FC07F58363C3E9F6
:10C00000000107F58463A3F21443184640F2054388
:10C010001A460021FDF776FE75E0FFF7A3FC07F551
:10C020008363D3E90023841A61EB030542F21173A1
:10C030009C4275F1000309DB07F58463A3F21C43FE
:10C040001868FFF749FD6FF0730394E007F5846308
:10C05000A3F21C431B68B3F81435642B09D907F508
:10C060008463A3F21C431868FFF736FD6FF08A0360
:10C0700081E007F58463A3F21C431B68D3F82435E1
:10C0800007F10C0107F58462A2F21C4040F2054260
:10C0900000689847C7F81404D7F81434002B09DA5D
:10C0A00007F58463A3F21C431868FFF715FDD7F862
:10C0B000143460E0D7F81434002B10DDFFF752FC85
:10C0C00007F58363C3E9000107F10C0107F58463F9
:10C0D000A3F21C43D7F814241868F4F71FFE07F5E1
:10C0E0008463A3F21C431B6893F81135002B0AD11B
:10C0F00007F58463A3F21C4343211868FFF7B1FCE2
:10C100006420FFF7F3FB07F58463A3F21C431B686D
:10C1100093F8193583F00103DBB2002B7FF47DAF78
:10C1200007F58463A3F21C431B68D3F82035002B6A
:10C1300007DA07F58463A3F21C431B68D3F82035A4
:10C1400019E007F58463A3F21C431B68D3F80421AC
:10C1500007F58463A3F21C431B68D3F80C359A429D
:10C1600007D807F58463A3F21C431B68D3F8043196
:10C1700001E06FF04C03184607F58467BD46B0BD7B
:10C1800080B483B000AF78607B6818460C37BD463A
:10C1900080BC704780B483B000AF78607B68D3F810
:10C1A000043118460C37BD4680BC704780B586B058
:10C1B00000AFF860B9607A60FB689B687B617B695F
:10C1C000DB6A002B02D16FF0570306E07B69DB6A64
:10C1D0007A68B968F8689847034618461837BD4624
:10C1E00080BD80B586B000AFF860B9607A60FB684A
:10C1F0009B687B617B691B6B002B02D16FF057033F
:10C2000006E07B691B6B7A68B968F8689847034653
:10C2100018461837BD4680BD80B584B000AF786041
:10C220007B689B68FB60FB685B6B002B03D0FB6843
:10C230005B6B7868984700BF1037BD4680BD80B5FE
:10C2400084B000AF78607B689B68FB60FB689B6B89
:10C25000002B03D0FB689B6B7868984700BF1037B2
:10C26000BD4680BD80B584B000AF78607B689B68B8
:10C27000FB60FB68DB6B002B02D16FF0570304E01F
:10C28000FB68DB6B78689847034618461037BD4655
:10C2900080BD80B584B000AF78607B689B68FB6030
:10C2A000FB681B6C002B03D0FB681B6C78689847FD
:10C2B00000BF1037BD4680BD80B584B000AF786048
:10C2C0007B689B68FB60FB68DB6C002B02D16FF026
:10C2D000570304E0FB68DB6C786898470346184610
:10C2E0001037BD4680BD80B584B000AF78607B68F4
:10C2F0009B68FB60FB689B6D002B02D16FF05703BE
:10C3000004E0FB689B6D7868984703461846103731
:10C31000BD4680BD80B584B000AF78607B689B6807
:10C32000FB60FB68DB6D002B03D0FB68DB6D78687E
:10C33000984700BF1037BD4680BD80B586B000AFBE
:10C34000F860B9607A60FB689B687B617B69002B51
:10C350000BD07B691B6E002B07D07B691B6E7A6844
:10C36000B968F8689847002301E06FF05703184652
:10C370001837BD4680BD80B586B000AFF860B960A3
:10C380007A60FB689B687B617B691B68002B02D12C
:10C390006FF0570306E07B691B687A68B968F86834
:10C3A0009847034618461837BD4680BD90B585B0FE
:10C3B00000AFF860B9607A603B60FB689B685C68BE
:10C3C0003B687A68B968F868A0470346184614378E
:10C3D000BD4690BD90B585B000AFF860B9607A6099
:10C3E0003B60FB689B68DC683B687A68B968F86802
:10C3F000A047034618461437BD4690BD80B582B0AD
:10C4000000AF78607868FFF707FF00BF0837BD46C8
:10C4100080BD80B582B000AF78607868FFF70FFF0D
:10C4200000BF0837BD4680BD80B582B000AF7860E0
:10C430007868FFF72EFF00BF0837BD4680BD80B586
:10C4400084B000AFF860B9607A603B603B687A689E
:10C45000B968F868FFF7AAFF034618461037BD46CB
:10C4600080BD80B584B000AFF860B9607A603B6091
:10C470003B687A68B968F868FFF7ACFF034618466E
:10C480001037BD4680BD80B483B000AF78600B46E6
:10C490007B807B687A889A807B687A88DA807B6880
:10C4A0007A881A817B687A885A817B687A889A812F
:10C4B0007B687A88DA8100BF0C37BD4680BC704744
:10C4C00080B584B000AFF860B9607A60FB68BA6884
:10C4D0001A61FB687A681A600021F868FFF7D3FFD9
:10C4E00000BF1037BD4680BD80B582B000AF786018
:10C4F000786806F0CCFC034618460837BD4680BD78
:10C5000080B584B000AFF860C7E90023D7E9002305
:10C51000F868FAF787FA034618461037BD4680BD1B
:10C5200080B582B000AF78607868FAF715FC0346F2
:10C5300018460837BD4680BD80B584B000AFF860AE
:10C54000B9607A607A68B968F86806F0C8FD034691
:10C5500018461037BD4680BD80B584B000AFF86086
:10C56000C7E90023D7E90023F868FAF773FD03460B
:10C5700018461037BD4680BD80B582B000AF7860E8
:10C580007868FAF7C7FC00BF0837BD4680BD80B5A4
:10C5900094B000AF786039600023FB6407F10C03AE
:10C5A000402200211846FDF7ADFB7868FFF75AFEE0
:10C5B000F864FB6C002B04DC3B68FA6CC3F8782849
:10C5C00024E03B681433FA6C07F10C01184600F0C4
:10C5D00097FE0346FB64FB6C002B08D17868FFF7DD
:10C5E00018FF3B6828331846FFF7C6FF0EE007F137
:10C5F0000C03FA6C19467868FFF7D8FDF864FB6CF9
:10C60000002B03DC3B68FA6CC3F878285037BD4632
:10C6100080BD80B594B000AF786039600023FB64C2
:10C6200007F10C03402200211846FDF76BFB7868E8
:10C63000FFF742FEF864FB6C002B04DC3B68FA6CED
:10C64000C3F8742820E007F10C03402219467868EB
:10C65000FFF7C7FDF864FB6C002B04DC3B68FA6C49
:10C66000C3F8742810E03B68FA6C07F10C01184617
:10C6700000F012FE0346FB64FB6C002B04DD3B68FC
:10C6800038331846FFF778FF5037BD4680BD80B578
:10C6900084B000AF786039603B68FB607868FFF772
:10C6A00039FE7868FFF71FFE0346002B08DDF968A6
:10C6B0007868FFF76CFFF9687868FFF7AAFFEDE785
:10C6C00000BF00BF1037BD4680BD90B587B000AF3A
:10C6D000F860B9607A6000237B6100233B61FB68EE
:10C6E00014337A68B968184600F0D6FD03467B61BA
:10C6F0007B69002B01D17B6919E07B693B61FB6899
:10C700001B6F1846FFF77AFEFB6803F128044FF011
:10C71000FF304FF0FF3102460B462046FFF71CFF6B
:10C7200078617B69002B01DA7B6900E03B69184680
:10C730001C37BD4690BD80B586B000AFF860B960CB
:10C740007A6000237B61FB687A68B968184600F05C
:10C75000D7FD03467B617B69002B01DD7B6921E00E
:10C76000FB6803F13801FB6803F50863D3E9002394
:10C770000846FFF7F1FE78617B69002B0BDA7B69D5
:10C7800013F1100F03D07B6913F10B0F01D10023BC
:10C7900008E07B6906E0FB687A68B968184600F033
:10C7A000AFFD034618461837BD4680BD90B587B02B
:10C7B00000AFF860B9607A6000237B61FB68186F96
:10C7C0004FF0FF337A68B968FFF739FE78617B690B
:10C7D000002B01DA7B6912E0FB6803F128044FF0BB
:10C7E000FF304FF0FF3102460B462046FFF7B4FE04
:10C7F00078617B69002B01DA7B6900E07B68184671
:10C800001C37BD4690BD80B586B000AFF860B960FA
:10C810007A6000237B61FB687A68B968184600F08B
:10C820006FFD03467B617B69002B01DD7B6921E0A5
:10C83000FB6803F13801FB6803F50863D3E90023C3
:10C840000846FFF789FE78617B69002B0BDA7B696C
:10C8500013F1100F03D07B6913F10B0F01D10023EB
:10C8600008E07B6906E0FB687A68B968184600F062
:10C8700047FD034618461837BD4680BD80B584B0D5
:10C8800000AF786039600023FB607B68002B02D02A
:10C890003B68002B02D16FF0150365E07B6893F8CD
:10C8A0008838002B02D06FF077035DE078687B68F2
:10C8B00074331A464FF48061FFF702FE7B6803F180
:10C8C00014007B6803F274431A464FF48061FFF74B
:10C8D000F7FD7B682833012200211846FFF72CFE64
:10C8E0007B683833012200211846FFF725FE7B685C
:10C8F00048331846FFF7F8FD7B685C331846FFF7AE
:10C90000F3FD3B685A687B681A677B6803F5086328
:10C9100019463B68D3E90223C1E900233B681B7831
:10C92000002B02D0012B0AD013E039687868F4F7A5
:10C93000A5FAF860FB68002B0EDAFB6814E0396892
:10C940007868F4F7D3FAF860FB68002B06DAFB6826
:10C950000AE06FF0150307E000BF00E000BF7B684E
:10C96000012283F88828002318461037BD4680BD71
:10C9700090B587B000AFF860B9607A60FB68002BB3
:10C9800002D0BB68002B02D16FF015032BE0FB68CF
:10C9900093F8883883F00103DBB2002B02D06FF0EC
:10C9A000850320E07B68002B01D100231BE00023DE
:10C9B0007B61FB6803F148044FF0FF304FF0FF311B
:10C9C00002460B462046FFF79BFDFB68D3F88C38E8
:10C9D0007A68B968F86898477861FB684833184600
:10C9E000FFF79EFD7B6918461C37BD4690BD90B58C
:10C9F00087B000AFF860B9607A60FB68002B02D0A6
:10CA0000BB68002B02D16FF015032BE0FB6893F895
:10CA1000883883F00103DBB2002B02D06FF085036E
:10CA200020E07B68002B01D100231BE000237B6109
:10CA3000FB6803F15C044FF0FF304FF0FF3102461A
:10CA40000B462046FFF75CFDFB68D3F890387A6808
:10CA5000B968F86898477861FB685C331846FFF757
:10CA60005FFD7B6918461C37BD4690BD80B483B01E
:10CA700000AF78607B6847F6FF7293428CBF01235A
:10CA80000023DBB218460C37BD4680BC704780B52A
:10CA900082B000AF78607B68DB081846FFF7E6FFDE
:10CAA000034618460837BD4680BD80B582B000AF4A
:10CAB00078607B689B681846FFF7D8FF03461846E6
:10CAC0000837BD4680BD80B483B000AF78607B6816
:10CAD00018460C37BD4680BC704780B586B000AFA5
:10CAE000F860B9601346FB71F868FFF7ECFF7861F6
:10CAF000BB68DB007A6913443B61F868FFF7D5FF38
:10CB00000346002B05D0FB799B003A6913441B6850
:10CB100004E0FB795B003A6913441B881846183718
:10CB2000BD4680BD80B586B000AFF860B9603B609F
:10CB30001346FB71F868FFF7C6FF7861BB68DB003E
:10CB40007A6913443B61F868FFF7AFFF0346002B97
:10CB500006D0FB799B003A6913443A681A6006E0F4
:10CB6000FB795B003A6913443A6892B21A8000BFBD
:10CB70001837BD4680BD80B582B000AF786039609F
:10CB8000012239687868FFF7A8FF03465B0818465A
:10CB90000837BD4680BD80B586B000AFF860B9608B
:10CBA0001346FB71F868FFF78EFF7861BB68DB0006
:10CBB0007A6913443B61F868FFF777FF0346002B5F
:10CBC00014D0FB79002B08D03B6904331A683B6909
:10CBD000043342F001021A601EE03B6904331A6814
:10CBE0003B69043322F001021A6015E0FB79002B47
:10CBF00009D03B6902331A883B69023342F00102D3
:10CC000092B21A8008E03B6902331A883B6902330A
:10CC100022F0010292B21A8000BF1837BD4680BDD3
:10CC200080B584B000AFF860B9607A607B685B0063
:10CC30000122B968F868FFF775FF00BF1037BD46DD
:10CC400080BD80B582B000AF78603960022239685B
:10CC50007868FFF742FF034618460837BD4680BD97
:10CC600080B584B000AFF860B9607A607B6802225A
:10CC7000B968F868FFF756FF00BF1037BD4680BDA2
:10CC800080B584B000AFF860B9607A607B68032239
:10CC9000B968F868FFF746FF00BF1037BD4680BD92
:10CCA00080B584B000AFF860B9607A607B6800221C
:10CCB000B968F868FFF736FF00BF1037BD4680BD82
:10CCC00080B582B000AF78607868FFF7EEFE03466B
:10CCD000002B01D0082300E0042318460837BD4686
:10CCE00080BD80B582B000AF78607868FFF7CFFE76
:10CCF0000346002B01D0082300E004231846083720
:10CD0000BD4680BD80B483B000AF78607B680733D8
:10CD1000DB0818460C37BD4680BC704780B582B032
:10CD200000AF78607868FFF7CBFF03460133184601
:10CD3000FFF7E8FF034618460837BD4680BD90B5AB
:10CD400083B000AF786039607868FFF7AEFE0346C5
:10CD5000002B0CD039687868FFF70DFF044678681F
:10CD6000FFF7DCFF03469C4201D2012300E00023D1
:10CD700003F00103DBB218460C37BD4690BD80B509
:10CD800084B000AF786039607868FFF7C7FF02466B
:10CD90003B689B1A0133FB60FB68B3FA83F3C3F172
:10CDA0001F0318461037BD4680BD80B588B000AF60
:10CDB000F860B9607A607B6804339B00FA681344BA
:10CDC000FB61FB691B68002B16D1FB68DA68012147
:10CDD0007B6801FA03F31A43FB68DA60FB69BA68FF
:10CDE0001A60BA68B968F868FFF73AFFBA68B968B4
:10CDF000F868FFF745FF1BE0FB691B68BB61B96979
:10CE0000F868FFF71EFF78617A69B968F868FFF77C
:10CE100027FFBA69B968F868FFF732FFBA6879691D
:10CE2000F868FFF72DFFBA68B969F868FFF718FFCF
:10CE300000BF2037BD4680BD80B584B000AF7860AC
:10CE4000396039687868FFF77AFF034683F0010399
:10CE5000DBB2002B0ED039687868FFF78CFE0346F2
:10CE600019467868FFF78BFFF860FA6839687868C8
:10CE7000FFF79BFF00BF1037BD4680BD80B58CB06B
:10CE800000AFF860B9607A607868FFF72AFF024661
:10CE90007B689B1A7B60BB68073323F00703BB6288
:10CEA000BA687B68134423F007037B627A6ABB6A23
:10CEB000D31ADB083B62BB6AFB61FB68FA691A6044
:10CEC000FB693A6A9A60FB690022DA60396AF8699C
:10CED000FFF755FF03460133BB61BB6904339B0079
:10CEE0001846FFF70FFF78610023FB6208E0FB693B
:10CEF000FA6A0432002143F82210FB6A0133FB6214
:10CF0000FA6ABB699A42F2DB7A690021F869FFF795
:10CF100087FE00220021F869FFF7C2FE01220021EE
:10CF2000F869FFF738FE3A6A7B69D31A1A467969BD
:10CF3000F869FFF775FE7A697969F869FFF7B0FE5D
:10CF40000022396AF869FFF76BFE3A6A7B69D31AE7
:10CF50001A46396AF869FFF7A3FE0122396AF869AF
:10CF6000FFF719FE7969F869FFF766FF00BF3037F0
:10CF7000BD4680BD80B400AF00231846BD4680BCCE
:10CF8000704780B400AF00231846BD4680BC704790
:10CF900080B582B000AF786039603968786800F099
:10CFA0005EF800BF0837BD4680BD80B483B000AFD7
:10CFB0007860002318460C37BD4680BC704780B4AB
:10CFC00000AF00BFBD4680BC704780B582B000AFE7
:10CFD00078607B6803F114027B681B691946104670
:10CFE000FFF7D6FF7B6800221A6100BF0837BD46F5
:10CFF00080BD80B584B000AF786039603B68FB606D
:10D00000FB681B697A68D1B2FA6813440A461A753C
:10D01000FB681B695A1CFB681A61FB681B69002BC3
:10D0200002D1F868FFF7D1FF7B6818461037BD467C
:10D0300080BD80B582B000AF78603960FFF7A1FF96
:10D040000346002B04D039687868F3F7B7FF03E094
:10D0500039687868F3F794FF0837BD4680BD80B51E
:10D0600082B000AF7860396039687868F3F7CCFF38
:10D0700000BF0837BD4680BD0FB480B582B000AF99
:10D0800007F114037B6079683869FFF7D2FF00BFAE
:10D090000837BD46BDE8804004B0704780B485B015
:10D0A00000AF78607B689A887B689B89D31AFB8184
:10D0B0007B681A69FB89D31A18461437BD4680BCB1
:10D0C000704780B485B000AF78607B68DA887B6891
:10D0D0005B89D31AFB81FB8918461437BD4680BC97
:10D0E000704780B586B000AFF860B9607A60F868C4
:10D0F000FFF7D4FF7861FB68191D7A697B6893425A
:10D1000028BF1346BA68F86800F042F8034618468C
:10D110001837BD4680BD80B582B000AF78603960F9
:10D120007B6804333A681946786800F072F8034661
:10D1300018460837BD4680BD80B586B000AFF860A0
:10D14000B9607A60F868FFF7BCFF7861FB6803F1AB
:10D150000A017A697B68934228BF1346BA68F86867
:10D1600000F016F8034618461837BD4680BD80B556
:10D1700082B000AF786039607B680A333A6819463C
:10D18000786800F046F8034618460837BD4680BD6B
:10D1900080B489B000AFF860B9607A603B60BB686A
:10D1A0001A88BB689B88D31AFB83FA8BFB681B69C0
:10D1B0009A422CBF01230023DBB2002B05D0FB6871
:10D1C0001B699BB2FA8BD31AFB83FB681B699AB26B
:10D1D000FB8BD31ABB833B68BB61BB8BFB82FA8A98
:10D1E000BB69934228BF13463B60FB681A68FB8B00
:10D1F0001A447B681A60BB681A883B689BB2134468
:10D200009AB2BB681A803B6818462437BD4680BC7A
:10D21000704780B487B000AFF860B9607A60BB68CF
:10D220001A88BB685B88D31AFB82FB8A7A689A42A9
:10D230008CBF01230023DBB2002B02D06FF015035B
:10D2400025E0BB685A887B689BB213449AB2BB68DE
:10D250005A80BB685A88BB681A80BB685A88BB680A
:10D260009B88D31ABB82BA8AFB681B699A422CBF7F
:10D2700001230023DBB2002B08D0BB689A88FB682F
:10D280001B699BB213449AB2BB689A80002318466C
:10D290001C37BD4680BC704780B588B000AFF860D1
:10D2A000B9607A600023FB6107F110037A681946C0
:10D2B000F868FFF716FFB861BB69002B15D03B6912
:10D2C000BA69B9681846F3F707F8FA69BB691344F5
:10D2D000FB617A68BB69D31A7B60BA68BB69134487
:10D2E000BB607B68002BDFD100E000BFF969F86804
:10D2F000FFF711FF7861FB6918462037BD4680BDF6
:10D3000080B588B000AFF860B9607A600023FB6137
:10D3100007F110037A681946F868FFF70DFFB86146
:10D32000BB69002B18D0BB68002B09D03B69BA69D8
:10D330001946B868F2F7D0FFBA68BB691344BB60FE
:10D34000FA69BB691344FB617A68BB69D31A7B60D5
:10D350007B68002BDCD100E000BFF969F868FFF7BB
:10D3600006FF7861FB6918462037BD4680BD80B452
:10D3700000AF00BFBD4680BC704780B500AF00F075
:10D3800018F802460B46104619464FF00A024FF0B5
:10D390000003F3F73BF802460B461046194680BDE2
:10D3A00080B500AFFFF7E9FF02460B46134618466B
:10D3B00080BD80B500AF07F071FA02460B461046FB
:10D3C000194680BD80B500AFFFF7EAFF0346184657
:10D3D00080BD80B500AFF3F743FEF3F733FE0023C3
:10D3E000184680BD80B485B000AFF860B9607A603F
:10D3F000FB681968BB6803FB03F213465B00134428
:10D40000DB4301EA0302BB6803FB03F3796801FB1A
:10D4100003F31A43FB681A6000BF1437BD4680BC93
:10D42000704780B485B000AFF860B9607A60FB687F
:10D430005A68BB68DB431A40BB68796801FB03F399
:10D440001A43FB685A6000BF1437BD4680BC704762
:10D4500080B485B000AFF860B9607A60FB68996805
:10D46000BB6803FB03F213465B001344DB4301EA92
:10D470000302BB6803FB03F3796801FB03F31A4360
:10D48000FB689A6000BF1437BD4680BC704780B40B
:10D4900085B000AFF860B9607A60FB68D968BB6896
:10D4A00003FB03F213465B001344DB4301EA030270
:10D4B000BB6803FB03F3796801FB03F31A43FB68C2
:10D4C000DA6000BF1437BD4680BC704780B485B0B9
:10D4D00000AFF860B9607A60FB68196ABB6803FB4B
:10D4E00003F3BA6802FB03F3BA6803FB02F21346C4
:10D4F0001B019B1ADB4301EA0302BB6803FB03F336
:10D50000B96801FB03F3B96801FB03F3796801FB18
:10D5100003F31A43FB681A6200BF1437BD4680BC90
:10D52000704780B485B000AFF860B9607A60FB687E
:10D53000596ABB681B0ABA68120A02FB03F3BA688D
:10D54000120A02FB03F3BA68120A03FB02F2134643
:10D550001B019B1ADB4301EA0302BB681B0AB96883
:10D56000090A01FB03F3B968090A01FB03F3B9686F
:10D57000090A01FB03F3796801FB03F31A43FB6813
:10D580005A6200BF1437BD4680BC704780B483B078
:10D5900000AF786039607B683A689A6100BF0C37E9
:10D5A000BD4680BC704780B483B000AF78603960FE
:10D5B0003B681A047B689A6100BF0C37BD4680BC8B
:10D5C000704780B582B000AF7860786805F094F954
:10D5D000034618460837BD4680BD80B483B000AF0F
:10D5E0007860396000BF0C37BD4680BC704780B49E
:10D5F00083B000AF786000BF0C37BD4680BC704779
:10D6000080B584B000AF786039607B689B68FB6050
:10D61000FB681B68002B02D16FF0570305E0FB6825
:10D620001B68396878689847034618461037BD4626
:10D6300080BD80B584B000AF786039607B689B683E
:10D64000FB60FB685B68002B02D16FF0570305E0BD
:10D65000FB685B6839687868984703461846103756
:10D66000BD4680BD80B485B000AF0346FB71FB7939
:10D67000012202FA03F3FB60FB6818461437BD462B
:10D6800080BC704780B584B000AF786039603B687B
:10D69000032178689847F860FB68002B05DAFB687F
:10D6A00013F1860F01D0FB680AE03B68012178681E
:10D6B0009847F860FB68002B01DAFB6800E0002364
:10D6C00018461037BD4680BD80B584B000AFF86005
:10D6D000B9607A607A68B968F868FFF7D8FE00BF69
:10D6E0001037BD4680BD80B58AB000AFF8607A6063
:10D6F0001A460B46FB721346BB72FB685B687B6283
:10D700007B6A1B683B62FB7A1846FFF7ABFFF86148
:10D710007B6803F4C043BB614FF480110020FFF726
:10D720005CFFBB69B3F5804F1CD17B685B0A03F0DB
:10D730000F033B61FB7A072B05D83A69F969386A10
:10D74000FFF7C4FE04E03A69F969386AFFF7E9FEB9
:10D750007B68DB0B03F001031A46F969386AFFF7AF
:10D7600060FE20E0BB69B3F5005F1CD17B68DB0B7A
:10D7700003F001031A46F969386AFFF752FEBB7AD3
:10D78000002B10D07B681B0D03F001037B617B69CC
:10D79000012B04D1F969386AFFF7F8FE03E0F96953
:10D7A000386AFFF700FF7B681B0C03F003031A467F
:10D7B000F969386AFFF74CFE7B689B0C03F00303A2
:10D7C0001A46F969386AFFF77FFF7B685B0B03F045
:10D7D00003031A46F969386AFFF704FE0020FFF7D1
:10D7E00006FF002318462837BD4680BD80B500AF30
:10D7F000FBF752FD0346184680BD80B582B000AFEE
:10D8000078607868F4F770FB00BF0837BD4680BDCC
:10D8100080B584B000AFF860B9607A607A68B968A2
:10D82000F868FCF76FFA00BF1037BD4680BD80B5C1
:10D8300084B000AFF860B9607A607A68B968F86857
:10D84000F2F74AFD00BF1037BD4680BD80B588B0F5
:10D8500000AFF860B9607A60FB681B68FB61FB6829
:10D86000BB617B687B6100BFF968F869F3F788FDED
:10D8700000BF2037BD4680BD80B500AFF3F7A4FDE3
:10D88000F4F71CFB00BF80BD80B584B000AF7860AA
:10D890003960F3F79DFD03465B423A6813443B60F1
:10D8A0003868F3F7A7FD0023FB600823FB60FB68E3
:10D8B0005B423A6813443B603A687B68C3F8A42033
:10D8C000F3F786FD0246FB68134418461037BD4641
:10D8D00080BD80B483B000AF7860396000BF0C3782
:10D8E000BD4680BC704780B483B000AF78600B4603
:10D8F000FB70002318460C37BD4680BC704780B5CE
:10D9000082B000AF78607B681BB21846F4F7A6F9C6
:10D9100000BF0837BD4680BD80B584B000AFF86059
:10D92000B9607A60BB680133BB60FB681BB2B96841
:10D930001846F4F7AFF900BF1037BD4680BD80B57B
:10D9400082B000AF786000210120F3F719FD00BF1D
:10D950000837BD4680BD80B500AFF4F7C5F9F4F7D0
:10D96000DDF9F3F78DFCF3F7A7FC00F059F800F0B0
:10D970006EF8F8F7DBFF80B584B000AF78603960EF
:10D9800039687868F4F71EFAF860FB6818461037B3
:10D99000BD4680BD80B483B000AF78606FF0850372
:10D9A00018460C37BD4680BC704780B400AF00BF3E
:10D9B000BD4680BC704780B485B000AF786061B66A
:10D9C00000BF62B600BF7B68FB60FB68BB60BB68E2
:10D9D00083F3118800BFBFF36F8F00BF00BF00BF8C
:10D9E0001437BD4680BC704780B483B000AF72B6B8
:10D9F00000BF00237B607B6883F3118800BFBFF307
:10DA00006F8F00BFBFF34F8F00BF30BF62B600BF44
:10DA1000BFF36F8F00BF00BF0C37BD4680BC70479F
:10DA200080B582B000AF00237B6008E07B681BB24A
:10DA300001211846F4F7B6FA7B6801337B607B68F6
:10DA4000662BF3DD00BF00BF0837BD4680BD80B444
:10DA500000AF00BFBD4680BC704780B400AF00BFC0
:10DA6000BD4680BC704780B485B000AF78607B68ED
:10DA70005A687B685B68013B1340002B0DD17B68C3
:10DA80005B681F2B09D97B681A687B685B68013B60
:10DA90001340002B01D1012300E00023FB60FB6851
:10DAA00018461437BD4680BC704780B483B000AFC1
:10DAB00078607B68202B01D808230EE07B68B3F1E7
:10DAC000004F01D93E2308E07B68013BB3FA83F3A2
:10DAD000C3F11F035B0003F03E0318460C37BD463D
:10DAE00080BC704790B585B000AFF860B9607A60CF
:10DAF0003B60BB681C683868FFF7D7FF034644EA01
:10DB00000302FB681A6000BF1437BD4690BD80B5A4
:10DB100082B000AF78607868F4F70AFB00BF08377E
:10DB2000BD4680BD90B583B000AF03463960FB7140
:10DB3000FC79F4F70FFB0346013B9C4203D900BF7D
:10DB40006FF0150306E000BFFB7939681846F4F75B
:10DB500023FBFB7918460C37BD4690BD90B587B0C6
:10DB600000AF03463960FB7100BF3B681B68FB6078
:10DB70003B6803F108013B681A683B685C6807F181
:10DB80000C0303F108002346FFF7ACFF07F10C027A
:10DB9000FB7911461846FFF7C5FF034618461C37A8
:10DBA000BD4690BD80B584B000AF78600846114690
:10DBB0001A460346FB700B46BB7013467B70BB785E
:10DBC000FB600023BB603BE0BA6813465B00134474
:10DBD0009B001A467B6813445B68002B2CD07B7833
:10DBE000002B11D0BA6813465B0013449B001A4601
:10DBF0007B6813441846FFF736FF0346002B03D11A
:10DC000000BF6FF0150320E0FB68D8B2BA68134676
:10DC10005B0013449B001A467B6813441946FFF7C8
:10DC20009DFFF860FB6813F1160F01D1FB680CE053
:10DC3000FB680133FB6000E000BFBB680133BB60E1
:10DC4000FB78BA689A42BFDBFB6818461037BD46BE
:10DC500080BD80B584B000AFF8607A603B600B4651
:10DC6000FB72F97A3B687A68F868F4F7B5FA00BF96
:10DC70001037BD4680BD80B582B000AF78600B46DE
:10DC8000FB70FB7819467868F4F7C4FA00BF0837D0
:10DC9000BD4680BD80B582B000AF7860396039681C
:10DCA0007868F4F781FC034618460837BD4680BD06
:10DCB00080B582B000AF03463960FB71FB793968EB
:10DCC0001846FFF7E7FF002318460837BD4680BD1A
:10DCD00080B584B000AF786039607B689B68FB607A
:10DCE000FB681B68002B02D16FF0570305E0FB684F
:10DCF0001B68396878689847034618461037BD4650
:10DD000080BD80B483B000AF7860396000BF0C374D
:10DD1000BD4680BC704780B483B000AF786000BF60
:10DD20000C37BD4680BC704780B483B000AF7860CC
:10DD30004FF0B043D3F888207B6813407A689A424A
:10DD400001D1012300E0002318460C37BD4680BCFA
:10DD5000704780B483B000AF78604FF0B043D3F821
:10DD600098207B6813407A689A4201D1012300E031
:10DD7000002318460C37BD4680BC704780B483B082
:10DD800000AF78604FF0B043D3F8A8207B68134011
:10DD90007A689A4201D1012300E0002318460C372B
:10DDA000BD4680BC704780B483B000AF78604FF050
:10DDB000B0427B68C2F8883000BF0C37BD4680BCDB
:10DDC000704780B483B000AF78604FF0B0427B689A
:10DDD000C2F8983000BF0C37BD4680BC704780B495
:10DDE00083B000AF78604FF0B0427B68C2F8A830D3
:10DDF00000BF0C37BD4680BC704780B483B000AF15
:10DE000078607B6803F01F03012202FA03F31846CF
:10DE10000C37BD4680BC704780B584B000AF7860D9
:10DE20000023FB727868FFF7E8FFF8607B685F2BE0
:10DE300002D900BF002333E04FF480110020FFF728
:10DE400060FF7B681F2B0AD8F868FFF76DFF034659
:10DE5000002B14BF01230023DBB2FB721CE07B68A4
:10DE60003F2B0AD8F868FFF774FF0346002B14BF56
:10DE700001230023DBB2FB720EE07B685F2B0AD824
:10DE8000F868FFF77BFF0346002B14BF0123002334
:10DE9000DBB2FB7200E000BF0020FFF73CFFFB7A23
:10DEA00018461037BD4680BD80B584B000AF78609D
:10DEB0007868FFF7A2FFF8607B685F2B03D900BF8B
:10DEC0006FF015031EE04FF480110020FFF719FFDB
:10DED0007B681F2B03D8F868FFF765FF0EE07B68AF
:10DEE0003F2B03D8F868FFF76CFF07E07B685F2BD8
:10DEF00003D8F868FFF773FF00E000BF0020FFF7CA
:10DF00000AFF002318461037BD4680BD80B582B099
:10DF100000AF7860F4F792FB034618460837BD4619
:10DF200080BD80B483B000AF78607B6803F01F03CE
:10DF3000012202FA03F318460C37BD4680BC704735
:10DF400080B483B000AF7860396000BF0C37BD4645
:10DF500080BC704780B483B000AF786000BF0C37DE
:10DF6000BD4680BC704780B483B000AF7860396034
:10DF70007A683B68B2FBF3F318460C37BD4680BCA9
:10DF800070472DE9B04F8CB000AF78623962FA610A
:10DF9000BB61FB6900223B607A60D7E90023C7E9D7
:10DFA0000A237A6A3B6AB2FBF3F300229A4693464D
:10DFB000D7E90A014FF000024FF000034B0343EA98
:10DFC000D0434203B969002039617861D7E904017F
:10DFD000844612EB0C0843EB010908FB0BF20AFB29
:10DFE00009F31344AAFB08452B441D464FF00000DB
:10DFF0004FF00001600B40EAC540690B3B6D002209
:10E00000BB60FA60D7E90223F2F700FA02460B463A
:10E01000134618463037BD46BDE8B08F80B582B094
:10E0200002AFF5F79FF8022300930023C0220521D9
:10E03000FFF7A7FF03461846BD4680BD80B582B0F6
:10E0400000AF78604FF44040F4F72AFC00BFF4F7CB
:10E050003BFC0346002BFAD0002318460837BD4688
:10E0600080BD80B483B000AF78607B68002B01D1A5
:10E07000012300E0002318460C37BD4680BC7047E2
:10E0800080B483B000AF78607B68012B29D07B68B7
:10E09000042B26D07B68052B23D07B68032B20D054
:10E0A0007B68082B1DD07B68092B1AD07B680A2B54
:10E0B00017D07B680B2B14D07B680C2B11D07B689E
:10E0C0000D2B0ED07B680E2B0BD07B680F2B08D04E
:10E0D0007B68122B05D07B68132B02D07B68102B3A
:10E0E00001D1002301E06FF0850318460C37BD46CF
:10E0F00080BC704780B500AFF4F7F8FBF4F704FC80
:10E1000000BFF4F70FFC0346012BFAD1F4F75CFCD7
:10E1100000BFF4F767FC0346012BFAD1F4F734FC97
:10E1200000BFF4F73FFC0346012BFAD100BF00BF4C
:10E1300080BD80B500AFF4F715FC0346012B07D076
:10E14000F4F702FC00BFF4F70DFC0346012BFAD1F3
:10E150000020F4F759FC00BFF4F76AFC0346002BDB
:10E16000FAD100BF00BF80BD80B584B000AFF4F726
:10E170005FFC0346182B04D1FFF7DBFF0020F4F708
:10E1800077FCF4F70FFDF4F707FEF4F7FFFE02202B
:10E19000F4F7E6FC3B1D19460520F5F775F8F86025
:10E1A000FB68002B01DAFB6897E07B681846FFF7F5
:10E1B00058FFB8600520F4F78BFD7B681846F4F72C
:10E1C0005DFDB868F4F746FDC020F4F76BFDF4F789
:10E1D00033FD0220F4F790FDF4F704FD0220F4F77C
:10E1E000A1FDF4F70DFD0220F4F7B2FDF4F716FDE2
:10E1F000F4F7CAFC00BFF4F7E3FC0346012BFAD1A5
:10E200003B1D19461020F5F73FF8F860FB68002B1E
:10E2100001DAFB6861E07B681846FFF722FFB8600F
:10E220001020F4F74FFE7B681846F4F721FEB8681B
:10E23000F4F70AFE8020F4F72FFEF4F7F7FD022032
:10E24000F4F754FEF4F7C8FD0220F4F765FEF4F786
:10E25000D1FD0220F4F776FEF4F7DAFDF4F78EFD37
:10E2600000BFF4F7A7FD0346012BFAD13B1D194669
:10E270001020F5F709F8F860FB68002B01DAFB685D
:10E280002BE07B681846FFF7ECFEB8601020F4F72F
:10E2900013FF7B681846F4F7E5FEB868F4F7CEFE86
:10E2A0008020F4F7F3FEF4F7BBFE0220F4F718FF2A
:10E2B000F4F78CFE0220F4F729FFF4F795FE022014
:10E2C000F4F73AFFF4F79EFEF4F752FE00BFF4F7BE
:10E2D0006BFE0346012BFAD1002318461037BD46CA
:10E2E00080BD80B582B000AF7860786804F004FB30
:10E2F000034618460837BD4680BD80B582B000AFE2
:10E3000078600B46FB707B689B68DB69FA78114686
:10E310007868984700BF0837BD4680BD80B582B099
:10E3200000AF78600B46FB70FB7819467868FFF702
:10E33000E4FF00BF0837BD4680BD80B483B000AFA6
:10E340007860002318460C37BD4680BC704780B407
:10E3500085B000AFF860C7E90023002318461437E2
:10E36000BD4680BC704780B487B000AFF860B9602C
:10E370007A60FB687B61BB689A007B6913441B6809
:10E3800023F0FF02BB6899007B690B4419467B6848
:10E3900013430B6000BF1C37BD4680BC704780B57F
:10E3A00082B000AF7860786804F0A6FA0346184699
:10E3B0000837BD4680BD80B584B000AFF860B96055
:10E3C0007A60FB689B681B687A68B968F868984748
:10E3D000034618461037BD4680BD90B589B002AFE0
:10E3E000F860B9607A603B60FB689B687B617B6921
:10E3F0005B68002B0AD07B695C68BB6A00933B6852
:10E400007A68B968F868A047034601E06FF05703DF
:10E4100018461C37BD4690BD80B582B000AF78600D
:10E4200039607B689B689B683968786898470346C1
:10E4300018460837BD4680BD80B584B000AF78600F
:10E4400039607B689B68FB60FB68DB68002B02D14E
:10E450006FF0570305E0FB68DB6839687868984718
:10E46000034618461037BD4680BD80B586B000AF64
:10E47000F860B9607A60FB689B687B617B699B6927
:10E48000002B07D07B699B697A68B968F868984760
:10E49000034601E06FF0570318461837BD4680BDAC
:10E4A00080B584B000AF786039607B689B68FB60A2
:10E4B000FB681B68002B02D16FF0570305E0FB6877
:10E4C0001B68396878689847034618461037BD4678
:10E4D00080BD80B58AB000AFF860B9607A60FB6833
:10E4E0005B687B617B681B78BB617B699B7B1A46A1
:10E4F0007B695B7B1344BA699A4203DD00BF6FF00E
:10E5000015032DE07B691B7B1A46BB68934203D33E
:10E5100000BF6FF0150323E07B691A69BB68DB005D
:10E5200013441B68FB617B691A69BB68DB001344F9
:10E530001B793B627A68396AF869FFF73CFF03464A
:10E54000002B03D000BF6FF0150309E07B699B68C7
:10E550007B62BB691A46B968786AFFF704FF00233B
:10E5600018462837BD4680BD80B586B000AF7860BC
:10E5700039607B685B68FB60FB681B7B1A463B6805
:10E58000934203D300BF6FF0150319E0FB681A69CB
:10E590003B68DB0013441B687B61FB681A693B68BE
:10E5A000DB0013441B793B6139697869FFF734FF5D
:10E5B0000346002B03D000BF6FF0150300E00023DB
:10E5C00018461837BD4680BD80B586B000AF78606C
:10E5D00039607B685B68FB60FB681B7B1A463B68A5
:10E5E000934203D300BF6FF0150319E0FB681A696B
:10E5F0003B68DB0013441B687B61FB681A693B685E
:10E60000DB0013441B793B6139697869FFF714FF1C
:10E610000346002B03D000BF6FF0150300E000237A
:10E6200018461837BD4680BD80B58AB002AFF86085
:10E63000B9607A603B60FB685B687B617B691B7BD0
:10E640001A46BB68934203D300BF6FF015031DE069
:10E650007B691A69BB68DB0013441B68FB617B693B
:10E660001A69BB68DB0013441B79BB61BB6A00936A
:10E670003B687A68B969F869FFF7AFFE0346002B7B
:10E6800003D000BF6FF0150300E0002318462037C9
:10E69000BD4680BD80B588B000AFF860B9607A60D3
:10E6A000FB685B687B617B691B7B1A46BB68934296
:10E6B00003D300BF6FF015031AE07B691A69BB68CA
:10E6C000DB0013441B68FB617B691A69BB68DB00D4
:10E6D00013441B79BB617A68B969F869FFF7C5FE15
:10E6E0000346002B03D000BF6FF0150300E00023AA
:10E6F00018462037BD4680BD80B584B000AFC7E95D
:10E700000001D7E9000100F018F8C7E90201D7E9D4
:10E7100000234FF0FF304FF0FF318B4208BF8242A1
:10E7200002D14FF0FF3304E0D7E90201F5F7C6FA52
:10E73000034618461037BD4680BD80B582B000AF95
:10E74000C7E90001D7E90001FAF7A8FC02460B4629
:10E75000104619460837BD4680BD80B584B000AF6D
:10E76000786039607B689B68FB60FB681B68002BE6
:10E7700002D16FF0570305E0FB681B6839687868C1
:10E780009847034618461037BD4680BD80B584B013
:10E7900000AF786039607B685B68FB60FB681B6971
:10E7A000BB603968B86800F0F0FE00BF1037BD46A6
:10E7B00080BD80B584B000AF786039607B685B68ED
:10E7C000FB60FB681B69BB603968B868F5F762FEDF
:10E7D0003968B868F5F74CFE3968B86800F022FF70
:10E7E00000BF1037BD4680BD90B589B000AF7860DE
:10E7F00039607B685B68BB61BB691B697B61BB6916
:10E80000DA693B685B0113443B613B695B7A83F0E7
:10E810000103DBB2002B0CD03B699B7ADBB283F0A7
:10E820000103DBB2002B04D039687868FFF7C1FF21
:10E8300073E03B695B68FB603968786900F0D1FE82
:10E840000346002B0DD03B695B7A83F00103DBB2FA
:10E85000002B03D039687869F5F70AFE0123FB61C4
:10E860004FE03968786900F09BFE0346002B17D013
:10E870003B691B7F83F00103DBB2002B02D03B69B5
:10E8800000229A723B695B7A83F00103DBB2002BB2
:10E8900003D039687869F5F7FDFD0023FB6130E0AE
:10E8A0003968786900F0D3FE0346002B13D03B692A
:10E8B0005B7A83F00103DBB2002B08D000BF39681C
:10E8C000786900F062FE3968786900F0ABFE6FF09D
:10E8D0000403FB6115E03B695B7A83F00103DBB263
:10E8E000002B0BD000BF3B6900229A723968786810
:10E8F000FFF74CFF39687868FFF75BFF6FF00403A0
:10E90000FB613B699B69002B07D03B699C693B69B4
:10E910005969FB69FA687868A0472437BD4690BDFD
:10E9200080B483B000AF03463960FB71FB79022BE2
:10E930000ED0022B10DC002B02D0012B04D00BE0F8
:10E940003B6880221A600BE03B6840221A6007E0B7
:10E950003B6800221A6003E000BF6FF0150300E07F
:10E96000002318460C37BD4680BC704780B483B086
:10E9700000AF03463960FB71FB79022B0BD0022BF1
:10E9800010DC002B02D0012B09D00BE03B684FF4C8
:10E9900080621A600AE03B6800221A6006E06FF0AD
:10E9A000850304E000BF6FF0150300E00023184664
:10E9B0000C37BD4680BC704780B483B000AF0346BF
:10E9C0003960FB71FB79022B0BD0022B10DC002B82
:10E9D00002D0012B09D00BE03B684FF400721A60A3
:10E9E0000AE03B6800221A6006E06FF0850304E04D
:10E9F00000BF6FF0150300E0002318460C37BD463A
:10EA000080BC704780B584B000AF78603960002367
:10EA1000FB603968786800F061FE0346002B01D185
:10EA2000002112E0FB685A1CFA6041F288329342DE
:10EA300002DD6FF00F0108E04FF00A024FF0000313
:10EA400010461946FFF758FEE3E70B461846103705
:10EA5000BD4680BD80B588B000AFF860B9607A600F
:10EA60003B60FB685B68FB61FB691B69BB61BB6862
:10EA7000013BBB60FB695B69BA689A4202D36FF0E5
:10EA8000150369E0FB69DA69BB685B0113447B61CC
:10EA9000B968B869FFF7B6FF0346002B02D06FF0E4
:10EAA0000F0359E07B691B68022B18D0022B29D871
:10EAB000002B14D0012B25D1B868F5F7C9FC03460B
:10EAC0007A681946B869F5F725F8B868F5F7C0FC13
:10EAD00003463A681946B869F5F736F815E0B8689C
:10EAE000F5F7B6FC03467A681946B869F5F72CF8CD
:10EAF000B868F5F7ADFC03463A681946B869F5F70A
:10EB000009F802E06FF0150326E07B691B7A002B01
:10EB10000DD0B868F5F79CFC01467B69DB68BA6AE2
:10EB2000B2FBF3F31A46B869F4F776FF0CE0B86865
:10EB3000F5F78EFC01467B691B69BA6AB2FBF3F3F9
:10EB40001A46B869F4F768FF7B6901229A72B968BE
:10EB5000B86900F09BFD002318462037BD4680BDF4
:10EB600080B586B000AF786039607B685B687B6198
:10EB70007B691B693B613B68013B3B607B695B696F
:10EB80003A689A4202D36FF015031AE0396838697F
:10EB900000F08DFD0346002B01D0002311E07B69BE
:10EBA000DA693B685B011344FB60FB6801229A72DF
:10EBB00039687868FFF7FDFD3968386900F066FD4F
:10EBC000002318461837BD4680BD80B586B000AF1B
:10EBD000786039607B685B687B617B691B693B613E
:10EBE0003B68013B3B607B695B693A689A4202D3B0
:10EBF0006FF0150332E07B69DA693B685B0113440F
:10EC0000FB60FB685B7A002B04D0FB6800229A72E1
:10EC1000002323E03968386900F049FD034683F09A
:10EC20000103DBB2002B01D0002317E03868F5F7B1
:10EC30000FFC034619463869F5F700F8396838695A
:10EC400000F06AFD39687868FFF7B3FD3968386904
:10EC5000FFF7D8FEFB6800229A7200231846183787
:10EC6000BD4680BD80B588B000AFF860B9607A60FD
:10EC7000FB685B68FB61FB691B69BB61BB68013BAF
:10EC8000BB60FB695B69BA689A4202D36FF01503F7
:10EC90001BE0FB69DA69BB685B0113447B61B86800
:10ECA000F5F7D6FB03461946B869F4F7DBFE0246D2
:10ECB0007B685A607B691B68DAB27B685A707B6933
:10ECC0009B7ADAB27B681A70002318462037BD465B
:10ECD00080BD80B582B000AF786000217868FFF712
:10ECE00083FD0837BD4680BD80B582B000AF786037
:10ECF00001217868FFF778FD0837BD4680BD80B5F3
:10ED000082B000AF786002217868FFF76DFD0837A8
:10ED1000BD4680BD80B582B000AF786003217868C1
:10ED2000FFF762FD0837BD4680BD80B582B000AFF9
:10ED3000786004217868FFF757FD0837BD4680BD2D
:10ED400080B582B000AF786005217868FFF74CFD90
:10ED50000837BD4680BD80B582B000AF786006211F
:10ED60007868FFF741FD0837BD4680BD80B582B0A9
:10ED700000AF786007217868FFF736FD0837BD4699
:10ED800080BD80B582B000AF7860002200210B20EA
:10ED9000FEF7C2FD0B20FEF7B2FD002200210C2081
:10EDA000FEF7BAFD0C20FEF7AAFD002200210D207F
:10EDB000FEF7B2FD0D20FEF7A2FD002200210E207D
:10EDC000FEF7AAFD0E20FEF79AFD002200210F207B
:10EDD000FEF7A2FD0F20FEF792FD00220021102079
:10EDE000FEF79AFD1020FEF78AFD00220021112077
:10EDF000FEF792FD1120FEF782FD002200212F2058
:10EE0000FEF78AFD2F20FEF77AFD00BF0837BD46CA
:10EE100080BD80B483B000AF78607B681B6803F06E
:10EE20001003102B01D1012300E0002318460C37FA
:10EE3000BD4680BC704780B483B000AF78607B680B
:10EE40001B6803F48063B3F5806F01D1012300E0F8
:10EE5000002318460C37BD4680BC704780B483B091
:10EE600000AF78607B681B6803F48013B3F5801FE4
:10EE700001D1012300E0002318460C37BD4680BCB9
:10EE8000704780B483B000AF78607B681B6803F084
:10EE90008063B3F1806F01D1012300E000231846A5
:10EEA0000C37BD4680BC704780B483B000AF78603B
:10EEB0007B685B6803F01003102B01D1012300E095
:10EEC000002318460C37BD4680BC704780B483B021
:10EED00000AF78607B685B6803F48063B3F5806F94
:10EEE00001D1012300E0002318460C37BD4680BC49
:10EEF000704780B483B000AF78607B685B6803F4D0
:10EF00008013B3F5801F01D1012300E000231846D0
:10EF10000C37BD4680BC704780B483B000AF7860CA
:10EF20007B685B6803F08063B3F1806F01D10123DC
:10EF300000E0002318460C37BD4680BC704780B403
:10EF400083B000AF78607B681B6803F02003202B40
:10EF500001D1012300E0002318460C37BD4680BCD8
:10EF6000704780B483B000AF78607B681B6803F49F
:10EF70000063B3F5006F01D1012300E000231846C0
:10EF80000C37BD4680BC704780B483B000AF78605A
:10EF90007B681B6803F40013B3F5001F01D1012344
:10EFA00000E0002318460C37BD4680BC704780B493
:10EFB00083B000AF78607B681B6803F00063B3F137
:10EFC000006F01D1012300E0002318460C37BD4635
:10EFD00080BC704780B483B000AF78607B685B68AA
:10EFE00003F02003202B01D1012300E00023184669
:10EFF0000C37BD4680BC704780B483B000AF7860EA
:10F000007B685B6803F40063B3F5006F01D10123F3
:10F0100000E0002318460C37BD4680BC704780B422
:10F0200083B000AF78607B685B6803F40013B3F5CE
:10F03000001F01D1012300E0002318460C37BD4614
:10F0400080BC704780B483B000AF78607B685B6839
:10F0500003F00063B3F1006F01D1012300E000234E
:10F0600018460C37BD4680BC704780B483B000AFF3
:10F0700078607B681B6803F00103012B01D1012339
:10F0800000E0002318460C37BD4680BC704780B4B2
:10F0900083B000AF78607B681B6803F04003402BAF
:10F0A00001D1012300E0002318460C37BD4680BC87
:10F0B000704780B483B000AF78607B681B6803F44E
:10F0C0008033B3F5803F01D1012300E000231846CF
:10F0D0000C37BD4680BC704780B483B000AF786009
:10F0E0007B681B6803F48003B3F5800F01D1012313
:10F0F00000E0002318460C37BD4680BC704780B442
:10F1000083B000AF78607B685B6803F00103012B7C
:10F1100001D1012300E0002318460C37BD4680BC16
:10F12000704780B483B000AF78607B685B6803F0A1
:10F130004003402B01D1012300E0002318460C3787
:10F14000BD4680BC704780B483B000AF78607B68F8
:10F150005B6803F48033B3F5803F01D1012300E005
:10F16000002318460C37BD4680BC704780B483B07E
:10F1700000AF78607B685B6803F48003B3F5800FB1
:10F1800001D1012300E0002318460C37BD4680BCA6
:10F19000704780B483B000AF78607B6810229A60BB
:10F1A00000BF0C37BD4680BC704780B483B000AF51
:10F1B00078607B684FF480629A6000BF0C37BD4670
:10F1C00080BC704780B483B000AF78607B684FF438
:10F1D00080129A6000BF0C37BD4680BC704780B477
:10F1E00083B000AF78607B684FF080629A6000BFA8
:10F1F0000C37BD4680BC704780B483B000AF7860E8
:10F200007B681022DA6000BF0C37BD4680BC7047B7
:10F2100080B483B000AF78607B684FF48062DA60BE
:10F2200000BF0C37BD4680BC704780B483B000AFD0
:10F2300078607B684FF48012DA6000BF0C37BD46FF
:10F2400080BC704780B483B000AF78607B684FF0BB
:10F250008062DA6000BF0C37BD4680BC704780B466
:10F2600083B000AF78607B6820229A6000BF0C37C3
:10F27000BD4680BC704780B483B000AF78607B68C7
:10F280004FF400629A6000BF0C37BD4680BC7047E7
:10F2900080B483B000AF78607B684FF400129A604E
:10F2A00000BF0C37BD4680BC704780B483B000AF50
:10F2B00078607B684FF000629A6000BF0C37BD46F3
:10F2C00080BC704780B483B000AF78607B68202238
:10F2D000DA6000BF0C37BD4680BC704780B483B095
:10F2E00000AF78607B684FF40062DA6000BF0C37D3
:10F2F000BD4680BC704780B483B000AF78607B6847
:10F300004FF40012DA6000BF0C37BD4680BC704776
:10F3100080B483B000AF78607B684FF00062DA6041
:10F3200000BF0C37BD4680BC704780B483B000AFCF
:10F3300078607B6808229A6000BF0C37BD4680BCAD
:10F34000704780B483B000AF78607B684FF4007280
:10F350009A6000BF0C37BD4680BC704780B483B054
:10F3600000AF78607B684FF400229A6000BF0C37D2
:10F37000BD4680BC704780B483B000AF78607B68C6
:10F380004FF000729A6000BF0C37BD4680BC7047DA
:10F3900080B483B000AF78607B680822DA6000BF79
:10F3A0000C37BD4680BC704780B483B000AF786036
:10F3B0007B684FF40072DA6000BF0C37BD4680BC3A
:10F3C000704780B483B000AF78607B684FF4002250
:10F3D000DA6000BF0C37BD4680BC704780B483B094
:10F3E00000AF78607B684FF00072DA6000BF0C37C6
:10F3F000BD4680BC704780B483B000AF78607B6846
:10F4000004229A6000BF0C37BD4680BC704780B4B0
:10F4100083B000AF78607B684FF480729A6000BF61
:10F420000C37BD4680BC704780B483B000AF7860B5
:10F430007B684FF480229A6000BF0C37BD4680BCC9
:10F44000704780B483B000AF78607B684FF0807203
:10F450009A6000BF0C37BD4680BC704780B483B053
:10F4600000AF78607B680422DA6000BF0C37BD46CD
:10F4700080BC704780B483B000AF78607B684FF485
:10F480008072DA6000BF0C37BD4680BC704780B424
:10F4900083B000AF78607B684FF48022DA6000BFF1
:10F4A0000C37BD4680BC704780B483B000AF786035
:10F4B0007B684FF08072DA6000BF0C37BD4680BCBD
:10F4C000704780B483B000AF78607B6801229A6097
:10F4D00000BF0C37BD4680BC704780B483B000AF1E
:10F4E00078607B6840229A6000BF0C37BD4680BCC4
:10F4F000704780B483B000AF78607B684FF480328F
:10F500009A6000BF0C37BD4680BC704780B483B0A2
:10F5100000AF78607B684FF480029A6000BF0C37C0
:10F52000BD4680BC704780B483B000AF78607B6814
:10F530000122DA6000BF0C37BD4680BC704780B442
:10F5400083B000AF78607B684022DA6000BF0C3780
:10F55000BD4680BC704780B483B000AF78607B68E4
:10F560004FF48032DA6000BF0C37BD4680BC704774
:10F5700080B483B000AF78607B684FF48002DA60BB
:10F5800000BF0C37BD4680BC704780B483B000AF6D
:10F590007860396000BF00BF0C37BD4680BC704743
:10F5A00080B582B000AF786039603868F4F750FFFA
:10F5B000034619467868F4F70FFF0346002B08D07E
:10F5C00039687868F4F790FF0346002B01D00123D7
:10F5D00000E0002303F00103DBB218460837BD4604
:10F5E00080BD80B582B000AF786039603868F4F7CC
:10F5F0002FFF034619467868F4F7D0FE0346002B28
:10F6000008D039687868F4F757FF0346002B01D01B
:10F61000012300E0002303F00103DBB218460837A2
:10F62000BD4680BD80B582B000AF78603960396872
:10F630007868F4F771FF39687868F4F77FFF396804
:10F640007868F4F78DFF00BF0837BD4680BD80B5F0
:10F6500082B000AF786039603868F4F7F9FE03468D
:10F6600019467868F4F7D6FE0346002B09D03968AE
:10F670007868F4F787FF0346002B02D000BF012310
:10F6800000E0002318460837BD4680BD80B582B033
:10F6900000AF786039603868F4F7DAFE034619463F
:10F6A0007868F4F7FDFD00BF0837BD4680BD80B522
:10F6B00082B000AF786039603868F4F7C9FE03465D
:10F6C00019467868F4F72CFE0346012B01D101237B
:10F6D00000E0002318460837BD4680BD80B582B0E3
:10F6E00000AF786039603868F4F7B2FE0346194617
:10F6F0007868F4F7F5FD00BF39687868FFF7D7FF41
:10F700000346002BF8D139687868F4F7C3FE00236C
:10F7100018460837BD4680BD80B582B000AF78601E
:10F7200039603868F4F794FE034619467868F4F7B0
:10F7300015FE00BF0837BD4680BD80B487B000AF5E
:10F7400078607B68DB697B617B681B6B3B617B68F6
:10F750005B6BFB607B69B3F5804F49D07B69B3F588
:10F76000804F4FD87B69002B04D07B69B3F5005FD5
:10F7700024D047E0FB68B3F1C07F16D0FB68B3F13B
:10F78000C07F3ED8FB68B3F5000F04D0FB68B3F12F
:10F79000807F02D035E0012335E03B69012B02D0A8
:10F7A0003B69032B06D101232DE03B69032B03D1D9
:10F7B000012328E000BF24E000BF22E0FB68B3F58E
:10F7C000000F04D0FB68B3F1807F08D01AE03B69DA
:10F7D000012B02D03B69032B06D1012313E03B69C7
:10F7E000032B03D101230EE000BF0BE000BF09E0B3
:10F7F000FB68B3F5000F05D13B69032B02D1012350
:10F8000001E000BF002318461C37BD4680BC70478E
:10F8100080B588B000AFF860B9607A603B60FB6883
:10F820009B68BB613B6800221A603B6800229A60BB
:10F83000BB695B6907F1100207F11401F86898478A
:10F8400039E07B695A683B685A60BB68002B05D178
:10F850003B689B687A68D31AFB6109E03B681B68C8
:10F86000BA68D31A1A463B685B68B2FBF3F3FB61D4
:10F870007B691B68FA69934228BF1346FB613B68AA
:10F880001B6819463B685B68FA6902FB03F30B448B
:10F890001A463B681A603B689A68FB691A443B68E1
:10F8A0009A607B691B68FA699A4201D2002309E0D9
:10F8B0007B6908337B613B695A1E3A61002BC0D1DA
:10F8C0006FF0150318462037BD4680BD80B584B063
:10F8D00000AFF860B9607A607B680022B968F868A8
:10F8E000FFF796FF034618461037BD4680BD80B52A
:10F8F00084B000AFF860B9607A607B68BA680021B4
:10F90000F868FFF785FF034618461037BD4680BDEF
:10F9100080B584B000AFC7E9000107F10801D7E95D
:10F920000023084605F029F8D7E902234FF000002C
:10F930004FF000018B4208BF82420CBF012300231D
:10F94000DBB218461037BD4680BD80B500AF00F071
:10F950000FF802460B46104619464FF00A024FF0C8
:10F960000003F0F753FD02460B461046194680BDD2
:10F9700080B500AF04F092FF02460B4610461946D0
:10F9800080BD80B584B000AFF860B9607A607A68F5
:10F99000B968F86803F0A3FB034618461037BD4664
:10F9A00080BD80B584B000AFF860C7E90023D7E917
:10F9B0000023F868F7F74EFB034618461037BD469C
:10F9C00080BD80B582B000AF78607868F7F7A2FAA2
:10F9D00000BF0837BD4680BD80B584B000AFF86079
:10F9E000B9607A607A68B968F868FFF76FFF034614
:10F9F00018461037BD4680BD80B483B000AF786034
:10FA0000396000BF0C37BD4680BC704780B483B0FE
:10FA100000AF786000BF0C37BD4680BC704780B532
:10FA200088B000AFF860B9607A6007F114031A4635
:10FA3000B968F868FFF7D0FF0346002B0FD1BA680A
:10FA40007B681344013B194607F114031A46F86812
:10FA5000FFF7C2FF0346002B01D1012300E0002382
:10FA600003F00103DBB218462037BD4680BD80B5E8
:10FA700082B000AF78607B681B69191D4FF0FF32C0
:10FA80004FF0FF330846FFF78CFF4FF0FF310020A7
:10FA9000FFF7B2FF00BF0837BD4680BD80B582B01A
:10FAA00000AF78600020FFF7B1FF7B681B6904336B
:10FAB0001846FFF786FF00BF0837BD4680BD80B5FA
:10FAC00084B000AFF860B9607A60FB70FB78002BFF
:10FAD00007D0BB6803F01F03002B02D000BF002338
:10FAE00005E07A68B968F868FFF799FF0346184699
:10FAF0001037BD4680BD80B586B000AFF860B960F4
:10FB00007A60BB687B6100233B610CE07B6919462E
:10FB1000F868F4F751FF38613B69002B0BDB7B6918
:10FB200003F500337B61BA687B681344013B7A6953
:10FB30009A42EBD900E000BF3B6918461837BD4632
:10FB400080BDB0B584B000AF7860FFF7FEFE02461E
:10FB50000B4612F1640443F10005C7E902450AE0CF
:10FB6000FFF7F3FED7E9022382428B4103DA00BF9D
:10FB70006FF0040307E07B68DB681B6803F0040395
:10FB8000002BEDD1002318461037BD46B0BD80B51F
:10FB90008CB000AFF860B9607A60FB70BB6803F1AD
:10FBA0000063BB6207F11003BA68F9681846F4F7FE
:10FBB00077FE7B69002B03D100BF6FF0150362E075
:10FBC000BB691B6803F00103002B02D06FF0040334
:10FBD00059E0F868F4F726FE78627B6A002B01DAB8
:10FBE0007B6A50E00023FB6211E0FB6ADB00BA6A2B
:10FBF0001344D3E90023B3F1FF3F08BFB2F1FF3F45
:10FC000002D06FF004033EE0FB6A0133FB62FB7835
:10FC1000FA6A9A42E9DBBB691A68BB6942F00202E0
:10FC20001A60BFF34F8F00BF00BF00BF0023FB620D
:10FC30001AE0FB6ADB007A6813443B62396A0A689F
:10FC40004B68F96AC900B86A0144C1E90023BFF3EF
:10FC50004F8F00BF00BF00BF07F110031846FFF72A
:10FC600070FFFB6A0133FB62FB78FA6A9A42E0DBC1
:10FC7000F868F4F7D7FD7862BB691A68BB6922F0AF
:10FC800002021A607B6A18463037BD4680BD2DE9F6
:10FC9000F0438BB000AFF860B9607A603B606B46B0
:10FCA0001E4600237B620423FB762023BB76BB7EAB
:10FCB000013B7B61BB7E0022984691464FF00002DB
:10FCC0004FF000034FEAC90343EA58734FEAC802F2
:10FCD000BB7E00221C4615464FF000024FF0000389
:10FCE000EB0043EA5473E200BB7E0733DB08DB0022
:10FCF000ADEB030D6B463B6100233B6217E0B96837
:10FD00003B6ADB10DB007A681A44FB7EF868FFF779
:10FD10003EFF78627B6A002B01DA7B6A41E0BB7EA2
:10FD20003A6A13443B62BB7EBA681344BB603B6AC9
:10FD30003A689A4206D9BA7E3B6A13441A463B682F
:10FD40009342DCD23B6A3A689A4229D9BB7E1A4672
:10FD5000FF213869F9F7D6FF0023FB610EE03A6A0C
:10FD6000FB6913441A467B68134419783A69FB69A6
:10FD700013440A461A70FB690133FB613B6A3A6817
:10FD8000D21AFB699A42EAD8B968FB7E3A69F868E8
:10FD9000FFF7FDFE78627B6A002B01DA7B6A00E0E8
:10FDA0007B6AB54618462C37BD46BDE8F08380B562
:10FDB00086B000AFF860B9607A603B6001233A68B2
:10FDC000B968F868FFF77BFE034683F00103DBB2F6
:10FDD000002B03D000BF6FF0150325E03B68002B1C
:10FDE00001D1002320E0F868FFF741FE00BF0021A9
:10FDF000F868F4F733FE78617B69002B06D1B968A7
:10FE00003B687A68F868FFF742FF78610121F8687B
:10FE1000F4F724FE38617B69002B01D13B697B61DB
:10FE2000F868FFF73BFE7B6918461837BD4680BD72
:10FE3000B0B582B000AF78603960F4F787FC034654
:10FE400000221C4615464FF000024FF00003AB02A3
:10FE500043EA9453A2023968C1E9002300231846FB
:10FE60000837BD46B0BD80B582B000AF78607B6812
:10FE70001B690433012201211846FFF782FD00BFF0
:10FE8000002318460837BD4680BD80B485B000AF5A
:10FE9000F8600B467A60FB72FB681A687B681A6030
:10FEA0000DE07B681B685B79FA7A9A4201D10023E6
:10FEB00011E07B681B6803F108027B681A607B68AD
:10FEC0001A68FB681968FB681B79DB000B449A42CF
:10FED000E7D36FF0010318461437BD4680BC704766
:10FEE00080B483B000AF7860002318460C37BD465D
:10FEF00080BC704780B483B000AF786000231846A0
:10FF00000C37BD4680BC704780B58AB000AFF86042
:10FF10000B467A60FB7200233B62002387F8273090
:10FF20003CE097F827309B00FA6813441B68FB619C
:10FF3000FB695B09DBB203F00F03FB76FB6903F09F
:10FF40001F031846F1F79AF878617B69002B02D1FC
:10FF50006FF0120328E07869FFF7C2FF38623B6A4E
:10FF6000002B01DA3B6A1FE0F97E0123FA69786908
:10FF7000FDF7B9FB38617869FFF7BCFF38623B6A6F
:10FF8000002B01DA3B6A0FE03B69002B01DA3B6989
:10FF90000AE097F82730013387F8273097F82720B1
:10FFA000FB7A9A42BDD3002318462837BD4680BD50
:10FFB00080B489B000AFF860B9607A60FB685B68B4
:10FFC000FB61FB691A68BB685B09C3F30B031A4446
:10FFD000BB6803F01F03BA617B61BB691B683B61AF
:10FFE00001227B699A403B691340002B14BF012317
:10FFF0000023DBB21A467B681A70002318462437A8
:020000040801F1
:10000000BD4680BC704780B487B000AF786039606F
:100010007B685B687B617B691A683B685B09C3F33B
:100020000B031A443B6803F01F033A61FB603B6912
:100030001B68BB600122FB6802FA03F13B69BA68E6
:100040000A431A6000BF002318461C37BD4680BC17
:10005000704780B487B000AF786039607B685B68B8
:100060007B617B691A683B685B09C3F30B031A4425
:100070003B6803F01F033A61FB603B691B68BB6090
:100080000122FB6802FA03F3D9433B69BA680A40CC
:100090001A6000BF002318461C37BD4680BC70475D
:1000A00080B582B000AF7860396039687868FFF752
:1000B000AAFF39687868FFF7CCFF00231846083795
:1000C000BD4680BD80B582B000AF7860786802F030
:1000D00013FC034618460837BD4680BD80B483B084
:1000E00000AF78607B6818460C37BD4680BC70470F
:1000F00080B483B000AF78603960012318460C37B4
:10010000BD4680BC704780B584B000AF7860396070
:100110007B689B68FB60FB681B68002B02D16FF05B
:10012000570305E0FB681B68396878689847034601
:1001300018461037BD4680BD80B586B000AFF86068
:10014000B9607A60FB689B687B617B69DB68002B28
:1001500002D16FF0570306E07B69DB687A68B96803
:10016000F8689847034618461837BD4680BD80B5E5
:1001700084B000AFF860B9607A60FB689B681B6868
:100180007A68B968F8689847034618461037BD463C
:1001900080BD90B589B002AFF860B9607A603B600D
:1001A000FB689B687B617B695B68002B0AD07B697D
:1001B0005C68BB6A00933B687A68B968F868A047D6
:1001C000034601E06FF0570318461C37BD4690BD4B
:1001D00080B582B000AF786039607B689B689B68AF
:1001E000396878689847034618460837BD4680BD89
:1001F00080B584B000AF786039607B689B68FB6035
:10020000FB68DB68002B02D16FF0570305E0FB6849
:10021000DB68396878689847034618461037BD464A
:1002200080BD80B586B000AFF860B9607A60FB68C9
:100230009B687B617B699B69002B07D07B699B690D
:100240007A68B968F8689847034601E06FF0570389
:1002500018461837BD4680BD80B584B000AF7860C1
:1002600039600023FB603B6818683B681B79FA68BB
:100270001946FFF749FE034618461037BD4680BDB4
:1002800080B584B000AF78600B46FB7007F10802C0
:10029000FB7819467868FFF7F8FDF860FB68002BDB
:1002A00001DAFB6805E0BB6819467868FFF7D4FF00
:1002B000034618461037BD4680BD80B584B000AFF8
:1002C000786039607B689B68FB60FB68DB68002BAB
:1002D00002D16FF0570305E0FB68DB683968786886
:1002E0009847034618461037BD4680BD80B582B09A
:1002F00000AF78607B681A687B685B6819461046B7
:1003000000F005F8034618460837BD4680BD80B5A5
:1003100082B000AF7860396039687868FFF7CDFF48
:10032000034618460837BD4680BD80B483B000AF91
:1003300078607B681B6843F001027B681A6000BF2D
:100340000C37BD4680BC704780B483B000AF786086
:100350007B681B6823F001027B681A6000BF0C37C2
:10036000BD4680BC704780B483B000AF78607B68C6
:100370001B6843F000527B681A6000BF0C37BD4613
:1003800080BC704780B489B000AF786039607B680A
:10039000FB60FB6853E8003FBB60BB6823F00C03C5
:1003A0003A681343FB617B68FA69BA617B617969DA
:1003B000BA6941E800233B613B69002BE7D100BFEC
:1003C00000BF2437BD4680BC704780B483B000AF07
:1003D000786039607B681B6823F4C0623B681A430D
:1003E0007B681A6000BF0C37BD4680BC704780B484
:1003F00083B000AF78607B681B6803F4C063184665
:100400000C37BD4680BC704780B483B000AF7860C5
:1004100039607B681B6823F010223B681A437B68B5
:100420001A6000BF0C37BD4680BC704780B483B0F3
:1004300000AF78607B681B6803F0102318460C3708
:10044000BD4680BC704780B483B000AF786039602F
:100450007B681B6823F400423B681A437B681A6080
:1004600000BF0C37BD4680BC704780B483B000AF7E
:10047000786039607B685B6823F440523B681A43BC
:100480007B685A6000BF0C37BD4680BC704780B4A3
:1004900083B000AF78607B685B6803F44053184614
:1004A0000C37BD4680BC704780B483B000AF786025
:1004B00039607B685B6823F400423B681A437B68C1
:1004C0005A6000BF0C37BD4680BC704780B483B013
:1004D00000AF786039607B685B6823F480323B68EA
:1004E0001A437B685A6000BF0C37BD4680BC70471A
:1004F00080B483B000AF786039607B685B6823F4B8
:1005000000323B681A437B685A6000BF0C37BD4617
:1005100080BC704780B483B000AF78607B685B6854
:1005200043F400027B685A6000BF0C37BD4680BCB4
:10053000704780B483B000AF78607B685B6823F459
:1005400000027B685A6000BF0C37BD4680BC704714
:1005500080B483B000AF786039607B689B6823F417
:1005600040723B681A437B689A6000BF0C37BD46F7
:1005700080BC704780B483B000AF78607B689B68B4
:1005800003F4407318460C37BD4680BC704780B4F6
:1005900083B000AF786039607B685B6903F07F42AD
:1005A0003B681A437B685A6100BF0C37BD4680BC6C
:1005B000704780B483B000AF78607B685B6923F0DC
:1005C0007F4318460C37BD4680BC704780B483B06B
:1005D00000AF78607B689B6843F008027B689A6094
:1005E00000BF0C37BD4680BC704780B483B000AFFD
:1005F000786039607B681B6823F4F8123B681B0441
:100600001A437B681A6000BF0C37BD4680BC704738
:1006100080B483B000AF786039607B681B6823F0DA
:1006200078723B685B051A437B681A6000BF0C3721
:10063000BD4680BC704780B483B000AF78607B68F3
:100640009B6843F480427B689A6000BF0C37BD46CC
:1006500080BC704780B483B000AF78607B689B68D3
:1006600023F480427B689A6000BF0C37BD4680BC93
:10067000704780B483B000AF78607B689B6803F4F8
:100680008043B3F5804F01D1012300E000231846D9
:100690000C37BD4680BC704780B483B000AF786033
:1006A00039607B689B6823F400423B681A437B688F
:1006B0009A6000BF0C37BD4680BC704780B483B0E1
:1006C00000AF78607B68DB6903F00103012B01D187
:1006D000012300E0002318460C37BD4680BC70475C
:1006E00080B483B000AF78607B68DB6903F00203FD
:1006F000022B01D1012300E0002318460C37BD4630
:1007000080BC704780B483B000AF78607B68DB69E1
:1007100003F00403042B01D1012300E00023184659
:100720000C37BD4680BC704780B483B000AF7860A2
:100730007B68DB6903F00803082B01D1012300E08B
:10074000002318460C37BD4680BC704780B483B088
:1007500000AF78607B68DB6903F01003102B01D1D8
:10076000012300E0002318460C37BD4680BC7047CB
:1007700080B483B000AF78607B68DB6903F020034E
:10078000202B01D1012300E0002318460C37BD4681
:1007900080BC704780B483B000AF78607B68DB6951
:1007A00003F04003402B01D1012300E00023184651
:1007B0000C37BD4680BC704780B483B000AF786012
:1007C0007B68DB6903F08003802B01D1012300E00B
:1007D000002318460C37BD4680BC704780B483B0F8
:1007E00000AF78607B68DB6903F48073B3F5807FCA
:1007F00001D1012300E0002318460C37BD4680BC20
:10080000704780B483B000AF78607B68DB6903F425
:100810000063B3F5006F01D1012300E00023184607
:100820000C37BD4680BC704780B483B000AF7860A1
:100830007B68DB6903F40013B3F5001F01D10123CA
:1008400000E0002318460C37BD4680BC704780B4DA
:1008500083B000AF78607B68DB6903F48003B3F595
:10086000800F01D1012300E0002318460C37BD465C
:1008700080BC704780B483B000AF78607B68012291
:100880001A6200BF0C37BD4680BC704780B483B08D
:1008900000AF78607B6802221A6200BF0C37BD4649
:1008A00080BC704780B483B000AF78607B6804225E
:1008B0001A6200BF0C37BD4680BC704780B483B05D
:1008C00000AF78607B6808221A6200BF0C37BD4613
:1008D00080BC704780B483B000AF78607B68102222
:1008E0001A6200BF0C37BD4680BC704780B483B02D
:1008F00000AF78607B6840221A6200BF0C37BD46AB
:1009000080BC704780B483B000AF78607B684FF4E0
:1009100080721A6200BF0C37BD4680BC704780B43D
:1009200083B000AF78607B684FF400621A6200BF4A
:100930000C37BD4680BC704780B489B000AF78608A
:100940007B68FB60FB6853E8003FBB60BB6843F01B
:100950001003FB617B68FA69BA617B617969BA69E6
:1009600041E800233B613B69002BE9D100BF00BF98
:100970002437BD4680BC704780B489B000AF786032
:100980007B68FB60FB6853E8003FBB60BB6843F0DB
:100990002003FB617B68FA69BA617B617969BA6996
:1009A00041E800233B613B69002BE9D100BF00BF58
:1009B0002437BD4680BC704780B489B000AF7860F2
:1009C0007B68FB60FB6853E8003FBB60BB6843F09B
:1009D0004003FB617B68FA69BA617B617969BA6936
:1009E00041E800233B613B69002BE9D100BF00BF18
:1009F0002437BD4680BC704780B489B000AF7860B2
:100A00007B68FB60FB6853E8003FBB60BB6843F456
:100A10008073FB617B68FA69BA617B617969BA6945
:100A200041E800233B613B69002BE9D100BF00BFD7
:100A30002437BD4680BC704780B489B000AF786071
:100A40007B68FB60FB6853E8003FBB60BB6843F01A
:100A50008063FB617B68FA69BA617B617969BA6915
:100A600041E800233B613B69002BE9D100BF00BF97
:100A70002437BD4680BC704780B483B000AF786037
:100A80007B685B6843F040027B685A6000BF0C37AC
:100A9000BD4680BC704780B489B000AF78607B6889
:100AA0000833FB60FB6853E8003FBB60BB6843F062
:100AB0000103FB617B680833FA69BA617B6179697C
:100AC000BA6941E800233B613B69002BE7D100BFD5
:100AD00000BF2437BD4680BC704780B489B000AFEA
:100AE00078607B68FB60FB6853E8003FBB60BB68D5
:100AF00023F01003FB617B68FA69BA617B61796955
:100B0000BA6941E800233B613B69002BE9D100BF92
:100B100000BF2437BD4680BC704780B489B000AFA9
:100B200078607B68FB60FB6853E8003FBB60BB6894
:100B300023F02003FB617B68FA69BA617B61796904
:100B4000BA6941E800233B613B69002BE9D100BF52
:100B500000BF2437BD4680BC704780B489B000AF69
:100B600078607B68FB60FB6853E8003FBB60BB6854
:100B700023F04003FB617B68FA69BA617B617969A4
:100B8000BA6941E800233B613B69002BE9D100BF12
:100B900000BF2437BD4680BC704780B489B000AF29
:100BA00078607B68FB60FB6853E8003FBB60BB6814
:100BB00023F48073FB617B68FA69BA617B617969B0
:100BC000BA6941E800233B613B69002BE9D100BFD2
:100BD00000BF2437BD4680BC704780B489B000AFE9
:100BE00078607B68FB60FB6853E8003FBB60BB68D4
:100BF00023F08063FB617B68FA69BA617B61796984
:100C0000BA6941E800233B613B69002BE9D100BF91
:100C100000BF2437BD4680BC704780B483B000AFAE
:100C200078607B685B6823F040027B685A6000BF95
:100C30000C37BD4680BC704780B489B000AF786087
:100C40007B680833FB60FB6853E8003FBB60BB6810
:100C500023F00103FB617B680833FA69BA617B61A9
:100C60007969BA6941E800233B613B69002BE7D110
:100C700000BF00BF2437BD4680BC704780B483B03E
:100C800000AF78607B681B6803F01003102B01D164
:100C9000012300E0002318460C37BD4680BC704796
:100CA00080B483B000AF78607B681B6803F02003DA
:100CB000202B01D1012300E0002318460C37BD464C
:100CC00080BC704780B483B000AF78607B681B68DD
:100CD00003F04003402B01D1012300E0002318461C
:100CE0000C37BD4680BC704780B483B000AF7860DD
:100CF0007B681B6803F08063B3F1806F01D101232F
:100D000000E0002318460C37BD4680BC704780B415
:100D100089B000AF78607B680833FB60FB6853E8FC
:100D2000003FBB60BB6843F04003FB617B68083356
:100D3000FA69BA617B617969BA6941E800233B616C
:100D40003B69002BE7D100BF00BF2437BD4680BC04
:100D5000704780B489B000AF78607B680833FB606F
:100D6000FB6853E8003FBB60BB6823F04003FB61B6
:100D70007B680833FA69BA617B617969BA6941E8CD
:100D800000233B613B69002BE7D100BF00BF243744
:100D9000BD4680BC704780B489B000AF78607B6886
:100DA0000833FB60FB6853E8003FBB60BB6843F05F
:100DB0008003FB617B680833FA69BA617B617969FA
:100DC000BA6941E800233B613B69002BE7D100BFD2
:100DD00000BF2437BD4680BC704780B489B000AFE7
:100DE00078607B680833FB60FB6853E8003FBB60BA
:100DF000BB6823F08003FB617B680833FA69BA6142
:100E00007B617969BA6941E800233B613B69002B4A
:100E1000E7D100BF00BF2437BD4680BC704780B417
:100E200085B000AF786039603B68002B03D17B68E8
:100E30002833FB6002E07B682433FB60FB681846C4
:100E40001437BD4680BC704780B483B000AF786073
:100E50007B685B6ADBB218460C37BD4680BC7047C6
:100E600080B483B000AF78600B46FB70FA787B6883
:100E70009A6200BF0C37BD4680BC704780B483B017
:100E800000AF78607B689B6943F008027B689A61D9
:100E900000BF0C37BD4680BC704780B582B000AF44
:100EA00078607868FFF788FC034618460837BD4627
:100EB00080BD80B582B000AF78607868FFF75CFDD8
:100EC00000BF0837BD4680BD80B582B000AF7860F6
:100ED0007868FFF722FE00BF0837BD4680BD80B5A9
:100EE00082B000AF78607868FFF742FC034618468E
:100EF0000837BD4680BD80B582B000AF78607868A5
:100F0000FFF7CEFE034618460837BD4680BD80B5C4
:100F10008AB002AF786039607B685B687B617B690F
:100F20001B683B613B68002B02D16FF015032EE07C
:100F30007B6958687B691B6907F10C021946FFF74A
:100F4000FBF8B861BB69002B02DA00BFBB691EE089
:100F500000213869FFF777FAFB680122B3FBF2F250
:100F60003B685B081A443B68B2FBF3F3FB61FB6927
:100F70000F2B03D800BF6FF0150308E0F9683B683A
:100F80000093002300223869F3F718FF0023184666
:100F90002037BD4680BD80B584B000AF7860396031
:100FA0007B685B68FB60FB681B6839681846FFF765
:100FB0000CFA00BF1037BD4680BD80B584B000AFCD
:100FC00078607B685B68FB60FB681B681846FFF70E
:100FD0000EFA034618461037BD4680BD80B584B072
:100FE00000AF786039607B685B68FB60FB681B68FA
:100FF00039681846FFF739FA00BF1037BD4680BD83
:1010000080B584B000AF78607B685B68FB60FB688C
:101010001B681846FFF73BFA034618461037BD46D3
:1010200080BD80B584B000AF786039607B685B6854
:10103000FB60FB681B6839681846FFF7E5F900BFDD
:101040001037BD4680BD80B584B000AF78607B6846
:101050005B68FB60FB681B681846FFF7E7F903460F
:1010600018461037BD4680BD80B584B000AF7860AB
:1010700039607B685B68FB60FB681B6839681846F1
:10108000FFF766FA00BF1037BD4680BD80B584B05B
:1010900000AF78607B685B68FB60FB681B68184684
:1010A000FFF768FA034618461037BD4680BD80B585
:1010B00084B000AF78600B46FB707B685B68FB60B8
:1010C000FB78002B05D0FB681B681846FFF7B3FAC6
:1010D00004E0FB681B681846FFF7BCFA00BF103736
:1010E000BD4680BD80B584B000AF78607B685B682A
:1010F000FB60FB681B681846FFF7BBFA0346002B32
:1011000014BF01230023DBB218461037BD4680BD53
:1011100080B483B000AF0346FB71FB79012B02D092
:10112000022B03D005E04FF4C06303E04FF480636B
:1011300000E0002318460C37BD4680BC704780B4E1
:1011400083B000AF78607B68B3F5806F05D07B68B3
:10115000B3F5C06F03D1012302E0022300E00023B6
:1011600018460C37BD4680BC704780B483B000AFD2
:1011700078600B46FB70FB78022B0BD0022B0CDC4B
:10118000002B02D0012B03D007E04FF4805306E080
:10119000002304E04FF4405301E04FF4005318469D
:1011A0000C37BD4680BC704780B483B000AF786018
:1011B0007B68B3F5405F0ED07B68B3F5405F0CD819
:1011C0007B68002B05D07B68B3F5805F05D10023D9
:1011D00004E0012302E0022300E0032318460C3759
:1011E000BD4680BC704780B483B000AF03460A465A
:1011F000FB711346BB71FB79022B02D0042B08D084
:101200000AE0BB79002B02D14FF080530BE00023A2
:1012100009E04FF4805306E0BB79002B02D04FF475
:10122000805300E0002318460C37BD4680BC704751
:1012300080B483B000AF786039607B68B3F5805FBD
:101240000AD07B68B3F1805F0DD13B68002B01D1E0
:1012500002230EE001230CE03B68002B01D10423A4
:1012600007E0032305E03B68002B01D1032300E0E6
:10127000022318460C37BD4680BC704780B483B04B
:1012800000AF0346FB71FB79012B02D14FF4407391
:1012900005E0FB79032B01D1002300E00023184671
:1012A0000C37BD4680BC704780B483B000AF786017
:1012B0007B68B3F5407F01D1012300E0002318468D
:1012C0000C37BD4680BC704780B58CB000AF7860ED
:1012D00039607B685B68FB627B681B69BB62BB6AC9
:1012E0001B687B623B681B791846FFF711FF386269
:1012F0003B685B791946F86AFFF737FFF8613B688E
:101300009A793B681B7919461046FFF76CFFB86164
:101310003B68DB791846FFF7B1FF78613B68DB7902
:10132000032B0CBF01230023FB740023FB603A68EE
:101330007B6A9A4216D1FB6A1868FB693A6AB969F6
:10134000F3F71CFD79697868FFF78EFE3B681B6830
:1013500019467868FFF7DBFDF860FB68002B50DA70
:10136000FB684FE07868FFF728FE02463B6A93422D
:1013700003D0396A7868FFF70EFE7868FFF740FE01
:101380000246FB69934203D0F9697868FFF726FEAD
:101390007868FFF758FE0246BB69934203D0B969EB
:1013A0007868FFF73EFE7868FFF770FE02467B69BB
:1013B000934203D079697868FFF756FE7868FFF7A3
:1013C00091FE03461A46FB7C934204D0FB7C1946EF
:1013D0007868FFF76CFE3B681A687B6A1B689A4264
:1013E0000FD03B681B6819467868FFF790FDF860DE
:1013F000FB68002B01DAFB6804E03B681A687B6A33
:101400001A60002318463037BD4680BD90B585B0C0
:1014100000AF786039607B681B69FB60FB681B6804
:10142000BB60BB681A683B681A607868FFF7C5FD47
:1014300003461846FFF783FE03461A463B681A71B7
:101440007868FFF7DDFD03461846FFF7ADFE03465B
:101450001A463B685A717868FFF7F5FD04467868CC
:10146000FFF7ABFD034619462046FFF7E1FE0346B2
:101470001A463B689A717868FFF708FE03461846DB
:10148000FFF712FF03461A463B68DA717868FFF7E8
:1014900029FE0346002B02D03B680322DA710023A9
:1014A00018461437BD4690BD80B586B000AFF860D1
:1014B000B9607A60FB685B687B617B691B683B6134
:1014C0003869FFF731F90346002B02D03869FFF77E
:1014D000F5F93869FFF703FD0346002B02D14FF001
:1014E000FF3304E07B68B9683869984700231846E1
:1014F0001837BD4680BD80B58EB000AFF8600B4692
:101500007A607B81FB685B687B637B6B1B683B63FA
:10151000386BFFF7C2FC0346002BF9D0EFF31183C1
:10152000BB62BB6A7B6210233B623B6A83F3128817
:1015300000BFBFF36F8F00BF7B6AFB62386BFFF7A2
:10154000ACFC0346002B0CD1FB6AFB61FB69BB6161
:10155000BB6983F3118800BFBFF36F8F00BF00BF6B
:10156000D6E700BF7A897B681146386B9847FB6ADB
:101570007B617B693B613B6983F3118800BFBFF3EB
:101580006F8F00BF00BF00BF3837BD4680BD80B53C
:1015900082B000AF786039607868FFF755FC034689
:1015A0001A463B681A7000BF0837BD4680BD80B53B
:1015B00082B000AF78600B467B807B88DBB2194637
:1015C0007868FFF74DFC00BF0837BD4680BD80B589
:1015D00086B000AF78607B685B683B613B691B68E5
:1015E000FB6000237B61F868FFF79EF80346002B41
:1015F00003D07B6943F001037B61F868FFF75EF875
:101600000346002B03D07B6943F002037B61F8683B
:10161000FFF766F80346002B03D07B6943F0040311
:101620007B61F868FFF76EF80346002B03D07B69F7
:1016300043F020037B61F868FFF7D0F80346002BE6
:1016400003D07B6943F008037B617B6903F00803E7
:10165000002B02D0F868FFF755F97B6903F001030E
:10166000002B02D0F868FFF729F97B6903F0020329
:10167000002B02D0F868FFF7FDF87B6903F0040344
:10168000002B02D0F868FFF701F97B6903F0200313
:10169000002B02D0F868FFF705F97B691846183768
:1016A000BD4680BD80B58EB000AFF860B9607A608D
:1016B0003B60FB685B683B633B6B1B68FB62002322
:1016C0007B63F86AFFF7E9FB0346002B01D17B6BD4
:1016D00030E0EFF311837B627B6A3B621023FB6196
:1016E000FB6983F3128800BFBFF36F8F00BF3B6AB3
:1016F000BB6207E03B687A6BB968F86A98477B6B16
:1017000001337B637A687B6BD31A002B05DDF86AA3
:10171000FFF7C3FB0346002BECD1BB6ABB61BB697F
:101720007B617B6983F3118800BFBFF36F8F00BFBC
:1017300000BF7B6B18463837BD4680BD80B586B08C
:1017400000AFF860B9607A60BB687B617B687A69DA
:1017500013441B781946F868FFF782FB00BF18375F
:10176000BD4680BD80B588B000AFF860B9607A60D2
:101770003B60FB685B68BB61BB691B687B610023E6
:10178000FB6110E03B68FA69B96878699847FB69C2
:101790000133FB617869FEF7C7FF0346002B02D0D7
:1017A0007869FFF78BF87A68FB69D31A002B05DD9F
:1017B0007869FFF794FB0346002BE3D1FB691846D9
:1017C0002037BD4680BD90B587B000AFF860B960E6
:1017D0007A60BB687B617B687A69D418F868FFF728
:1017E00033FB0346237000BF1C37BD4690BD80B558
:1017F00084B000AF78607B685B68FB60FB681B6847
:101800001846FFF7D9F800BF1037BD4680BD80B538
:1018100084B000AF78607B685B68FB60FB681B6826
:101820001846FFF79AF900BF1037BD4680BD80B556
:1018300084B000AF78607B685B68FB60FB681B6806
:101840001846FFF72AFB0346002B09D0FB681B68EC
:101850001846FFF737FA0346002B01D0012300E0BA
:10186000002318461037BD4680BD80B584B000AF58
:1018700078607B685B68FB60FB681B681846FEF756
:1018800089FF034618461037BD4680BD80B584B039
:1018900000AF78607B685B68FB60FB681B6818467C
:1018A000FFF707FB00BF1037BD4680BD80B584B091
:1018B00000AF78607B685B68FB60FB681B6818465C
:1018C000FFF702FB00BF1037BD4680BD80B584B076
:1018D00000AF78607B685B68FB60FB681B6818463C
:1018E000FFF7FDFA034618461037BD4680BD80B5A8
:1018F00084B000AF78607B685B68FB60FB681B6846
:10190000BB60B868FFF7EBFA0346002B05D0B86858
:10191000FFF7F1FA0346002B0BD1B868FEF73AFF48
:101920000346002B07D0B868FFF7CCF90346002B1D
:1019300001D0012300E0002318461037BD4680BDCA
:1019400080B487B000AFF860B9607A60FB681B694B
:101950007B617B69BA685A607B697A689A607B6947
:1019600000221A617B6900225A6100BF1C37BD4604
:1019700080BC704780B582B000AF786039607B680A
:101980001B69002B07D07B681B697A68D0687A686E
:1019900052693968984700BF0837BD4680BD80B599
:1019A00088B000AF786000BF07F10C0300221A6016
:1019B0005A609A60DA601A6102233B737B685B6E3F
:1019C0003B617B68DB6E7B617B681A6F7B68DB6EDB
:1019D000D31ABB617B6893F8233003F02003DBB29A
:1019E000002B0DD17B681A6F7B68DA66BB69002B10
:1019F0000CD007F10C0319467868FFF7BBFF05E030
:101A000007F10C0319467868FFF7B4FF00BF2037D1
:101A1000BD4680BD80B588B000AF7860396000BF3A
:101A200006233B733B68DBB23B747B685B6E7B6178
:101A30000023BB617B681B6FFB6107F10C03194638
:101A40007868FFF797FF00BF2037BD4680BD80B59F
:101A500088B000AF786000BF07F10C0300221A6065
:101A60005A609A60DA601A617B68D3F8FC303B6197
:101A70007B68D3F808317B617B680022C3F80021C2
:101A80007B680022C3F8082107F10C031946786827
:101A9000FFF770FF00BF2037BD4680BD80B588B01E
:101AA00000AF786000BF07F10C0300221A605A6093
:101AB0009A60DA601A6101233B737B68D3F8FC30CB
:101AC0003B617B68D3F808317B617B680022C3F8F7
:101AD00000217B680022C3F8082107F10C03194696
:101AE0007868FFF747FF00BF2037BD4680BD80B54F
:101AF00088B000AF786007F10C0300221A605A60CA
:101B00009A60DA601A6103233B7307F10C031946EC
:101B10007868FFF72FFF00BF2037BD4680BD80B536
:101B200088B000AF786007F10C0300221A605A6099
:101B30009A60DA601A6104233B737B685B6E3B61D9
:101B400007F10C0319467868FFF714FF00BF203730
:101B5000BD4680BDB0B582B000AF786039603968ED
:101B6000B1F1FF3F1AD03968002917D000BF39689A
:101B700021EAE171C8170A46034612F1630443F1F2
:101B800000054FF064024FF0000320462946EEF7AF
:101B90003DFC02460B467868F5F76AFE00BF083741
:101BA000BD46B0BD80B58EB000AF786039607B684F
:101BB0001B693B6300237B633B68002B03D03B68BE
:101BC000012B0FD01BE03B6BDA6E3B6B9B6E9A4296
:101BD00003D33B6B0022DA6654E03B6B9A6E3B6B9F
:101BE0001A6730E03B6B9B6E5B08FB623B6BDB6E06
:101BF000FA6A9A4245D93B6BFA6A1A6723E03B6B53
:101C000098693B6BDB6907F108021946FEF709FB8F
:101C10000346002B16D13B6B9A6EFB68D31A7B638D
:101C20003B6BDB6E7A6B9A4209D23B6B9A6E3B6BD5
:101C30001A67386BFFF7B3FE3B6B0022DA663B6B2B
:101C40007A6B1A6700BF3B6B1A6F3B6BDB6E9A4275
:101C500002D9386BFFF7A3FE3B68002B03D03B682B
:101C6000012B04D009E03B6B0022DA660AE03B6BF3
:101C70009B6E5A083B6BDA6604E03B6B7A6BDA6664
:101C800000E000BF3837BD4680BD80B586B000AFEC
:101C900078607B681B697B617B685B683B613B6943
:101CA0001B68FB60F868FFF70DF80346002B07D0B0
:101CB000F868FEF76FFD0346002B01D0012300E01A
:101CC0000023FB72FB7A03F00103FB727B695B6804
:101CD000002B06D07B695B687A6992681146786848
:101CE00098477B695B68002B54D1F868FEF7C6FF04
:101CF0000346002B1CD0F868FEF728FD0346002B96
:101D000016D0F868FEF7E6FD00BF7B695B6F002B1D
:101D100004D102217868FFF745FF37E07B6903F1C2
:101D200078027B695B6F19461046FFF713FF2DE0C1
:101D3000FB7A002B06D0F868FEF70FFF7869FFF7F3
:101D400086FE23E0F868FFF7D6F80346002B09D09B
:101D5000F868FFF7C4F80346002B03D0F868FFF7D4
:101D60008DF813E0F868FEF7BFFF0346002B0DD097
:101D7000F868FEF746FD0346002B07D000BFF86861
:101D8000FEF7CDFD02217868FFF70CFF7868FFF7BA
:101D90001EFC00E000BF1837BD4680BD80B487B090
:101DA00000AFF860B9607A60FB681B697B617B6992
:101DB000BA681A617B697A685A617B6900225A6045
:101DC0007B6900229A60002318461C37BD4680BC00
:101DD000704780B584B000AF78607B685B68FB605B
:101DE000FB681B681846FEF7D6FF00BF1037BD46DC
:101DF00080BD80B584B000AF78607B685B68FB60B5
:101E0000FB681B681846FEF7E8FF00BF1037BD46A9
:101E100080BD80B586B000AF78607B685B687B6111
:101E20007B681B693B617B691B68FB60F868FEF798
:101E30006EFF3B69012283F8A82000BF1837BD461A
:101E400080BD80B584B000AF78607B685B68FB6064
:101E50007B681B69BB60FB681B681846FEF779FF4F
:101E6000BB68002283F8A82000BF1037BD4680BDA4
:101E700080B590B000AF78607B685B68FB63FB6BFC
:101E80001B68BB637B681B697B6307F1200300222F
:101E90001A605A609A60DA601A61052387F8203068
:101EA0007B6B93F8A83083F00103DBB2002B08D0E2
:101EB00007F120031946786BFFF75CFD6FF00D0307
:101EC0004FE0B86BFEF710FF0346002B03D0B86B52
:101ED000FEF783FE02E0B86BFEF7FFFDB86BFEF77E
:101EE000ABFE02217868FFF75DFE786BFFF717FE07
:101EF0007868FFF7A6FF7B6B78331846F5F7CCFCC4
:101F00007B6B9A697B6BDB6919461046FEF770F9AB
:101F10007B6BD3F84831002B13D007F10C03002260
:101F20001A605A609A60DA601A6104233B737B6B13
:101F3000D3F848313B6107F10C031946786BFFF782
:101F400019FD7B6B0022C3F848217B6B0022C3F88C
:101F50004C2100BF07F120031946786BFFF70AFDFB
:101F6000002318464037BD4680BD80B594B000AF11
:101F7000F860B9607A603B60BB68FB64FB6C1B690E
:101F8000BB64EFF311833B643B6CFB631023BB63C7
:101F9000BB6B83F3128800BFBFF36F8F00BFFB6B77
:101FA0007B64F86CFFF725FFBB6C03F5887318465C
:101FB000F5F772FCBB6CD3F8B000BB6CD3F8B4304F
:101FC00007F110021946FEF72CF90346002B07D142
:101FD000BB6CD3F800217B69D21ABB6CC3F8082113
:101FE0007B6C7B637B6B3B633B6B83F3118800BF34
:101FF000BFF36F8F00BF00BF00BF5037BD4680BD2D
:1020000090B589B002AF78607B685B68FB60FB6865
:102010001B683B617B681B697B6100BF7B69002299
:10202000DA667B6900221A677B69D3F848217B69ED
:102030005A667B69D3F84C217B699A667B699A6EF4
:102040007B699A657B695B6E1A467B699A647B69DA
:102050000022C3F848217B690022C3F84C217B6928
:1020600098697B69D9697B695A6C7B699C6C7B69CF
:102070009B6D00932346FEF78CF87B699A697B6918
:10208000DB6919461046FEF7A3F83869FEF722FC13
:102090007869FFF72CFD00BF1C37BD4690BD80B5A9
:1020A00086B000AFF860B9607A603B60BB687B6166
:1020B0007B691B693B613B68002B04DA396838692E
:1020C000FFF7A8FC30E03B6978331846F5F7E4FBEE
:1020D0003B6993F8233003F02003DBB2002B1DD1C2
:1020E0003B699A6E3B691A673869FFF758FC3B6990
:1020F000D3F84831002B06D03869FFF710FD786916
:10210000FFF77EFF10E03B6903F178014FF0010219
:102110004FF000030846F5F7ABFB05E03B69DB68D1
:1021200039681846FFF73EFD1837BD4680BD80B5BB
:102130008AB000AFF860B9607A603B60FB685B68AA
:102140007B617B691B68BB61FB681B693B62012388
:10215000FB613B6AD3F8B030002B02D16FF0120361
:1021600068E03B6AD3F80031002B02D06FF00F0318
:1021700060E0BB6879681846FDF7BAFF034683F054
:102180000103DBB2002B03D000BF6FF00D0351E061
:102190003B6ABA68C3F8FC203B6A7A68C3F800213E
:1021A0003B6A3A68C3F80C2100BFB869FEF79EFB92
:1021B000B869FEF701FC3B6AD3F8FC301A463B6A6B
:1021C000C3F8DC203B6AD3F800213B6AC3F8F02057
:1021D0003B6AD3F8B0003B6AD3F8B4103B6AB8331B
:1021E0001A46FDF7C4FF78627B6A002B03D000BF5C
:1021F0006FF015031EE03B6AD3F8B0203B6AD3F8BA
:10220000B43019461046FDF7E3FF0346002B03D018
:1022100000BF6FF00D030DE03B6A03F588723B6A67
:10222000D3F80C3119461046FFF794FCF868FFF715
:10223000D0FD002318462837BD4680BD80B588B044
:1022400000AFF860B9607A603B60FB685B687B61F7
:102250007B691B68BB61FB681B69FB61FB699B6950
:10226000002B02D16FF0120367E0FB6993F8A830EE
:10227000002B03D000BF6FF00F035EE0BB687968EE
:102280001846FDF735FF034683F00103DBB2002B50
:1022900003D000BF6FF00D034FE0FB690022DA6648
:1022A000FB69BA685A66FB697A689A66FB6900221C
:1022B0001A67FB693A685A67B869FEF705FEFB6959
:1022C0007A689A65FB695B6E1A46FB699A64FB69DA
:1022D0009869FB69D969FB6920331A46FDF747FF06
:1022E00038613B69002B03D000BF6FF0150324E079
:1022F000FB699A69FB69DB6919461046FDF768FFBF
:102300000346002B03D000BF6FF00D0315E0B86942
:10231000FEF7B4FDF868FFF77CFDFB691B681B68DE
:102320003A681946B869F2F773FFB869FEF7B3FB6C
:10233000F869FFF7DCFB00BF3B6918462037BD4654
:1023400080BD80B58CB000AF78607B681B69FB6294
:10235000FB6AD3F80031BB62BB6A002B02D16FF07D
:102360000D0327E0FB6A03F588731846F5F794FA26
:10237000FB6AD3F8B000FB6AD3F8B43007F1080267
:102380001946FDF74EFF0346002B05D1FB68BA6ADC
:10239000D21AFB6AC3F80821FB6AD3F8B020FB6AA3
:1023A000D3F8B43019461046FDF722FFF86AFFF75C
:1023B00075FB002318463037BD4680BD80B58CB014
:1023C00000AF78607868FDF789FEF862FB6A603BD1
:1023D000BB62BB6A183B7B627B6ADB683B6200BF07
:1023E000EFF31183BB61BB697B6110233B613B69E8
:1023F00083F3128800BFBFF36F8F00BF7B69FB615F
:102400007B6A93F8233003F02003DBB2002B09D161
:102410007B6A1A6F7B6A9B6E9A4203D1386AFFF718
:1024200027FD03E00221386AFFF7BCFBFB69FB6074
:10243000FB68BB60BB6883F3118800BFBFF36F8F7D
:1024400000BF00BF00BF3037BD4680BD80B586B03D
:1024500000AF78607868FDF741FE78617B69603B8A
:102460003B613B69B03BFB60FB68DB68BB60B86805
:10247000FFF767FF00BF00BF1837BD4680BD80B5BE
:102480008CB000AFF860B9607A60FB681B69FB62D2
:102490000023BB6200BFBB6879681846FDF728FEC1
:1024A000034683F00103DBB2002B03D000BF6FF0C3
:1024B0000D0339E0EFF311833B623B6AFB611023AC
:1024C000BB61BB6983F3128800BFBFF36F8F00BF8E
:1024D000FB697B62FB6AD3F84831002B03D06FF0B5
:1024E0000F03BB6213E0FB6A93F8A83083F001038B
:1024F000DBB2002B03D06FF00C03BB6207E0FB6A7A
:10250000BA68C3F84821FB6A7A68C3F84C217B6A31
:102510007B617B693B613B6983F3118800BFBFF33B
:102520006F8F00BF00BFBB6A18463037BD4680BD05
:1025300080B584B000AF78607B685B68BB60BB68C7
:102540005A68BB681B6919461046FDF7DCFDF86048
:10255000FB68002B02D000BFFB6800E00023184698
:102560001037BD4680BD80B584B000AF78607B6811
:102570005B68FB607868FFF7DBFFB860BB68002B27
:1025800001DABB681CE0FB685B6A00211846FDF7B6
:1025900077FEB860BB68002B01DABB6810E0786892
:1025A000F2F7D0FFB860BB68002B01DABB6807E028
:1025B000FB689B6A786898477868F2F791FE034653
:1025C00018461037BD4680BD80B582B000AF786038
:1025D000002200212520FBF79FF92520FBF78FF92A
:1025E0000837BD4680BD80B485B000AFEFF31183DE
:1025F000FB60FB68BB6010237B607B6883F3128801
:1026000000BFBFF36F8F00BFBB683B603B681846DD
:102610001437BD4680BC704780B483B000AF002340
:102620007B607B68002B01D07B6801E04FF4965300
:102630003B603B68022B38BF022318460C37BD466F
:1026400080BC704780B582B000AFC7E90001F3F7E6
:10265000B3F802463B68D31A18460837BD4680BD1A
:1026600080B483B000AF78607B6818460C37BD46F5
:1026700080BC704780B582B000AF78600B46FB70BD
:102680007868F3F70BF90837BD4680BD80B400AF1A
:1026900000BFBD4680BC704780B489B000AFF86011
:1026A000B9607A60FB6803F00703FB61FB69C3F163
:1026B0000703042B28BF0423BB61FB690433062BEB
:1026C00002D9FB69033B00E000237B610122BB6967
:1026D00002FA03F35A1EBB681A407B699A40012133
:1026E0007B6901FA03F3591E7B680B4013431846BC
:1026F0002437BD4680BC704780B586B000AF034626
:10270000B9607A60FB81F3F7EBFB78617A68B968AE
:102710007869FFF7C1FF0246B7F90E301146184637
:10272000F3F7ECFB00BF1837BD4680BD80B582B023
:1027300000AF78607868F3F70BFC0346184608375B
:10274000BD4680BD80B584B000AFF860B9607A60E6
:102750007B689A687B68DB681A437B681B691A434D
:102760007B685B691A437B689B691A437B68DB69FA
:102770001A437B689B6A1A437B68DB6B1A437B684E
:102780001B6C13431A46B968F868F3F703FC7B68BF
:10279000DB6A002B15D07B68DA6A7B681B6BB96833
:1027A000F868F3F7B9FC7B685B6B1A46B968F868A0
:1027B000F3F76AFC7B689B6B1A46B968F868F3F715
:1027C00087FC7B685B681A46B968F868F3F7CAFC4F
:1027D0007B681B681A46B968F868F3F7DDFC7B680C
:1027E0001B6A1A46B968F868F3F7FAFB7B685B6AFC
:1027F0001A46B968F868F3F719FC00231846103731
:10280000BD4680BD80B483B000AF78607B68002295
:102810001A607B6800225A607B6800229A607B689D
:102820000022DA607B6800221A617B6800225A610C
:102830007B6800229A617B680022DA617B68002253
:102840001A627B6800225A627B6800229A627B6867
:102850000022DA627B6800221A637B6800225A63D6
:102860007B6800229A637B680022DA637B6800221F
:102870001A6400BF0C37BD4680BC704780B483B07B
:1028800000AF7860002318460C37BD4680BC704707
:1028900080B584B000AF78600023FB607B685B6923
:1028A000002B17D07B685B6978689847F860FB68F5
:1028B000002B0FD0FB68002B02DAFB685B42FB6049
:1028C000FB68FF2B01DDFF23FB607B68DB68FA6898
:1028D000D2B21A707B68DA68537843F00103537000
:1028E000FB68002B02D17868FFF7C8FFFB685B42EA
:1028F00018461037BD4680BD80B483B000AF786005
:102900007B68002B01D1002312E07B68DB685B78D9
:1029100003F00103DBB2002B06D07B68DB681B7879
:10292000002B01D1012300E0002303F00103DBB2FF
:1029300018460C37BD4680BC704780B582B000AFEA
:1029400078607868EFF7D0FA00BF0837BD4680BDE1
:1029500080B485B000AFF860B9607A6000BF14370A
:10296000BD4680BC704780B487B000AF7860EFF39D
:1029700011837B617B693B611023FB60FB6883F300
:10298000128800BFBFF36F8F00BF00BFFDE782B0AA
:102990000190019B4033184602B0704782B001900D
:1029A00000BF02B0704700B583B00190019800F0FD
:1029B00004F800BF03B05DF804FB00B583B00190DC
:1029C0000198F5F7CDF800BF03B05DF804FB00B542
:1029D00085B00390CDE90023DDE900234FF000002E
:1029E0004FF000018B4208BF824203D10398FFF7EA
:1029F000DAFF04E0DDE900230398F3F7D7FD00BF19
:102A000005B05DF804FB82B00190019B1B7C23F0B4
:102A10000403DAB2019B1A7400BF02B0704782B09F
:102A20000190019B9B8923F001039AB2019B9A813B
:102A300000BF02B0704700BF704780B500AFFAF723
:102A4000D3FF00BF80BD80B58AB000AFF860B96029
:102A50007A60EFF311833B623B6AFB611023BB6139
:102A6000BB6983F3128800BFBFF36F8F00BFFB69A0
:102A70007B62FFF7E2FFECE780B400AF00BF00BF6E
:102A800000BFBD4680BC704780B483B000AF7860A3
:102A90007B687A681A607B687A685A6000BF0C3776
:102AA000BD4680BC704780B483B000AF78607B685F
:102AB00000221A607B6800225A6000BF0C37BD46B6
:102AC00080BC704780B483B000AF78607B681B68BF
:102AD0007A689A420CBF01230023DBB218460C37F8
:102AE000BD4680BC704780B582B000AF7860786822
:102AF000FFF7E8FF0346002B02D17B681B6800E06C
:102B0000002318460837BD4680BD80B584B000AFAD
:102B100078607B685B68FB607B681B68BB60FB68F8
:102B2000BA681A60BB68FA685A607868FFF7BBFF3A
:102B300000BF1037BD4680BD80B483B000AF786061
:102B40007B681B6818460C37BD4680BC704780B454
:102B500083B000AF786039607B683A681A6000BF64
:102B60000C37BD4680BC704780B483B000AF78603E
:102B700039607B683A681A6000BF0C37BD4680BC7C
:102B8000704780B483B000AF786039607B683A6882
:102B90005A6000BF0C37BD4680BC704780B483B01C
:102BA00000AF78607B681B6818460C37BD4680BC58
:102BB000704780B483B000AF78607B685B6818466C
:102BC0000C37BD4680BC704780B582B000AF7860DE
:102BD0007868FFF7E3FF0346002B0CBF01230023B7
:102BE000DBB218460837BD4680BD80B582B000AF65
:102BF00078607868FFF7A0FF034618460837BD469F
:102C000080BD80B582B000AF78607B68002B04D0B7
:102C10007868FFF7EAFF034600E00023184608370C
:102C2000BD4680BD80B582B000AF786039600021BC
:102C30003868FFF78CFF7868FFF7BBFF0346002B6F
:102C400008D139687868FFF79CFF39687868FFF722
:102C50008BFF0BE07868FFF7ACFF03463968184636
:102C6000FFF775FF39687868FFF78BFF0837BD46B7
:102C700080BD80B584B000AFF860B9607A60BB6891
:102C8000002B17D17868FFF757FF03461946F868FD
:102C9000FFF76AFFF868FFF78CFF02467B689342F4
:102CA0001BD1F868FFF77AFF03461946F868FFF76B
:102CB00068FF12E07868FFF73FFF03461946B868DF
:102CC000FFF745FFF868FFF774FF02467B68934201
:102CD00003D1B968F868FFF754FF00217868FFF75F
:102CE00036FF1037BD4680BD80B584B000AF786038
:102CF00039600023FB607868FFF750FFB86010E090
:102D0000BA683B689A4206D13A68F9687868FFF772
:102D1000B0FF012309E0BB68FB60B868FFF771FFF3
:102D2000B860BB68002BEBD1002318461037BD46B6
:102D300080BD80B483B000AF786000BF0C37BD4663
:102D400080BC704780B582B000AF78607B68183374
:102D50001846F6F719FE034618460837BD4680BDEB
:102D600080B483B000AF78607B681B7C03F0020303
:102D7000002B14BF01230023DBB218460C37BD46DD
:102D800080BC704780B483B000AF78607B681B7CE8
:102D900023F00203DAB27B681A7400BF0C37BD4619
:102DA00080BC704780B483B000AF78607B6813F15B
:102DB000800FACBF01230023DBB218460C37BD46A1
:102DC00080BC704780B582B000AF78607868FFF74C
:102DD000E9FF0346002B01D07B6801E06FF07F0321
:102DE00018460837BD4680BD80B483B000AF786018
:102DF00039607A683B689A42B4BF01230023DBB292
:102E000018460C37BD4680BC704780B582B000AF15
:102E10007860396039687868FFF7E6FF034618463E
:102E20000837BD4680BD80B586B000AF78607B684E
:102E3000FB60FB689B681A467B687B613A617B6933
:102E40001846FFF762FE00BF7868FFF79BFF7B68BC
:102E500000229A6000BF1837BD4680BD80B582B0A1
:102E600000AF78607B681846FFF70EFE00BF08379A
:102E7000BD4680BD80B582B000AF78607B681846E3
:102E8000FFF731FE034618460837BD4680BD80B5C2
:102E900082B000AF78607B6800229A607B68002275
:102EA000DA607B681846FFF7D9FF7B6800221A6159
:102EB0007868FFF73EFF002318460837BD4680BDFF
:102EC00080B584B000AF7860396039687868FFF702
:102ED0009CFF0346002B01D07B6800E03B68FB6051
:102EE000F868FFF76FFFF860FB6818461037BD46BB
:102EF00080BD80B582B000AF786039607B689B6828
:102F000093F90E301A463B68934208D000BF7B68A5
:102F10009B6839681846F5F7C7FE034600E00023B2
:102F200018460837BD4680BD80B588B000AF7860D0
:102F300039603B68BB617B68A8331846FFF72EFEFB
:102F4000F8611EE0FB69103B7B617B691846FFF767
:102F500091FF38613B69002B0FD03B6993F90E302C
:102F60001846FFF72FFFF860B969F868FFF74DFFC3
:102F70000346002B01D0FB68BB61F869FFF741FEF7
:102F8000F861FB69002BDDD1BB6918462037BD46CF
:102F900080BD80B483B000AF78607B687A681A60C7
:102FA0007B687A685A6000BF0C37BD4680BC7047AA
:102FB00080B483B000AF78607B6800221A607B68C1
:102FC00000225A6000BF0C37BD4680BC704780B4F9
:102FD00083B000AF78607B681B687A689A420CBF48
:102FE00001230023DBB218460C37BD4680BC704776
:102FF00080B582B000AF78607868FFF7E8FF0346DD
:10300000002B02D17B681B6800E0002318460837BC
:10301000BD4680BD80B584B000AF78607B685B68DA
:10302000FB607B681B68BB60FB68BA681A60BB68A2
:10303000FA685A607868FFF7BBFF00BF1037BD46DB
:1030400080BD80B483B000AF786000BF0C37BD4650
:1030500080BC704780B582B000AF78607B68183361
:103060001846F6F791FC034618460837BD4680BD62
:1030700080B582B000AF78607B681846FFF789FFA3
:1030800000BF0837BD4680BD80B483B000AF786014
:103090007B681B7C23F00203DAB27B681A7400BFE2
:1030A0000C37BD4680BC704780B586B000AF7860F5
:1030B0007B68FB60FB689B681A467B687B613A61B2
:1030C0007B691846FFF7A6FF00BF7868FFF7DCFFB3
:1030D0007B6800229A6000BF1837BD4680BD80B56E
:1030E00084B000AFF860B9607A607B68002B03D0D1
:1030F000BA687B689A4202D96FF015030DE0FB684D
:10310000BA689A60FB687A68DA60FB681846FFF76D
:10311000AFFFF868FFF795FF002318461037BD464C
:1031200080BD80B483B000AF7860002318460C37B0
:10313000BD4680BC704780B483B000AF78607B68C8
:103140007A681A607B687A685A6000BF0C37BD469F
:1031500080BC704780B483B000AF78607B68002289
:103160001A607B6800225A6000BF0C37BD4680BCE5
:10317000704780B483B000AF78607B681B687A6862
:103180009A420CBF01230023DBB218460C37BD4620
:1031900080BC704780B582B000AF78607868FFF778
:1031A000E8FF0346002B02D17B681B6800E0002388
:1031B00018460837BD4680BD80B584B000AF786042
:1031C0007B685B68FB607B681B68BB60FB68BA68F8
:1031D0001A60BB68FA685A607868FFF7BBFF00BFE7
:1031E0001037BD4680BD80B483B000AF78607B6887
:1031F00000221A607B6800225A6000BF0C37BD466F
:1032000080BC704780B483B000AF78607B681B6877
:1032100018460C37BD4680BC704780B483B000AF01
:10322000786039607B683A681A6000BF0C37BD4629
:1032300080BC704780B483B000AF786039607B6831
:103240003A681A6000BF0C37BD4680BC704780B436
:1032500083B000AF786039607B683A685A6000BF1D
:103260000C37BD4680BC704780B483B000AF786037
:103270007B681B6818460C37BD4680BC704780B41D
:1032800083B000AF78607B685B6818460C37BD463A
:1032900080BC704780B582B000AF78607868FFF777
:1032A000E3FF0346002B0CBF01230023DBB21846CB
:1032B0000837BD4680BD80B582B000AF78607868C1
:1032C000FFF7A0FF034618460837BD4680BD80B50E
:1032D00082B000AF78607B68002B04D07868FFF77D
:1032E000EAFF034600E0002318460837BD4680BDCC
:1032F00080B582B000AF7860396000213868FFF790
:103300008CFF7868FFF7BBFF0346002B08D13968B4
:103310007868FFF79CFF39687868FFF78BFF0BE050
:103320007868FFF7ACFF034639681846FFF775FF6A
:1033300039687868FFF78BFF0837BD4680BD80B5D8
:1033400084B000AF78607868FFF78EFFF860F868A7
:10335000FFF758FF034619467868FFF76BFF786858
:10336000FFF78DFF0246FB68934207D17868FFF7AD
:103370007BFF034619467868FFF769FFFB6818462C
:103380001037BD4680BD80B582B000AF78607868E8
:10339000FFF780FF0346002B04D17868FFF7CFFFCB
:1033A000034600E0002318460837BD4680BD80B5BF
:1033B00084B000AFF860B9607A60BB68002B17D1A9
:1033C0007868FFF71FFF03461946F868FFF732FFDA
:1033D000F868FFF754FF02467B6893421BD1F868F8
:1033E000FFF742FF03461946F868FFF730FF12E087
:1033F0007868FFF707FF03461946B868FFF70DFF27
:10340000F868FFF73CFF02467B68934203D1B96836
:10341000F868FFF71CFF00217868FFF7FEFE103701
:10342000BD4680BD80B584B000AF786039600023B0
:10343000FB607868FFF718FFB86010E0BA683B6877
:103440009A4206D13A68F9687868FFF7B0FF01231D
:1034500009E0BB68FB60B868FFF739FFB860BB687C
:10346000002BEBD1002318461037BD4680BD80B538
:1034700082B000AF7860786800F02AF800BF0837A3
:10348000BD4680BD80B58CB008AFF860B9607A6089
:103490003B60D7E90C23CDE90623BB6A04937B6A22
:1034A00003933B6A0293FB690193BB6900933B68FA
:1034B0007A68B968F86800F07BFC03461846103754
:1034C000BD4680BD80B500AF00F0B3FC00BF80BD3D
:1034D00080B582B000AF78607868F4F741FB00BF38
:1034E0000837BD4680BD80B582B000AF78603960D6
:1034F00039687868F4F724FA034618460837BD4659
:1035000080BD80B582B000AF78607868F3F702FDC7
:1035100000BF0837BD4680BD80B582B000AF78607F
:103520007B681846FFF716FE79684FF000024FF0EF
:103530000003C1E9022300BF0837BD4680BD80B546
:1035400082B000AF78607B6818331846F6F71CFA33
:10355000034618460837BD4680BD80B582B000AF2F
:1035600078607B681846FFF7E6FD00BF0837BD4668
:1035700080BD80B483B000AF78607B681B7C23F093
:103580000203DAB27B681A7400BF0C37BD4680BCF8
:10359000704780B586B000AF78607B68FB60FB68E1
:1035A0009B681A467B687B613A617B691846FFF726
:1035B00003FE00BF7868FFF7DCFF7B6800229A609B
:1035C00000BF1837BD4680BD80B594B000AFF8602D
:1035D000B9607A60002387F84F3002E0012387F852
:1035E0004F30FB68BB64BB687B647B683B64002333
:1035F00087F83F30BB6CBB63BB6B7B6300233B63D3
:10360000786BFFF7C7FDF862FB6A002B01D0FB6AFD
:103610003B633B6BBB62BB6A002B14BF01230023DF
:10362000DBB2002B05D0B86AFFF7B3FFB86AFFF72B
:1036300086FFBB6A7B627B6A002B18D07B6C7A6A40
:103640003A62FB613B6CBB613B6A7B61FB693B613E
:103650007B693A69C3F8BC2000BF3B6ABA695A610A
:1036600000BF786AF4F728FC012387F83F3097F809
:103670003F30002BB2D197F84F3018465037BD4637
:1036800080BD80B483B000AF786039607B681A6811
:1036900001213B6801FA03F3DB431A407B681A609F
:1036A00000BF0C37BD4680BC704780B483B000AF0C
:1036B000786039607B681A6801213B6801FA03F37E
:1036C0001A437B681A6000BF0C37BD4680BC704748
:1036D00080B483B000AF786039607B681A683B685B
:1036E00022FA03F303F00103DBB218460C37BD46A0
:1036F00080BC704780B584B000AF786039603B68AB
:1037000019467868FFF7E4FF0346FB733B681946E8
:103710007868FFF7B6FFFB7B18461037BD4680BDC3
:1037200080B483B000AF786039607B683A681A6013
:1037300000BF0C37BD4680BC704780B483B000AF7B
:1037400078607B681B6818460C37BD4680BC7047A4
:1037500080B584B000AF78607B68FB607B680C3319
:1037600004211846FFF78DFFFB6810331846FFF75A
:10377000C8FE00BF1037BD4680BD80B582B000AF27
:1037800078607B680C331846FFF7D7FF034603F0D9
:103790001F0318460837BD4680BD80B582B000AF14
:1037A000786039603B680C3302211846FFF7A2FFAE
:1037B0000346002B06D07B68C4333A68114618468E
:1037C000FFF730FE00BF0837BD4680BD80B592B020
:1037D00000AF7860002387F847307B68002B4AD021
:1037E0007B68CC333B640023FB630023BB63002373
:1037F00087F837303B6C3B633B6BFB620023BB625B
:10380000F86AFFF7C7FC78627B6A002B01D07B6AFD
:10381000BB62BB6A3B623B6A002B14BF01230023DF
:10382000DBB2002B05D0386AFFF7B3FE386AFFF72A
:1038300086FE3B6AFB61FB69002B18D0FB6BFA69C3
:10384000BA617B61BB6B3B61BB69FB607B69BB6041
:10385000FB68BA68C3F8BC2000BFBB693A695A610B
:1038600000BFF869F4F728FB012387F8373097F891
:10387000373087F8473097F8473018464837BD4605
:1038800080BD80B584B000AF786039600023FB60F4
:103890007B680C3301211846FFF71AFF0346002B03
:1038A00003D06FF00F03FB603BE07B680C33022119
:1038B0001846FFF70DFF034683F00103DBB2002B30
:1038C0002FD00123FB603B681B68002B03D17B6872
:1038D0009A683B681A607B680C3300211846FFF732
:1038E000F7FE0346002B05D07B689A683B681A6098
:1038F0000223FB603B681B6879681846F3F780FC7D
:10390000B860BB68002B02DABB68FB6009E07B682B
:103910000C3302211846FFF7C8FE3B681A687B6823
:103920009A60FB68002B02DC3B6800221A60FB688F
:1039300018461037BD4680BD80B584B000AF7860B2
:103940007B680C3301211846FFF7C2FE034683F063
:103950000103DBB2002B05D07B689B6879681846B1
:10396000FFF71BFF7868FFF708FFF860FB68002B84
:1039700009D07B680C3301211846FFF796FE786862
:10398000FFF7FBFEF860FB6818461037BD4680BDA8
:1039900080B58EB000AF786039607B681846302300
:1039A0001A460021F6F7AEF97B683A685A607B68E0
:1039B0004FF48072DA607B6810331846FFF7ACFD75
:1039C00000BF3837BD4680BD80B582B000AF78609B
:1039D000396039687868F3F7ADFE7B681846FFF701
:1039E000ABFF034618460837BD4680BD82B0019044
:1039F000019B019A1A60019B019A5A6000BF02B0B4
:103A0000704782B00190019B00221A60019B002246
:103A10005A6000BF02B0704782B00190019B002243
:103A20001A60019B00225A6000BF02B0704782B04A
:103A30000190019B4033184602B0704700B583B037
:103A40000190019800F004F800BF03B05DF804FB9A
:103A500000B583B001900198F4F782F800BF03B07D
:103A60005DF804FB00B583B00190019B1846FFF799
:103A7000C8FF01994FF000024FF00003C1E9022393
:103A800000BF03B05DF804FB00B583B00190019B5B
:103A900018331846FFF7E6FF00BF03B05DF804FBDC
:103AA00000B583B00190019B18331846F5F76CFF01
:103AB0000346184603B05DF804FB00B585B00390DB
:103AC000CDE90023DDE900234FF000004FF00001B5
:103AD0008B4208BF824203D10398FFF7AFFF04E097
:103AE000DDE900230398F3F715FF00BF05B05DF88B
:103AF00004FB82B00190019B1B7C03F00803002BA8
:103B000014BF01230023DBB2184602B0704782B015
:103B10000190019B1B7C03F00403002B14BF0123C5
:103B20000023DBB2184602B0704782B00190019BBF
:103B30001B7C23F00403DAB2019B1A7400BF02B0AD
:103B4000704782B00190019B9B8903F00103DBB2B7
:103B5000184602B0704700B583B00190019B18462B
:103B6000FFF744FF00BF03B05DF804FB82B0EFF342
:103B700005830193019B002B14BF01230023DBB2BB
:103B8000184602B0704700B583B001900091009BC9
:103B9000002B0BD0019B74331F2200991846F6F7B7
:103BA000A3FB019B002283F8932003E0019B0022EA
:103BB00083F8742000BF03B05DF804FB82B001906D
:103BC000019B7433184602B0704710B58AB0039059
:103BD00002910192019B073323F007037F3323F007
:103BE0003F0305930298FFF722FF03460693059BC8
:103BF000403B0793059B3F2B0ED800230993099B5D
:103C00000893089B83F3118800BFBFF36F8F00BF39
:103C100000BF0423184602DF039B1C4605AB93E854
:103C2000070084E8070003980AB010BD86B003902F
:103C300002910192019B1B68029A13440593059B14
:103C4000184606B0704782B00190009100BF02B0E4
:103C5000704782B0019000BF02B0704700B587B0D6
:103C60000390029101920023059302990398F9F7BA
:103C70000BFE0246059B13440593059B073323F077
:103C80000703184607B05DF804FB84B00390029167
:103C900001920093029A039BC3F89420039B019A1C
:103CA000C3F89820039B009AC3F89C2000BF04B07F
:103CB000704700B58BB003900291019205AB019A59
:103CC00002991846FFF781FF05AB1A46029903983F
:103CD000FFF7ACFF089000BF069B079A11461846F5
:103CE000FFF7B1FF069B1846FFF7B3FF079B1A4685
:103CF00008990398FFF7B2FF09900699079A099B64
:103D00000398FFF7C2FF099B5B42089A13441846C9
:103D10000BB05DF804FB82B00190009100BF02B0CF
:103D2000704782B0019000BF02B0704782B001902E
:103D300000BF02B0704784B003900291019200BFAF
:103D400004B0704782B00190009100BF02B070478C
:103D500082B0019000BF02B0704782B0019000BFF6
:103D600002B0704700B583B00190009100990198AE
:103D7000FFF709FF00BF03B05DF804FB82B00190BC
:103D800000BF02B0704782B00190009100BF02B046
:103D9000704782B0019000BF02B0704782B00190BE
:103DA00000BF02B0704782B0019000BF02B0704700
:103DB00000B58BB0099008910792069300230593F4
:103DC000109B04930F9B03930E9B02930D9B0193F7
:103DD0000C9B0093069B079A08990998F3F710FE2D
:103DE000DDE912230998FFF768FE099B18460BB01E
:103DF0005DF804FB00B585B0039002910192009339
:103E0000039B00229A60009B9AB2039B9A81019BBC
:103E1000DAB2039B1A74029B5AB2039B9A73039BF8
:103E20000022DA730398FFF72FFE00BF05B05DF89C
:103E300004FB08B5F4F7CEFD00BF08BD82B00190C9
:103E4000019B00221A60019B00225A6000BF02B051
:103E5000704782B00190019B1B68002B14BF0123A7
:103E60000023DBB2184602B0704782B00190019B7C
:103E70001B68019A9A420CBF01230023DBB218464B
:103E800002B0704700B583B001900198FFF7EDFFD5
:103E90000346002B02D1019B1B6800E0002318465B
:103EA00003B05DF804FB82B001900091019B5B6858
:103EB000009A9A4202D0009B1B6800E0002318463B
:103EC00002B0704700B583B001900091009B002BB9
:103ED00005D000990198FFF7E6FF034600E00023B4
:103EE000184603B05DF804FB84B001900091019B7B
:103EF0005B680393009B019A1A60009B039A5A60C7
:103F0000039B009A1A60019B009A5A6000BF04B09C
:103F1000704784B001900091019B5B680393009B04
:103F2000039A5A60009B019A1A60039B009A1A60D8
:103F3000019B009A5A6000BF04B0704784B00190A2
:103F4000019B5B680393019B1B680293039B029A8E
:103F50001A60029B039A5A6000BF04B0704700B514
:103F600085B00190019B5B680393019B1B680293E2
:103F7000039B029A1A60029B039A5A600198FFF70A
:103F80005DFF00BF05B05DF804FB00B583B0019094
:103F9000019B1846FFF75DFF0346002B14BF01236A
:103FA0000023DBB283F00103DBB203F00103DBB2D9
:103FB000184603B05DF804FB00B583B00190019B87
:103FC00018331846F5F7E0FC0346184603B05DF8D1
:103FD00004FB82B00190019BDB897F2B94BF0123FE
:103FE0000023DBB2184602B0704782B00190002374
:103FF000184602B0704782B00190019B1B7C03F011
:104000000203002B14BF01230023DBB2184602B0C9
:10401000704782B00190019B1B7C03F02003002BB2
:1040200014BF01230023DBB2184602B0704782B0F0
:104030000190019B1B7C03F06003002B14BF012344
:104040000023DBB2184602B0704784B00190019B98
:104050001B7C8DF80F309DF80F3003F01F03002BF1
:1040600014BF01230023DBB2184604B0704700B52B
:1040700083B00190019B18331846FFF786FF034673
:10408000002B14BF01230023DBB283F00103DBB25A
:1040900003F00103DBB2184603B05DF804FB00B582
:1040A00083B001900198FFF7D0FF0346002B14BFA7
:1040B00001230023DBB283F00103DBB203F0010331
:1040C000DBB2184603B05DF804FB82B001900091AA
:1040D000019B1B7C1A46009B1340002B14BF01233D
:1040E0000023DBB2184602B0704700B583B00190E0
:1040F00080210198FFF7E9FF0346184603B05DF8F9
:1041000004FB82B00190019B1B7C63F07F03DAB259
:10411000019B1A7400BF02B0704782B00190019BEE
:104120001B7C03F07F03DAB2019B1A7400BF02B05C
:10413000704782B00190019B1B7C43F00203DAB20E
:10414000019B1A7400BF02B0704782B00190019BBE
:104150001B7C23F00203DAB2019B1A7400BF02B089
:10416000704782B00190019B1B7C23F00403DAB2FC
:10417000019B1A7400BF02B0704782B00190019B8E
:104180009B8903F00103DBB2184602B0704700B50B
:1041900087B00190019B0393039B9B681A46019B88
:1041A00005930492059B1846FFF7D9FE00BF0198BE
:1041B000FFF7CBFF019B00229A6000BF07B05DF8BC
:1041C00004FB00B583B00190019B1846FFF75AFE2F
:1041D0000346184603B05DF804FB82B0019001234A
:1041E000184602B0704782B0019000BF02B070471D
:1041F00082B00190019B184602B0704782B00190D6
:1042000000BF02B0704782B0019000BF02B070479B
:1042100082B001900023184602B0704784B001902C
:10422000019B0393039B002B0CBF01230023DBB2F4
:10423000002B0FD0EFF305830293029B002B14BFDA
:1042400001230023DBB283F00103DBB2002B01D09A
:10425000012300E0002303F00103DBB2184604B0A1
:10426000704700B58BB001900091009B1846FFF796
:10427000D5FF0346002B10D0F4F720FB0346002B9C
:104280000BD0019B0993009B0393099B089300BFEC
:10429000039B1846F3F722FD10E0009B0493019B5B
:1042A0000793049B0693069B0593059B83F3118854
:1042B00000BFBFF36F8F00BF00BF00BF00BF0BB0D8
:1042C0005DF804FB00B58BB0019000910198F3F705
:1042D00015FF0198FFF72DFF009B002B51D0019B8C
:1042E000009A9A60009B0993019B08930998FFF735
:1042F000C9FD0346002B04D00998FFF7C3FD034610
:1043000000E00023079334E0089B0693079B059386
:10431000069B93F90E300493059B93F90E3003939B
:10432000049A039B9A4203D0039A049BD31A00E099
:104330000023002B07DD079B089A11461846FFF75C
:10434000E8FD00BF1DE0079B002B10D0079B19461E
:104350000998FFF7B7FD0346002B06D0079B1946C7
:104360000998FFF7AFFD034602E0002300E00023B9
:104370000793079B002BC7D1089B19460998FFF7A5
:10438000B3FD00BF0BB05DF804FB00B585B0039032
:104390000291CDE9002302990398FFF793FFDDE92D
:1043A00000230398F3F784FC00BF05B05DF804FB1D
:1043B00000B585B00190019B1B7C03F02803002B06
:1043C00014BF012300238DF80F309DF80F3083F0C8
:1043D0000103DBB2002B0CD0019B9B68002B02D0A9
:1043E0000198FFF7D4FE0198FFF7BBFE0198F3F7A1
:1043F00063FD00BF05B05DF804FB00B587B0019018
:104400000198FFF7DEFE059015E00598FFF7BFFE67
:10441000059B049300230393049B039AC3F8BC20D9
:1044200000BF0598FFF7C8FD0598F3F745FD019813
:10443000FFF7C7FE0590059B002BE6D100BF00BF2C
:1044400007B05DF804FB08B5FFF7F3FC00BF08BD3B
:1044500082B00190019B1B7C43F00403DAB2019B04
:104460001A7400BF02B0704780B483B000AF7860A8
:104470007B687A681A607B687A685A6000BF0C377C
:10448000BD4680BC704780B483B000AF78607B6865
:10449000DB897F2B94BF01230023DBB218460C3746
:1044A000BD4680BC704780B485B000AF78607B6843
:1044B0001B7CFB73FB7B03F01F03002B14BF01234A
:1044C0000023DBB218461437BD4680BC704780B469
:1044D00083B000AF786039607A683B689A42B4BFB5
:1044E00001230023DBB218460C37BD4680BC704761
:1044F00080B582B000AF7860396039687868FFF7BE
:10450000E6FF034618460837BD4680BD80B582B039
:1045100000AF78607868F4F70BFF03461846F4F7AD
:104520005DFF00BF0837BD4680BD80B483B000AFDB
:1045300078607B6800221A607B6800225A6000BFA6
:104540000C37BD4680BC704780B483B000AF786044
:104550007B681B68002B14BF01230023DBB21846C5
:104560000C37BD4680BC704780B483B000AF786024
:104570007B681B687A689A420CBF01230023DBB278
:1045800018460C37BD4680BC704780B582B000AF7E
:1045900078607868FFF7E8FF0346002B02D17B685C
:1045A0001B6800E0002318460837BD4680BD80B474
:1045B00083B000AF786039607B685B683A689A4284
:1045C00002D03B681B6800E0002318460C37BD464C
:1045D00080BC704780B582B000AF786039603B68BE
:1045E000002B05D039687868FFF7E1FF034600E04B
:1045F000002318460837BD4680BD80B485B000AFA3
:10460000786039607B685B68FB603B687A681A6039
:104610003B68FA685A60FB683A681A607B683A68D7
:104620005A6000BF1437BD4680BC704780B485B067
:1046300000AF786039607B685B68FB603B68FA6854
:104640005A603B687A681A60FB683A681A607B684F
:104650003A685A6000BF1437BD4680BC704780B5C9
:1046600084B000AF78607B685B68FB607B681B6828
:10467000BB60FB68BA681A60BB68FA685A60786801
:10468000FFF753FF00BF1037BD4680BD80B582B035
:1046900000AF78607B681846FFF756FF0346002B93
:1046A00014BF01230023DBB283F00103DBB203F06C
:1046B0000103DBB218460837BD4680BD80B500AFA8
:1046C000F4F7A6FF0346002B01D0002302E0F1F728
:1046D0005FF90346184680BDB0B584B000AF78607E
:1046E000F4F7D2FF02467B6893420CBF01230023FC
:1046F000FB737868F4F7D6FFB860BB68002B0BD06B
:10470000BB68D3E902017B68D3E90223841841EB3B
:104710000305BB68C3E902457B681846FFF79FFFA6
:10472000FB7B18461037BD46B0BD80B582B000AFE8
:10473000F4F7AAFF78607B68002B03D07B68D3E98D
:10474000022303E04FF0FF324FF0FF3310461946CB
:104750000837BD4680BD80B582B000AFF4F794FF46
:1047600078607B68002B10D07B68D3E902236FF060
:1047700000418A4273F1000304DA7B68D3E9022323
:10478000134604E06FF0004301E06FF00043184669
:104790000837BD4680BD2DE9B04384B000AF7860D6
:1047A000F4F772FFF860FB68002B0DD0FB68D3E9CB
:1047B00002237968C8170C460546B2EB040863EB80
:1047C0000509FB68C3E9028900BF1037BD46BDE893
:1047D000B08380B582B000AFF4F756FF78607B6895
:1047E000002B04D07B68D3E90223134301D00023BC
:1047F00004E07B681846FFF732FF7B6818460837ED
:10480000BD4680BD80B586B000AF7860FFF78DFFF4
:10481000C7E904017B686FF00042934201D3002393
:104820001FE0D7E90423B3F1FF3F08BFB2F1FF3F18
:1048300007D0D7E904236FF000418A4273F10003E7
:1048400004DB7A686FF000439B1A0AE03B69FB6067
:10485000FA687B689A4203D9FA687B68D31A00E049
:10486000002318461837BD4680BD80B582B000AF22
:1048700078607868FFF7C6FF034600211846FDF709
:10488000F9FE00BF0837BD4680BD80B500AFF5F723
:10489000CBF902460B461346184680BD80B500AFE3
:1048A000F5F7C2F902460B461046194680BD2DE9C0
:1048B000F04F8DB000AFF860C7E90023D7E90023BF
:1048C0004FF0FF304FF0FF318B4208BF824206D1DC
:1048D0004FF0FF324FF0FF33C7E9042343E0D7E93D
:1048E00000234FF000004FF000018B4208BF8242CE
:1048F00006D14FF000024FF00003C7E9042332E075
:10490000D7E90023C7E90A23D7E90023002B1CDBE2
:10491000F5F78AF901237B62D7E90A23C7E9062361
:104920007B6ADA171C461546D7E90623A24273EBC9
:10493000050601DA22462B4612EB000A43EB010B77
:1049400052465B46C7E904230DE0D7E90A236FF01E
:1049500001004FF0FF31B0EB020861EB0309424662
:104960004B46C7E90423F968D7E90423C1E90023CA
:10497000F8683437BD46BDE8F08FB0B588B000AFF9
:10498000F860C7E90023D7E90023B3F1FF3F08BF70
:10499000B2F1FF3F07D1F9684FF0FF324FF0FF331C
:1049A000C1E900232CE0D7E90023134307D1F968BC
:1049B0004FF000024FF00003C1E9002320E0F5F7BB
:1049C00033F902460B46C7E90623D7E90023D7E9A6
:1049D0000601904271EB030307D2D7E90001D7E942
:1049E0000623841A61EB030503E04FF000044FF047
:1049F0000005C7E90445D7E90423F968C1E90023A4
:084A0000F8682037BD46B0BD87
:084A080038BAFE7F0100000036
:104A100000000000D04A0108D3D3000800000000C5
:104A200000000000EC4A010800000000584C01089A
:104A3000000000003C4C010800000000084B010889
:104A400000000000244B010800000000404B01085A
:104A5000000000005C4B010800000000784B0108DA
:104A600000000000944B010800000000B04B01085A
:104A700000000000CC4B010800000000E84B0108DA
:104A800000000000044C010800000000204C010858
:104A9000412700080000000000000000744C0108DD
:104AA00000000000904C0108893900080000000057
:104AB000055B000800000000F92500080000000068
:104AC00000000000AC4C010875CF00080000000099
:104AD000EC59010800000000B0500108FC0100245E
:104AE000000000005538000800000000385A010896
:104AF00074670108A05001080402002400000000AF
:104B00000000000000000000805401085C640108FF
:104B100000000000E401002400000000151100085E
:104B200000000000905401086C64010800000000BF
:104B3000E60100240000000015110008000000003C
:104B4000A05401087C64010800000000E801002472
:104B5000000000001511000800000000B05401081A
:104B60008C64010800000000EA010024000000003D
:104B70001511000800000000C05401089C640108E1
:104B800000000000EC0100240000000015110008E6
:104B900000000000D0540108AC64010800000000CF
:104BA000EE010024000000001511000800000000C4
:104BB000E0540108BC64010800000000F00100247A
:104BC000000000001511000800000000F05401086A
:104BD000CC64010800000000F20100240000000085
:104BE000151100080000000000550108DC640108F0
:104BF00000000000F401002400000000151100086E
:104C00000000000010550108EC64010800000000DD
:104C1000F60100240000000015110008000000004B
:104C200020550108FC64010800000000F801002480
:104C3000000000001511000800000000CC59010818
:104C40000000000000000000FA0100240000000045
:104C50000DDF0008000000000C5A0108246601085E
:104C600060500108000200249C1500240D42000839
:104C700000000000FC590108F065010838500108E7
:104C8000FE01002494140024B5390008000000003F
:104C90004C5A0108D8670108CC50010806020024CC
:104CA0000000002467250108000000001C5A0108CC
:104CB0000000000088500108020200249001002436
:084CC00067FE0008000000007F
:104CC800000000003FD90008000000003FD900089C
:104CD800000000003FD90008000000003FD900088C
:104CE800000000003FD90008000000003FD900087C
:104CF80054650108752600085865010875260008DE
:104D08005C650108752600086065010875260008BD
:104D18006465010875260008584C0108D3EC0008A2
:104D2800584C0108E9EC0008584C0108FFEC000851
:104D3800584C010815ED0008584C01082BED0008E7
:104D4800584C010841ED0008584C010857ED00087F
:104D5800000000003FD90008000000003FD900080B
:104D6800000000003FD90008000000003FD90008FB
:104D7800000000003FD90008686501087526000892
:104D8800000000003FD90008000000003FD90008DB
:104D9800000000003FD90008000000003FD90008CB
:104DA800000000003FD90008000000003FD90008BB
:104DB800000000003FD90008000000003FD90008AB
:104DC800000000003FD90008000000003FD900089B
:104DD800000000003FD90008000000003FD900088B
:104DE800000000003FD90008904C01088B1C010806
:104DF800000000003FD90008000000003FD900086B
:104E08006C65010875260008000000003FD90008FD
:104E1800000000003FD90008000000003FD900084A
:104E2800000000003FD90008000000003FD900083A
:104E3800000000003FD90008584C01086DED00083B
:104E4800000000003FD90008000000003FD900081A
:104E5800000000003FD90008000000003FD900080A
:104E6800000000003FD90008000000003FD90008FA
:104E7800000000003FD90008000000003FD90008EA
:104E8800000000003FD90008000000003FD90008DA
:104E9800000000003FD90008000000003FD90008CA
:104EA800000000003FD90008000000003FD90008BA
:104EB800000000003FD90008000000003FD90008AA
:104EC800000000003FD90008000000003FD900089A
:104ED800000000003FD90008000000003FD900088A
:104EE800000000003FD90008000000003FD900087A
:104EF800000000003FD90008000000003FD900086A
:104F0800000000003FD90008000000003FD9000859
:104F1800000000003FD90008000000003FD9000849
:104F2800000000003FD90008000000003FD9000839
:104F3800000000003FD90008000000003FD9000829
:104F4800000000003FD90008000000003FD9000819
:104F5800000000003FD90008000000003FD9000809
:104F6800000000003FD90008000000003FD90008F9
:104F7800000000003FD90008000000003FD90008E9
:104F8800000000003FD90008000000003FD90008D9
:104F9800000000003FD90008000000003FD90008C9
:104FA800000000003FD90008000000003FD90008B9
:104FB800000000003FD90008000000003FD90008A9
:104FC800000000003FD90008000000003FD9000899
:104FD800000000003FD90008000000003FD9000889
:104FE800000000003FD90008000000003FD9000879
:084FF800000000003FD9000891
:04500000D99C00082F
:10500800A80A00244016002400400000E90B00080C
:105018000000000000000000000000000A0000007E
:105028000000000054540108FFFFFFFFFFFFFFFFCF
:10503800D3E4000829E6000869E50008C9E5000886
:10504800000000000000000095E6000800000000D5
:105058000000000000000000493D000855EA000873
:1050680061EB0008CBEB0008000000000000000026
:1050780065EC0008000000000000000000000000CF
:10508800394C0008AFFD0008854B0008294D000881
:1050980031FE0008414D0008B1FF00080700010873
:1050A80053000108A100010829330008BD33000896
:1050B8000000000005350008CD370008000000009A
:1050C800393400089D1D01082F21010843230108D8
:1050D8003D2201087F240108711E01080D500008B7
:1050E80031500008CF150108594E00080D14010869
:1050F80059500008A5500008EF1701080F180108BB
:105108002F1801088D180108AD1801086B1801083F
:10511800CD180108F150000881510008EF18010866
:0851280000000000411901081C
:1051300001000000080000002000000060000000E6
:1051400070000000100000000C0000000E000000C5
:105150005000000074000000B8000000FFFFFFFFD7
:10516000FFFFFFFFFFFFFFFFFFFFFFFF1400000037
:0951700001000000110000000420
:10517C00F400000002000000904C0108666C6173A2
:10518C006820646576696365206E6F742072656152
:10519C0064790D0A000000006661696C20746F2050
:1051AC0067657420666C617368207061676520693F
:1051BC006E666F202D2025730D0A0000796D6F64CB
:1051CC00656D206661696C202D2025730D0A000029
:1051DC000D0A796D6F64656D2072656376202D20E4
:1051EC0025732C2066696C652073697A65202D20E7
:1051FC0025640D0A000000007468657265206973EF
:10520C00206E6F206170706C69636174696F6E20C1
:10521C006174203078253038780D0A000D3D3D3D05
:10522C003D3D3D3D3D3D3D3D3D3D3D3D3D3D3D3DA2
:10523C003D3D3D3D3D3D3D3D3D3D3D3D3D3D3D3D92
:10524C003D3D3D3D3D3D3D3D3D3D3D3D3D3D3D3D82
:10525C003D3D3D3D3D0D0A002A20205A6570687980
:10526C007220426F6F74204C6F616465720D0A007E
:10527C0073746D33325F68373433786968365F63C3
:10528C007573746F6D5F626F6F742F73746D3332DF
:10529C0068373433787800002A2020426F617264BA
:1052AC00203A2025730D0A002A2020426F6F7420AB
:1052BC0061646472657373203A20307825303878D5
:1052CC000D0A00002A20204A756D702061646472FA
:1052DC00657373203A203078253038780D0A000039
:1052EC001B5B33323B316D561B5B306D0000000095
:1052FC001B5B33313B316D581B5B306D0000000084
:10530C002A2020417070206465746563742020200D
:10531C003A2025730D0A00003D3D3D3D3D3D3D3D90
:10532C003D3D3D3D3D3D3D3D3D3D3D3D3D3D3D3DA1
:10533C003D3D3D3D3D3D3D3D3D3D3D3D3D3D3D3D91
:10534C003D3D3D3D3D3D3D3D3D3D3D3D3D3D3D3D81
:10535C000D0A00000D3D3D3D3D3D3D3D3D3D3D3D7E
:10536C003D3D3D3D3D3D3D3D3D3D3D3D3D3D3D3D61
:10537C003D3D3D3D3D3D3D3D3D3D3D3D3D3D3D3D51
:10538C003D3D0D0A000000002A2020446F776E6C12
:10539C006F6164206170706C69636174696F6E20F9
:1053AC002D2D2D2D2D2D2D2D2D2D2D2D20310D0A6D
:1053BC00000000002A2020737461727420617070E8
:1053CC006C69636174696F6E202D2D2D2D2D2D2D23
:1053DC002D2D2D2D2D2D2D2D20320D0A00000000F0
:1053EC0050726573732045736320746F2063616E14
:1053FC0063656C0D0A0000000D4175746F20626FBF
:10540C006F742077696C6C206265207374617274A0
:10541C00206174202E2E2E25346C6C64206D73004C
:10542C001B5B324B0D00000075617274207265635A
:10543C0065697665206661696C20626F6F74202DDA
:10544C002025730D0A000000626F6F7400000000CD
:10545C00696E76616C696420636F6E736F6C652026
:10546C0075617274202D2025730D0A00257320257B
:10547C00640000006770696F40353830323030306E
:10548C00300000006770696F40353830323034308E
:10549C00300000006770696F40353830323038307A
:1054AC00300000006770696F40353830323063303F
:1054BC00300000006770696F403538303231303061
:1054CC00300000006770696F40353830323134304D
:1054DC00300000006770696F403538303231383039
:1054EC00300000006770696F4035383032316330FE
:1054FC00300000006770696F403538303232303020
:10550C00300000006770696F40353830323234300B
:10551C00300000006770696F4035383032323830F7
:10552C0030000000464C4153480000005352414D9E
:10553C000000000053595354454D00006D656D6FCC
:10554C0072794039303030303030300072302F6169
:10555C00313A2020307825303878202072312F6174
:10556C00323A2020307825303878202072322F6162
:10557C00333A20203078253038780A0072332F6186
:10558C00343A2020307825303878207231322F6927
:10559C00703A2020307825303878207231342F6CD6
:1055AC00723A20203078253038780A0020787073D1
:1055BC00723A20203078253038780A004661756CB4
:1055CC0074696E6720696E737472756374696F6E3B
:1055DC00206164647265737320287231352F706397
:1055EC00293A203078253038780A0000556E6861E9
:1055FC006E646C6564204952516E3A2025640A0031
:10560C002A2A2A2A2A204D5055204641554C5420EE
:10561C002A2A2A2A2A0A00002020537461636B6903
:10562C006E67206572726F722028636F6E74657876
:10563C00742061726561206D6967687420626520F1
:10564C006E6F742076616C6964290A002020556E97
:10565C00737461636B696E67206572726F720A0096
:10566C002020446174612041636365737320566923
:10567C006F6C6174696F6E0A0000000020204D4D44
:10568C0046415220416464726573733A2030782528
:10569C00780A00002020496E737472756374696F08
:1056AC006E204163636573732056696F6C61746916
:1056BC006F6E0A002020466C6F6174696E672D70E6
:1056CC006F696E74206C617A7920737461746520D3
:1056DC00707265736572766174696F6E2065727233
:1056EC006F720A002A2A2A2A2A2042555320464140
:1056FC00554C54202A2A2A2A2A0A000020205374A6
:10570C0061636B696E67206572726F720A000000CC
:10571C002020507265636973652064617461206236
:10572C007573206572726F720A0000002020424669
:10573C00415220416464726573733A203078257845
:10574C000A0000002020496D707265636973652042
:10575C006461746120627573206572726F720A00E5
:10576C002020496E737472756374696F6E20627554
:10577C0073206572726F720A000000002A2A2A2AAE
:10578C002A205553414745204641554C54202A2A3E
:10579C002A2A2A0A000000002020446976697369CD
:1057AC006F6E206279207A65726F0A002020556E28
:1057BC00616C69676E6564206D656D6F72792061CF
:1057CC0063636573730A000020204E6F20636F7053
:1057DC00726F636573736F7220696E737472756325
:1057EC0074696F6E730A00002020496C6C656761E8
:1057FC006C206C6F6164206F66204558435F524586
:10580C005455524E20696E746F2050430A000000AC
:10581C002020496C6C6567616C20757365206F6620
:10582C002074686520455053520A000020204174B2
:10583C0074656D707420746F20657865637574651C
:10584C0020756E646566696E656420696E7374722A
:10585C00756374696F6E0A002A2A2A2A2A20446505
:10586C00627567206D6F6E69746F72206578636501
:10587C007074696F6E202A2A2A2A2A0A00000000F6
:10588C002A2A2A2A2A2048415244204641554C545F
:10589C00202A2A2A2A2A0A002020427573206661AF
:1058AC00756C74206F6E20766563746F72207461F2
:1058BC00626C6520726561640A00000020204465FA
:1058CC00627567206576656E740A0000202046615B
:1058DC00756C7420657363616C6174696F6E2028DC
:1058EC007365652062656C6F77290A0041524348E5
:1058FC005F45584345505420776974682072656140
:10590C00736F6E2025780A0A0000000052657365DB
:10591C007276656420457863657074696F6E2028B3
:10592C000000000053707572696F757320696E7496
:10593C006572727570742028495251200000000065
:10594C002A2A2A2A2A20257320256429202A2A2A51
:10595C002A2A0A00535053454C20696E20746872F1
:10596C00656164206D6F646520646F6573206E6F74
:10597C007420696E646963617465205053500A0029
:10598C0045534620636F756C64206E6F742062659E
:10599C0020726574726965766564207375636365DE
:1059AC00737366756C6C792E205368616C6C206E09
:1059BC0065766572206F636375722E0A00000000B5
:1059CC00696E746572727570742D636F6E74726F1C
:1059DC006C6C65724035383030303030300000003F
:1059EC00726363403538303234343030000000009C
:1059FC00646D616D75784034303032303830300041
:105A0C00646D614034303032303030300000000092
:105A1C00666C6173682D636F6E74726F6C6C6572FB
:105A2C0040353230303230303000000072657365F2
:105A3C00742D636F6E74726F6C6C65720000000075
:105A4C0073657269616C4034303031313030300004
:105A5C0048616C74696E672073797374656D0A00A4
:105A6C00756E6B6E6F776E0043505520657863656D
:105A7C007074696F6E000000556E68616E646C65C1
:105A8C006420696E7465727275707400537461630E
:105A9C006B206F766572666C6F7700004B65726E6B
:105AAC00656C206F6F7073004B65726E656C207047
:105ABC00616E696300000000556E6B6E6F776E202F
:105ACC006572726F720000003E3E3E205A4550488F
:105ADC00595220464154414C204552524F52202598
:105AEC00643A202573206F6E204350552025640A9C
:105AFC00000000004661756C7420647572696E67F5
:105B0C0020696E746572727570742068616E646C55
:105B1C00696E670A0000000043757272656E74202E
:105B2C007468726561643A20257020282573290AEF
:105B3C000000000069646C65000000006D61696E16
:105B4C0000000000737973776F726B7100000000B6
:105B5C0053756363657373004E6F74206F776E6556
:105B6C00720000004E6F20737563682066696C6567
:105B7C00206F72206469726563746F727900000023
:105B8C004E6F20737563682070726F63657373005A
:105B9C00496E746572727570746564207379737470
:105BAC00656D2063616C6C00492F4F206572726FBC
:105BBC00720000004E6F207375636820646576690F
:105BCC006365206F722061646472657373000000FA
:105BDC00417267206C69737420746F6F206C6F6EE8
:105BEC00670000004578656320666F726D617420F4
:105BFC006572726F72000000536F636B6574206185
:105C0C006C726561647920636F6E6E656374656434
:105C1C00000000004261642066696C65206E756D41
:105C2C00626572004E6F206368696C6472656E0009
:105C3C0044657374696E6174696F6E20616464721B
:105C4C00657373207265717569726564000000007C
:105C5C004E6F206D6F72652070726F636573736524
:105C6C00730000004E6F7420656E6F75676820734B
:105C7C0070616365000000005065726D6973736933
:105C8C006F6E2064656E696564000000426164207B
:105C9C006164647265737300426C6F636B2064653E
:105CAC0076696365207265717569726564000000C0
:105CBC00446576696365206F72207265736F7572C7
:105CCC00636520627573790046696C652065786937
:105CDC007374730043726F73732D646576696365B7
:105CEC00206C696E6B0000004E6F2073756368202A
:105CFC0064657669636500004E6F74206120646989
:105D0C00726563746F727900486F737420697320C5
:105D1C00646F776E00000000436F6E6E656374698C
:105D2C006F6E20616C726561647920696E2070728F
:105D3C006F67726573730000497320612064697228
:105D4C006563746F72790000496E76616C696420CA
:105D5C00617267756D656E74000000004E65747736
:105D6C006F726B20696E746572666163652069730E
:105D7C00206E6F7420636F6E666967757265640060
:105D8C00436F6E6E656374696F6E2061626F7274BF
:105D9C006564206279206E6574776F726B00000009
:105DAC00546F6F206D616E79206F70656E2066691F
:105DBC006C657320696E2073797374656D000000D7
:105DCC0046696C652064657363726970746F7220C8
:105DDC0076616C756520746F6F206C6172676500FD
:105DEC004E6F742061206368617261637465722008
:105DFC006465766963650000546578742066696C27
:105E0C00652062757379000046696C6520746F6F4C
:105E1C00206C617267650000486F73742069732091
:105E2C00756E726561636861626C65004E6F20739C
:105E3C0070616365206C656674206F6E2064657696
:105E4C00696365004E6F7420737570706F72746542
:105E5C0064000000496C6C6567616C207365656B50
:105E6C0000000000526561642D6F6E6C79206669CC
:105E7C006C652073797374656D000000546F6F202E
:105E8C006D616E79206C696E6B73000042726F6B82
:105E9C00656E2070697065004D617468656D617424
:105EAC0069637320617267756D656E74206F7574AC
:105EBC00206F6620646F6D61696E206F6620667559
:105ECC006E6374696F6E0000526573756C74207428
:105EDC006F6F206C61726765000000004E6F206D63
:105EEC00657373616765206F66206465736972659D
:105EFC0064207479706500004964656E7469666924
:105F0C0065722072656D6F7665640000496C6C6516
:105F1C0067616C20627974652073657175656E6359
:105F2C0065000000446561646C6F636B00000000E9
:105F3C004E6574776F726B20697320756E72656134
:105F4C00636861626C6500004E6F206C6F636B0060
:105F5C004E6F7420612073747265616D00000000D7
:105F6C0053747265616D20696F63746C2074696D14
:105F7C00656F7574000000004E6F2073747265615C
:105F8C006D207265736F7572636573004D61636824
:105F9C00696E65206973206E6F74206F6E20746853
:105FAC0065206E6574776F726B0000004E6F207009
:105FBC0061636B61676500005265736F7572636531
:105FCC002069732072656D6F746500005669727478
:105FDC0075616C20636972637569742069732067DD
:105FEC006F6E6500416476657274697365206572C5
:105FFC00726F720053726D6F756E74206572726F72
:10600C0072000000436F6D6D756E69636174696F2A
:10601C006E206572726F720050726F746F636F6C6A
:10602C00206572726F720000556E6B6E6F776E200A
:10603C0070726F746F636F6C000000004D756C7440
:10604C0069686F7020617474656D707465640000AC
:10605C00426164206D6573736167650043616E6EA8
:10606C006F74206163636573732061206E65656472
:10607C00656420736861726564206C696272617218
:10608C0079000000416363657373696E672061205A
:10609C00636F727275707465642073686172656485
:1060AC00206C696272617279000000002E6C69626A
:1060BC002073656374696F6E20696E20612E6F7535
:1060CC007420636F727275707465640041747465CA
:1060DC006D7074696E6720746F206C696E6B2069CB
:1060EC006E206D6F726520736861726564206C69D7
:1060FC0062726172696573207468616E2073797362
:10610C0074656D206C696D697400000043616E6E7E
:10611C006F742065786563206120736861726564B3
:10612C00206C696272617279206469726563746C47
:10613C007900000046756E6374696F6E206E6F7423
:10614C0020696D706C656D656E746564000000008F
:10615C004469726563746F7279206E6F7420656D1B
:10616C007074790046696C65206F72207061746878
:10617C00206E616D6520746F6F206C6F6E67000010
:10618C00546F6F206D616E792073796D626F6C69DD
:10619C0063206C696E6B73004E6F2062756666656A
:1061AC007220737061636520617661696C61626CE9
:1061BC00650000004E6F206461746100416464727C
:1061CC006573732066616D696C79206E6F742073D2
:1061DC007570706F727465642062792070726F7460
:1061EC006F636F6C2066616D696C790050726F74AF
:1061FC006F636F6C2077726F6E6720747970652097
:10620C00666F7220736F636B65740000536F636B02
:10621C006574206F7065726174696F6E206F6E208B
:10622C006E6F6E2D736F636B6574000050726F74BC
:10623C006F636F6C206E6F7420617661696C616244
:10624C006C65000043616E27742073656E64206179
:10625C006674657220736F636B65742073687574F4
:10626C00646F776E00000000436F6E6E6563746937
:10627C006F6E20726566757365640000436F6E6E99
:10628C00656374696F6E2072657365742062792022
:10629C007065657200000000416464726573732060
:1062AC00616C726561647920696E2075736500009C
:1062BC0041646472657373206E6F742061766169DA
:1062CC006C61626C65000000536F66747761726577
:1062DC002063617573656420636F6E6E65637469AA
:1062EC006F6E2061626F727400000000536F636BFD
:1062FC006574206973206E6F7420636F6E6E6563B6
:10630C0074656400536F636B6574207479706520D9
:10631C006E6F7420737570706F727465640000001A
:10632C00536F636B657420697320616C7265616473
:10633C007920636F6E6E6563746564004F7065726F
:10634C006174696F6E2063616E63656C65640000D7
:10635C005374617465206E6F74207265636F76651B
:10636C007261626C6500000050726576696F7573BE
:10637C00206F776E65722064696564005374726572
:10638C00616D732070697065206572726F720000A8
:10639C004F7065726174696F6E206E6F74207375C7
:1063AC0070706F72746564206F6E20736F636B65B1
:1063BC007400000056616C756520746F6F206C6101
:1063CC0072676520666F7220646566696E6564200D
:1063DC006461746120747970650000004D6573739D
:1063EC0061676520746F6F206C6F6E670000000032
:1063FC00436F6E6E656374696F6E2074696D65644E
:10640C00206F757400000000286E756C6C290000FC
:10641C002A666C6F61742A006364696E6F707375A1
:10642C0078585B00084B0108244B0108404B0108CD
:10643C005C4B0108784B0108944B0108B04B0108E8
:10644C00CC4B0108E84B0108044C0108204C010816
:10645C000000025800000000E000000001000000F5
:10646C000004025801000000E000000002000000DF
:10647C000008025802000000E000000004000000C8
:10648C00000C025803000000E000000008000000AF
:10649C000010025804000000E00000001000000092
:1064AC000014025805000000E0000000200000006D
:1064BC000018025806000000E00000004000000038
:1064CC00001C025807000000E000000080000000E3
:1064DC000020025808000000E0000000000100004D
:1064EC000024025809000000E00000000002000037
:1064FC00002802580A000000E00000000004000020
:10650C000000000830550108280002020000002499
:10651C003855010824000B110000F01F40550108EC
:10652C0024000411030000000C6501084855010803
:10653C000000009000000010000000020000002489
:10654C000000000000000B0600010000010100002B
:10655C000201000003010000040100000505000019
:10656C000A060000584C010801000000584C0108B4
:10657C0002000000584C010803000000584C0108B0
:10658C0004000000584C010805000000584C01089C
:10659C0006000000584C010807000000584C010888
:1065AC0008000000000000000100000000000000D6
:1065BC0002000000000000000300000000000000CA
:1065CC0004000000000000000500000000000000B6
:1065DC0006000000000000000700000000000000A2
:1065EC0008000000D8000000010000000008024074
:1065FC0010086B0070650108102840587088A0B80E
:10660C00000000000020000000400000000000001E
:10661C000008000000100000D8000000010000007D
:10662C0083ED00080100000000000240080000009B
:10663C00000000009C140024102840587088A0B85A
:10664C000000000001000000020000000300000038
:10665C000400000005000000060000000700000018
:10666C0093F10008ABF10008C5F10008DFF1000858
:10667C00F9F1000811F200082BF2000845F20008AD
:10668C005FF2000877F2000891F20008ABF2000804
:10669C00C5F20008DDF20008F7F2000811F300085B
:1066AC0013EE000837EE00085DEE000883EE0008DC
:1066BC00A9EE0008CDEE0008F3EE000819EF000873
:1066CC003FEF000863EF000889EF0008AFEF000808
:1066DC00D5EF0008F9EF00081FF0000845F000089E
:1066EC002BF3000843F300085DF3000877F3000870
:1066FC0091F30008A9F30008C3F30008DDF30008C8
:10670C00F7F300080FF4000829F4000843F400081C
:10671C005DF4000875F400088FF40008A9F4000873
:10672C00C3F40008DBF40008F3F400080DF50008CE
:10673C0027F500083FF5000857F5000871F500082B
:10674C006BF000088FF00008B3F00008D9F00008D7
:10675C00FFF0000823F1000847F100086DF1000874
:10676C002000000000FF000000440258010000005F
:10677C0002000000040000000600000008000000F9
:10678C000A0000000C0000001000000020000000B7
:10679C00400000008000000000010000000100002B
:1067AC00000100000001000000010000204F040067
:1067BC00404F0000B867010802000000C0670108E4
:1067CC0001000000F000000010000000001001406B
:1067DC00D04A0108EC4A010804130000D0670108F4
:1067EC00010000000000000000000000000000009C
:1067FC00C8670108C9250108102840587088A0B83E
:10680C00505B0108000100000000000000000000C7
:10681C00000000000000000000000000000000006C
:10682C00000000000000000000000000000000005C
:10683C00000000000000000000000000000000004C
:10684C00000000000000000000000000000000003C
:10685C00000000000000000000000000000000002C
:10686C00000000000000000000000000000000001C
:10687C00000000000000000000000000000000000C
:10688C00000000000000000000000000202020207C
:10689C0020202020202828282828202020202020C4
:1068AC0020202020202020202020202088101010A4
:1068BC0010101010101010101010101004040404FC
:1068CC000404040404041010101010101041414171
:1068DC0041414101010101010101010101010101DC
:1068EC00010101010101011010101010104242426F
:1068FC0042424202020202020202020202020202AC
:10690C00020202020202021010101020000000000D
:10691C00000000000000000000000000000000006B
:10692C00000000000000000000000000000000005B
:10693C00000000000000000000000000000000004B
:10694C00000000000000000000000000000000003B
:10695C00000000000000000000000000000000002B
:10696C00000000000000000000000000000000001B
:10697C00000000000000000000000000000000000B
:0C698C00000000000000000000000000FF
:10699800A401002400000000000000000000000026
:1069A8000000000000000000744C01080100000015
:1069B800290200200100010001000100010000007F
:1069C80000000000000000009F20010800000100F6
:1069D80000000000000000000000000000000000AF
:1069E800000000000000000000000000000000009F
:1069F800000000000000000000000000000000008F
:106A0800000000000000000000000000000000007E
:106A1800000000000000000000000000000000006E
:106A2800000000000000000000000000000000005E
:106A3800000000000000000000000000000000004E
:106A4800744C0108000000002A0100000100010048
:106A5800010001000100000000000000000000002B
:106A68006B1F01080001000000000000000000008A
:106A7800000000000000000000000000000000000E
:106A880000000000000000000000000000000000FE
:106A980000000000000000000000000000000000EE
:106AA80000000000000000000000000000000000DE
:106AB80000000000000000000000000000000000CE
:106AC80000000000000000000000000000000000BE
:106AD80000000000000000000000000000000000AE
:106AE800FFFFFFFFFFFFFFFFAC4C0108ABCF000823
:106AF80000000000B1DC00080000000000000000F9
:106B0800FF00FF00FF00FF00FF00FF00FF00FF0085
:106B1800FF00FF00FF00FF00FF00FF00FF00FF0075
:106B280000200052000000000000000000000000EB
:106B38000000000000C20100000103000090D00323
:106B48000090D00310000000104A0108104A010804
:106B5800B04A0108B84A0108C84A0108D04A0108E1
:106B6800C8000000FFFFFFFFD8010024D80100245F
:026B7800010119
:106B7A00000000000000000000000000000000000B
:106B8A0000000000000000000000000000000000FB
:066B9A00000000000000F5
:046BA00015E015E007
:0400000508001BF5DF
:00000001FF
