:020000040804EE
:10000000C019002465600408F75B05085160040806
:1000100051600408516004085160040800000000A9
:10002000000000000000000000000000D96004088B
:100030005160040800000000E1630408F5A504080D
:10004000996404089964040899640408996404088C
:10005000996404089964040899640408996404087C
:10006000996404089964040899640408996404086C
:10007000996404089964040899640408996404085C
:10008000996404089964040899640408996404084C
:10009000996404089964040899640408996404083C
:1000A000996404089964040899640408996404082C
:1000B000996404089964040899640408996404081C
:1000C000996404089964040899640408996404080C
:1000D00099640408996404089964040899640408FC
:1000E00099640408996404089964040899640408EC
:1000F00099640408996404089964040899640408DC
:1001000099640408996404089964040899640408CB
:1001100099640408996404089964040899640408BB
:1001200099640408996404089964040899640408AB
:10013000996404089964040899640408996404089B
:10014000996404089964040899640408996404088B
:10015000996404089964040899640408996404087B
:10016000996404089964040899640408996404086B
:10017000996404089964040899640408996404085B
:10018000996404089964040899640408996404084B
:10019000996404089964040899640408996404083B
:1001A000996404089964040899640408996404082B
:1001B000996404089964040899640408996404081B
:1001C000996404089964040899640408996404080B
:0C01D00099640408996404089964040808
:1002000030B490F800F020F007016FF0000C10F00F
:10021000070491F820F040F048804FF000046FF0A0
:100220000700D1E9002391F840F000F1080082FABC
:100230004CF2A4FA8CF283FA4CF3A2FA8CF34BBB87
:10024000D1E9022382FA4CF200F10800A4FA8CF200
:1002500083FA4CF3A2FA8CF3E3B9D1E9042382FACE
:100260004CF200F10800A4FA8CF283FA4CF3A2FAE3
:100270008CF37BB9D1E9062301F1200182FA4CF21B
:1002800000F10800A4FA8CF283FA4CF3A2FA8CF382
:10029000002BC6D0002A04BF04301A4612BAB2FAA4
:1002A00082F200EBD20030BC7047D1E9002304F0A9
:1002B0000305C4F100004FEAC50514F0040F91F8DE
:1002C00040F00CFA05F562EA05021CBF63EA05037B
:1002D00062464FF00004AAE70000000000000000A2
:1002E00002780B78012A28BF9A4240F0D8806DE945
:1002F000044540EA0104CDE902676FF0000C4FEAC3
:1003000044721AB380EA010414F0070F6BD100F0B5
:10031000070420F0070004F0030521F007014FEA6D
:10032000C505F0E8042314F0040FF1E804670CFAA3
:1003300005F462EA040266EA04060BD063EA0403E9
:10034000624667EA0407664604E000BFF0E804235B
:10035000F1E8046782FA4CF582EA0604A4FA8CF408
:100360006CBB83FA4CF583EA0705A5FA8CF595B9C1
:1003700050E9022351E9026782FA4CF582EA060449
:10038000A4FA8CF483FA4CF583EA0705A5FA8CF5F8
:100390002543DBD09CB92DBAB5FA85F424F00704C7
:1003A00027FA04F1DDE9026723FA04F303F0FF0002
:1003B00001F0FF01FDE80445A0EB0100704724BAFD
:1003C000B4FA84F424F0070426FA04F1DDE90267A4
:1003D00022FA04F202F0FF0001F0FF01FDE80445FB
:1003E000A0EB0100704714F0030F3CD110F00304A0
:1003F00028D150F8082B51F8083B82FA4CF582EAD4
:100400000305A5FA8CF55DB950F8042C51F8043CAD
:1004100082FA4CF582EA0305A5FA8CF5002DE8D0A6
:100420002DBAB5FA85F424F0070423FA04F122FA70
:1004300004F202F0FF0001F0FF01FDE80445A0EB2B
:10044000010070474FEAC40420F0030050F8082B65
:1004500021F0030151F8083B0CFA04F462EA0402AB
:1004600063EA0403C9E710F003041DD0A1EB040103
:1004700020F00300E40750F8042B06D012D28B784A
:100480005FFAA2F4E41A06D12BB1CB785FFAB2F48A
:10049000E41A00D133B920465DF8104B7047A2EB47
:1004A0000300704701F1040150F8042BCC0721F040
:1004B000030151F8043B48D824D222F07F4482FA49
:1004C0004CF594EA1325A5FA8CF50AD165B951F8D3
:1004D000043B84EA0204B4EB036F0ED150F8042B02
:1004E000EBE74FEA132355E035F07F454DD108780F
:1004F000FDE80445C0F1000070474FEA126203F0C6
:10050000FF0347E002EA1C4482FA4CF594EA1345E3
:10051000A5FA8CF50AD165B951F8043B84EA0204C6
:10052000B4EB034F0CD150F8042BEBE74FEA134325
:1005300030E015EA1C4528D10B884FEA124229E029
:100540004FEA124203EA1C4324E002F0FF0482FA5D
:100550004CF594EA1365A5FA8CF50AD165B951F802
:10056000043B84EA0204B4EB032F09D150F8042BB6
:10057000EBE74FEA13630DE015F0FF0F05D10B68B1
:100580004FEA122223F07F4304E04FF00000FDE821
:100590000445704712BA1BBA82FA4CF482EA03048B
:1005A000A4FA8CF5B5FA85F402FA04F203FA04F31E
:1005B0004FEA1260FDE80445A0EB1360704700BFEE
:1005C00080EA0102844612F0030F4FD111F0030FAD
:1005D00032D14DF8044D11F0040F51F8043B0BD00B
:1005E000A3F101329A4312F0803F04BF4CF8043B60
:1005F00051F8043B16D100BF51F8044BA3F101326E
:100600009A4312F0803FA4F101320BD14CF8043B25
:10061000A24312F0803F04BF51F8043B4CF8044B56
:10062000EAD023460CF8013B13F0FF0F4FEA3323C7
:10063000F8D15DF8044B704711F0010F06D011F8A6
:10064000012B0CF8012B002A08BF704711F0020F94
:10065000BFD031F8022B12F0FF0F16BF2CF8022B7F
:100660008CF8002012F47F4FB3D1704711F8012BA2
:100670000CF8012B002AF9D1704700BF844641EAEB
:10068000000313F003036DD1403A41D351F8043B0A
:1006900040F8043B51F8043B40F8043B51F8043B5C
:1006A00040F8043B51F8043B40F8043B51F8043B4C
:1006B00040F8043B51F8043B40F8043B51F8043B3C
:1006C00040F8043B51F8043B40F8043B51F8043B2C
:1006D00040F8043B51F8043B40F8043B51F8043B1C
:1006E00040F8043B51F8043B40F8043B51F8043B0C
:1006F00040F8043B51F8043B40F8043B51F8043BFC
:1007000040F8043B51F8043B40F8043B403ABDD26A
:10071000303211D351F8043B40F8043B51F8043B0C
:1007200040F8043B51F8043B40F8043B51F8043BCB
:1007300040F8043B103AEDD20C3205D351F8043B9B
:1007400040F8043B043AF9D2043208D0D2071CBF67
:1007500011F8013B00F8013B01D30B880380604690
:10076000704700BF082A13D38B078DD010F0030306
:100770008AD0C3F10403D21ADB071CBF11F8013B76
:1007800000F8013B80D331F8023B20F8023B7BE7C5
:10079000043AD9D3013A11F8013B00F8013BF9D2F0
:1007A0000B7803704B7843708B788370604670478A
:1007B0007BB972B90029BEBF00204FF0004106E0AE
:1007C00008BF00281CBF6FF000414FF0FF3000F061
:1007D00057B8ADF1080C6DE904CE002909DB002BF8
:1007E0001ADB00F04FF8DDF804E0DDE9022304B085
:1007F0007047404261EB4101002B1BDB00F042F8E7
:10080000DDF804E0DDE9022304B0404261EB410180
:10081000524263EB43037047524263EB430300F0E1
:1008200031F8DDF804E0DDE9022304B0404261EB79
:1008300041017047524263EB430300F023F8DDF8B7
:1008400004E0DDE9022304B0524263EB4303704746
:1008500053B94AB9002908BF00281CBF4FF0FF3127
:100860004FF0FF3000F00CB8ADF1080C6DE904CE8C
:1008700000F008F8DDF804E0DDE9022304B0704779
:10088000704700BF2DE9F0478C468E46089E1546FE
:1008900004461946002B40F0D080724547D9B2FA81
:1008A00082F74FB1C7F120030EFA07FC20FA03F3D9
:1008B000BD4043EA0C0CBC404FEA154EA8B2BCFB4D
:1008C000FEF8230C0EFB18CC08FB00F943EA0C439E
:1008D000994528D9EB1808F1FF3204D2994502D97D
:1008E000A8F102022B44A3EB0903A4B2B3FBFEFC64
:1008F0000EFB1C330CFB00F044EA0344A04214D965
:100900002C190CF1FF3304D2A04202D9ACF102033E
:100910002C44241A43EA02401EB1FC4000233460F8
:100920007360BDE8F0874246DDE76346F1E7002AE1
:1009300079D0B2FA82F3002B3FD01946C1F12003DF
:1009400002FA01F52EFA03F20EFA01FE20FA03F381
:1009500043EA0E034FEA154E00FA01F4B2FBFEFC27
:10096000AFB20EFB1C201A0C0CFB07F842EA004247
:1009700090455AD9AA180CF1FF3004D2904502D9FB
:10098000ACF102002A44A2EB08029BB2B2FBFEFCCF
:100990000EFB1C220CFB07F743EA02439F4246D999
:1009A000EB180CF1FF3204D29F4202D9ACF10202E3
:1009B0002B44DB1B42EA004202E0AEEB02030122C1
:1009C0004FEA154EAFB2B3FBFEFC200C0EFB1C33FE
:1009D0000CFB07F840EA034398452AD9EB180CF1C1
:1009E000FF3004D2984502D9ACF102002B44A3EBAE
:1009F0000803A4B2B3FBFEFC0EFB1C330CFB07F791
:100A000044EA0344A74216D92C190CF1FF3304D24F
:100A1000A74202D9ACF102032C44E41B43EA004094
:100A20000F46114678E71F2188E76046ABE762462C
:100A3000BFE76046DBE76346EFE7734506D916B9C3
:100A4000002108466DE7C6E9000EF9E7B3FA83F71F
:100A500087B9734501D3824207D8841A6EEB03032A
:100A600001209C461EB900215BE73846FAE7C6E93B
:100A7000004CF8E7C7F1200CBB4022FA0CF51D43EF
:100A800020FA0CF12EFA0CF30EFA07FE41EA0E01E1
:100A90004FEA154900FA07F4B3FBF9F81FFA85FE8F
:100AA00009FB18300B0C08FB0EFA43EA00439A4589
:100AB00002FA07F240D9EB1808F1FF3004D29A4548
:100AC00002D9A8F102002B44A3EB0A0389B2B3FBBD
:100AD000F9F809FB183308FB0EFE41EA03418E4585
:100AE0002CD9691808F1FF3304D28E4502D9A8F138
:100AF0000203294443EA0040A0FB0298A1EB0E0147
:100B00004145CE46434602D306D14C4504D2B9EB0B
:100B1000020E68EB05030138002EA4D0B4EB0E02E0
:100B200061EB030101FA0CFC22FA07F34CEA030320
:100B3000F940C6E9003196E74046C5E74346D9E7A4
:100B400080B598B00AAFF860B9607A6011F090FA99
:100B5000C7E90C01BB68012B0AD1D7E90C23CDE909
:100B600000234F4A0821F86813F076F900238CE03F
:100B70007B6804331B6819464A48FFF7B1FB0346FC
:100B8000002B14D07B6804331B6819464648FFF7D6
:100B9000A7FB0346002B0AD07B6804331B68434A3B
:100BA0000121F86813F058F96FF004036DE0D7E9FC
:100BB0000C0139A3D3E90023FFF7FAFD02460B46E7
:100BC000C7E90A23D7E90C0133A3D3E90023FFF7D0
:100BD000EFFDC7E90C23D7E90C01354A4FF00003BC
:100BE000FFF7E6FD02460B46C7E90823D7E90C01EB
:100BF0002F4A4FF00003FFF7DBFDC7E90C23D7E9CD
:100C00000C014EF660224FF00003FFF7D1FD0246C3
:100C10000B46C7E90623D7E90C014EF660224FF0D8
:100C20000003FFF7C5FDC7E90C23D7E90C014FF41A
:100C30007A724FF00003FFF7BBFD02460B46C7E98F
:100C40000423D7E90C014FF47A724FF00003FFF749
:100C5000AFFDC7E90C23D7E90C23CDE90823D7E979
:100C60000423CDE90623D7E90623CDE90423D7E9F8
:100C70000823CDE90223D7E90A23CDE900230D4A51
:100C80000821F86813F0E8F8002318463837BD4605
:100C900080BD00BFAFF30080005C260500000000AF
:100CA000F0DC050804DD050808DD050814DD05088D
:100CB00080EE36002CDD050880B500AF03490448FE
:100CC0000EF0CCFC0023184680BD00BF30DA0508CA
:100CD00054DA050880B584B000AFF860B9607A6076
:100CE000BB68012B07D00B4A0121F86813F0B4F858
:100CF0006FF0150309E00FF067FF074A0221F8685B
:100D000013F0AAF8012000F015FA18461037BD4676
:100D100080BD00BF7CDA050890DA0508B0B5A6B042
:100D200002AF786039600023C7F888300023C7F825
:100D30008C306C4B07F154041D460FCD0FC40FCD02
:100D40000FC495E80F0084E80F0007F13003242258
:100D5000002118460DF0D0FE07F1080328220021DB
:100D600018460DF0C9FE604BC7F8843007F1300318
:100D700003F1100107F1300303F1140207F130030E
:100D80000C3300930B46594978680EF0ADFCC7F858
:100D90008800D7F88830032B02D06FF015039CE051
:100DA00007F13003191D07F1300303F1080207F1C1
:100DB000300300930B464E4938680EF095FCC7F897
:100DC0008800D7F88830032B02D06FF0150384E039
:100DD0007B6C40F2E972934204DD7B6C42F20F724D
:100DE000934202DD6FF0210377E03B6C002B02DDC4
:100DF0003B6C0C2B02DD6FF021036EE03B6C013B82
:100E00003B643B6C9B0090333B4453F83C3CC7F83D
:100E10008C303B6C012B22D17B6C03F00303002B45
:100E20001DD17A6C334B83FB02135911D317CB1AA4
:100E3000642101FB03F3D31A002B0DD17A6C2D4BE7
:100E400083FB0213D911D317CB1A4FF4C87101FBDE
:100E500003F3D31A002B02D11D23C7F88C30FB6B90
:100E6000002B04DDFB6BD7F88C209A4202DA6FF07E
:100E7000210332E0BB6B002B02DBBB6B172B02DDC7
:100E80006FF0210329E07B6B002B02DB7B6B3B2B9C
:100E900002DD6FF0210320E03B6B002B02DB3B6B9C
:100EA0003B2B02DD6FF0210317E07B6CA3F26C7328
:100EB0007B643B6BBB607B6BFB60BB6B3B61FB6B29
:100EC0007B613B6CBB617B6CFB6107F108031946DE
:100ED000D7F884000FF05CFE034618469037BD46F5
:100EE000B0BD00BFA0D90508C0D305089CDA05082D
:100EF000ACDA05081F85EB51B0B594B006AF786049
:100F000007F108032822002118460DF0F5FD144BC7
:100F10007B6300233B6307F108031946786B0FF0EE
:100F200045FE38633B6B002B01DA3B6B14E0FB6939
:100F300003F26C75BB6901337A693969F868BC687A
:100F4000049403900291019200932B46054A0221DA
:100F5000786812F081FF002318463837BD46B0BDCF
:100F6000C0D30508BCDA050880B586B000AFF860CC
:100F7000B9607A6000237B617B681B680322194695
:100F800027480EF0E3F80346002B25D1BB68032B5E
:100F900007D0244A0121F86812F05EFF6FF01503B4
:100FA0003AE07B6804331A687B6808331B6819468B
:100FB0001046FFF7B3FE78617B69002B0ADA7B6984
:100FC0005B4218460EF0BEF80346174A0121F86846
:100FD00012F042FF7B691FE07B681B680322194601
:100FE00012480EF0B3F80346002B13D1F868FFF750
:100FF00083FF78617B69002B0ADA7B695B421846C4
:101000000EF0A0F803460A4A0121F86812F024FF06
:101010007B6901E06FF0150318461837BD4680BDA7
:10102000E4DA0508E8DA050804DB050814DB05083E
:1010300018DB050880B483B000AF7860034A7B6892
:10104000136000BF0C37BD4680BC704758010024B8
:1010500080B582B000AF78603960044B1B68786857
:101060009847034618460837BD4680BD58010024FE
:1010700080B586B000AF7860396007F108030022C0
:101080001A605A609A60DA600223BB72064BFB60FA
:1010900007F108033A68796818460EF0B7FC00BFFC
:1010A0001837BD4680BD00BF5110040880B588B018
:1010B00000AF7860396007F10C0300221A605A60B3
:1010C0009A60DA601A610223BB730A4B3B6107F135
:1010D0000C033A68796818460EF098FCFB69002BFF
:1010E00004D007F10C03184610F046FB00BF203770
:1010F000BD4680BDA117050880B584B000AF7860FB
:1011000039600023FB600AE0094B1B687968FA68C4
:101110000A44127810469847FB680133FB60FA686E
:101120003B689A42F0D300BF00BF1037BD4680BD78
:101130005801002480B586B000AF7860EFF31183CA
:101140007B617B693B611023FB60FB6883F3128842
:1011500000BFBFF36F8F00BF05F0EEF900BF09F0CD
:1011600071FA786814F08AFD024810F05CFB10F008
:101170006CFBFCE778DB050880B582B000AF00F0BF
:101180004DF978607B6801221A607B6801225A6001
:101190007B6800229A607B680022DA607B6800220C
:1011A0001A617B680A4A5A610A4B01221A600A4B8B
:1011B00001221A60094B00221A60094B00221A60B2
:1011C000084B00221A6000BF0837BD4680BD00BF33
:1011D000CCDE05085C0100246001002438070024EF
:1011E0003C0700244007002480B586B000AFF860BB
:1011F000B9607A6000F012F978617B69DB68002BD6
:1012000004D17B695B691B78002B58D17B69002274
:10121000DA607B695B689B00BA6813441A687B6973
:101220005A617B695B68FA689A4207DD7B695B6992
:10123000591C7A6951611B782D2B08D07B69614A52
:101240005A61786900F0C0F84FF0FF33B5E07B6970
:101250005B69591C7A6951611B781A467B699A60EF
:101260007B699B682D2B12D17B695B691B78002BF6
:101270000DD17B695B685A1C7B695A607B69514A56
:101280005A61786900F0A0F84FF0FF3395E07B6970
:101290009B68002B1CD17B694A4A5A612D217868D2
:1012A0000DF0BAFC0346002B05D1786900F08CF8EC
:1012B0004FF0FF3381E07B692D229A6008E07B6963
:1012C0005B69591C7A6951611B781A467B699A607F
:1012D0007B699B68194678680DF09EFC38617B69D4
:1012E0009B683A2B02D03B69002B15D17B695B6967
:1012F0001B78002B04D17B695B685A1C7B695A60A0
:101300007B691B68002B02D07B681B783A2B7869BD
:1013100000F05AF83F2350E03B6901331B783A2B29
:101320000DD07B6900221A617B695B691B78002BF9
:101330003ED17B695B685A1C7B695A6038E07B69E7
:101340005B691B78002B04D07B695A697B691A6141
:1013500026E07B695B685A1C7B695A607B695B6825
:10136000FA689A4208DD7B695B689B00BA6813449F
:101370001A687B691A6113E07B69124A5A617B68BB
:101380001B783A2B04D1786900F01EF83A2314E058
:101390007B691B68002B786900F016F83F230CE08E
:1013A0007B69084A5A617B695B685A1C7B695A6091
:1013B000786900F009F87B699B6818461837BD46C4
:1013C00080BD00BFCCDE050880B582B000AF78607C
:1013D0007B681B680C4A13607B685B680B4A136070
:1013E0007B689B680A4A13607B68DB68094A136064
:1013F0007B681B69084A1360786805F0D3FD00BF5D
:101400000837BD4680BD00BF5C0100246001002498
:10141000380700243C0700244007002480B400AFB4
:10142000024B1846BD4680BC704700BF64010024D3
:1014300080B400AF044B5B68034A43F00103536080
:1014400000BFBD4680BC70470010005C80B400AF98
:10145000044B5B68034A43F00203536000BFBD4680
:1014600080BC70470010005C80B584B000AF78602D
:101470007B680A2B01D900230DE0094A7B6852F8EA
:101480002330FB60F86810F04DFC0346002B01D0C0
:10149000FB6800E0002318461037BD4680BD00BF42
:1014A00024FF050880B586B000AF78600B46FB705E
:1014B000124B7B617B685B683B613B690833FB6077
:1014C000FB78032B11DC022B12DA002B07D0012B47
:1014D0000BD1F968786910F044FC03460AE0F9681A
:1014E000786910F057FC034604E06FF0850301E0D3
:1014F00000BF002318461837BD4680BDA0D105089F
:1015000080B582B000AF78600449786810F06BFC59
:10151000034618460837BD4680BD00BFA514040821
:1015200080B400AF044B1B68034A43F4807313601C
:1015300000BFBD4680BC70470048025880B400AF71
:10154000044B1B68034A23F48073136000BFBD463D
:1015500080BC70470048025880B400AF064B1B683F
:1015600003F48073B3F5807F01D1012300E00023F1
:101570001846BD4680BC70470048025880B58CB004
:1015800000AF204BFB62EFF31183BB62BB6A7B624F
:1015900010233B623B6A83F3128800BFBFF36F8F57
:1015A00000BF7B6A3B60FB6AFB6100BFFB6ABB61FB
:1015B00000BF3B68BB60144B1B68002B07D1FFF7D3
:1015C000AFFF00BFFFF7C8FF0346002BFAD00E4B5A
:1015D0001B6801330C4A1360BB687B60094B7B615D
:1015E0007B683B613B69FB60FB6883F3118800BF4C
:1015F000BFF36F8F00BF00BF00BF00BF3037BD46D5
:1016000080BD00BF440700244407002480B58CB08F
:1016100000AF234BFB62EFF31183BB62BB6A7B62BB
:1016200010233B623B6A83F3128800BFBFF36F8FC6
:1016300000BF7B6A3B60FB6AFB6100BFFB6ABB616A
:1016400000BF3B68BB60174B1B68002B07D1012212
:101650000021154810F07BFC0346002B0AE0114BDB
:101660001B68012B01D1FFF769FF0E4B1B68013B83
:101670000C4A1360BB687B60094B7B617B683B61F4
:101680003B69FB60FB6883F3118800BFBFF36F8F7A
:1016900000BF00BF00BF00BF3037BD4680BD00BFE8
:1016A00044070024440700244807002480B483B082
:1016B00000AF7860064BDB6823F0070204497B68C3
:1016C0001343CB6000BF0C37BD4680BC704700BFE2
:1016D0000048025880B400AF034B1B681B0C9BB240
:1016E0001846BD4680BC70470010005C80B485B0D1
:1016F00000AF4FF00053BB600A4B7B60BB68FB60E0
:1017000005E0FB6800221A60FB680433FB60FA689E
:101710007B689A42F5D300BF00BF1437BD4680BC3A
:10172000704700BF0000022080B586B000AF04F013
:10173000D7FE00BF00BF114B114A1A600220FFF70D
:10174000B5FFFFF7C7FF034641F20302934211D1F1
:101750000C4B7B6101233B617B69FB603B69BB6098
:10176000FB681B687B60FB68B9687A680A431A608B
:1017700000BF00BF00BF1837BD4680BDD8010024A0
:101780000090D0030881005180B483B000AF78602E
:101790007B68044A1A60012318460C37BD4680BC9A
:1017A000704700BF2C00060880B584B000AFF86019
:1017B000B9607A6010F0F8FB0346054A0821F86822
:1017C00012F04AFB002318461037BD4680BD00BF0B
:1017D00094DC050880B485B000AFC7E900013B6820
:1017E000FB60FB680933044AA2FB0323DB081846AD
:1017F0001437BD4680BC7047CDCCCCCC80B586B00C
:1018000000AFF860B9607A6000233B617B68043305
:101810001B6807F110020A21184602F0EFFD7861FB
:101820003B69002B05D17B69184610F0E5FB0023CE
:1018300006E03B69044A0121F86812F00DFB3B69A0
:1018400018461837BD4680BDC4DC050880B584B095
:1018500000AFF860B9607A60054B064A0821F86865
:1018600012F0FAFA002318461037BD4680BD00BFBB
:10187000C4DD0508CCDD050880B584B000AF786014
:101880007B68BB6000233B7307F1080319460448DB
:101890001AF05CFF3B7B18461037BD4680BD00BF89
:1018A000CD20050880B500AF04F014FE0346024ABF
:1018B0009B58184680BD00BF0800000080B598B056
:1018C00004AF786039607B68FB643B68BB64FB6C89
:1018D000D3F8A0307B64F86C1AF0DFF93864FFF7B6
:1018E000E1FF0246FB6C934201D1344A00E0344AE6
:1018F0003B6C002B01D03B6C00E0324B0193FB6C46
:1019000000931346304A0821B86C12F0A5FAFB6C1C
:10191000D3E90823C7E90E23FB6C9B891846FB6CAF
:1019200093F90E301946D7E90E23CDE90223009131
:101930000346264A0821B86C12F08EFA07F10C0310
:1019400020221946F86C0AF0A9F90246FB6C9B6E3E
:10195000009313461E4A0821B86C12F07DFA07F175
:101960002C031946F86C10F0C5FB78637B6B002BD9
:1019700006D07B6B174A0821B86C12F06DFA19E09B
:10198000FB6A7A6CD31A642203FB02F27B6CB2FB13
:10199000F3F33B63FB6AFA6A796C8A1A396B039139
:1019A000796C0291019200937B6C0B4A0821B86C10
:1019B00012F052FA00BF5037BD4680BD48DE050820
:1019C000E4E805084CDE050850DE05085CDE050885
:1019D00088DE0508A0DE0508D0DE050880B586B0E3
:1019E00000AFF860B9607A6010F092FB03463B618B
:1019F00008F044FD7861386910F0A3FB7B69094A5F
:101A00000821F86812F028FA074A0821F86812F04D
:101A100023FAF96805481AF0AAFE00231846183779
:101A2000BD4680BD08DF050828DF0508BD1804088D
:101A300080B58EB006AF786039603B68FB617B682B
:101A4000D3F8A030BB6107F108031946786810F09D
:101A500098FB78617B69002B06D07B69174A0821C7
:101A6000F86912F0F9F926E078681AF016F9386189
:101A7000BB68BA69D31A642203FB02F2BB69B2FBEA
:101A8000F3F3FB603B69002B01D03B6900E00C4B9A
:101A9000BA68B968B869411AF8680590B8690490DD
:101AA00003910292BA69019200937B68054A08216A
:101AB000F86912F0D1F92037BD4680BDA0DE0508D7
:101AC0004CDE050854DF050890B59BB008AFF86000
:101AD000B9607A6007F114032022002118460DF046
:101AE0000BF807F114031A22202118460DF004F810
:101AF000F96828481AF03BFE01233B6400237B640D
:101B00003EE07A6C13465B0113449B01224A134466
:101B1000184610F02BFBF8634FF40063BB6307F12A
:101B200010031A46B96BF86B1AF013FA78637A6CE3
:101B300013465B0113449B01174A9C183B693A69A1
:101B4000B96B8A1A3969B86B411A642001FB00F03D
:101B5000B96BB0FBF1F10691B96B05910492039357
:101B6000BB6B029307F1140301937B6C0093234634
:101B70000A4A0821F86812F06FF97B6C01337B6424
:101B80007B6C3A6C9A42BCD8002318464C37BD4651
:101B900090BD00BF311A0408801B002498DF05089F
:101BA00080B500AF04F096FC0346024A9B581846E5
:101BB00080BD00BF0800000080B586B000AFF860AF
:101BC000B9607A607B6804331B68102200211846D4
:101BD0000DF0AAFD03467B617869FFF74DFE0346D1
:101BE00083F00103DBB2002B08D07B69114A01218D
:101BF000F86812F031F96FF0150317E0FFF7D0FF26
:101C000002467B69934207D10B4A0121F86812F022
:101C100023F96FF0150309E0786910F0C0FA7B69C9
:101C2000064A0821F86812F017F9002318461837F9
:101C3000BD4680BD08E0050824E005084CE0050825
:101C400080B500AF04F046FC0346024A9B58184694
:101C500080BD00BF0800000080B586B000AFF8600E
:101C6000B9607A607B6804331B6810220021184633
:101C70000DF05AFD03467B617869FFF7FDFD0346D1
:101C800083F00103DBB2002B08D07B69114A0121EC
:101C9000F86812F0E1F86FF0150317E0FFF7D0FFD6
:101CA00002467B69934207D10B4A0121F86812F082
:101CB000D3F86FF0150309E0786910F07BFA7B69BF
:101CC000064A0821F86812F0C7F8002318461837AA
:101CD000BD4680BD08E0050890E00508B8E00508AD
:101CE00080B500AF04F0F6FB0346024A9B58184645
:101CF00080BD00BF0800000080B586B000AFF8606E
:101D0000B9607A607B6804331B6810220021184692
:101D10000DF00AFD03467B617869FFF7ADFD0346D0
:101D200083F00103DBB2002B08D07B69114A01214B
:101D3000F86812F091F86FF0150317E0FFF7D0FF85
:101D400002467B69934207D10B4A0121F86812F0E1
:101D500083F86FF0150309E0786910F036FA7B69B3
:101D6000064A0821F86812F077F800231846183759
:101D7000BD4680BD08E00508F8E0050820E105083B
:101D800080B586B000AFF860B9607A60FB681B6808
:101D90007B617B69002B03D07B691B78002B07D10B
:101DA000FB68064A7968B8680DF06AFCBB687B611D
:101DB0007B6918461837BD4680BD00BF5CE1050849
:101DC00080B59CB002AFF860B9607A6007F140035B
:101DD000184608F087FEB8653A6CBB6D5B0113448A
:101DE0007B65404A0821F86812F036F83B6C7B6648
:101DF0006EE007F1100330221946786EFFF7C0FF3E
:101E00003865394B3B66BB68022B09D17B680433CC
:101E10001B681946386D0DF073FB0346002B53D039
:101E20003B6D324A0821F86812F016F8786E10F00F
:101E3000E9F9034683F00103DBB2002B01D02C4B00
:101E40003B66786E10F0F6F9F864FB6C002B08DB4B
:101E5000FB6C00933B6E274A0821F86811F0FCFFE9
:101E600005E03B6E244A0821F86811F0F5FF786E12
:101E700010F0B6F9B864BB6C002B26D0BB6C1B68A5
:101E8000002B22D01D4A0821F86811F0E5FF00233D
:101E9000FB650EE0BA6CFB6D9B0013445B687B64D2
:101EA0007B6C174A0821F86811F0D6FFFB6D0133EF
:101EB000FB65BB6C1B68FA6D9A42EBD3114A082193
:101EC000F86811F0C9FF00E000BF7B6E20337B662D
:101ED0007A6E7B6D9A428CD3002318466837BD46D4
:101EE00080BD00BF64E1050870E1050878E10508E0
:101EF00080E105088CE10508A0E10508A8E10508D6
:101F0000BCE1050880E6050880B584B000AF7860C4
:101F100039600021786812F019FBF860FB68002B2B
:101F200002D0FB681B6800E000233A6813603B683E
:101F30000022DA603B68044A5A603B6800229A60DB
:101F400000BF1037BD4680BD88F7050880B588B052
:101F500002AFF860B9607A607B6804331B6818468A
:101F600012F049FB78617B69002B0AD17B6804334E
:101F70001B681C4A0121F86811F06EFF6FF0120314
:101F80002BE0786910F03EF90346002B09D07B68FE
:101F900004331B68144A0221F86811F05DFF002326
:101FA0001BE0786910F03AF938613B69002B0BD0DF
:101FB0007B6804331A683B69009313460B4A01217E
:101FC000F86811F049FF07E07B6804331B68084A92
:101FD0000221F86811F040FF3B6918461837BD46EA
:101FE00080BD00BFC0E10508D8E10508FCE1050897
:101FF0002CE2050880B584B000AF7860396000211C
:10200000786812F0B3FAF860FB68002B02D0FB6826
:102010001B6800E000233A6813603B680022DA6026
:102020003B68044A5A603B6800229A6000BF103740
:10203000BD4680BD88F705082DE9B04F92B000AFCE
:10204000F860B9607A60FB70FB78DB08DBB2FB6399
:10205000FB78083B182B8CBF01220022D2B2002A49
:102060000BD1484A22FA03F303F00103002B14BFFB
:1020700001230023DBB2002B08D1FB78424A082160
:10208000F86811F0E9FE6FF0150375E000BFBB685A
:102090003B646DE000237B644DE0FB78202B32D065
:1020A000202B44DC082B02D0102B16D03FE03A6CDA
:1020B0007B6C1344FB62FB6A1B78DBB2DBB2002251
:1020C0001C461546C7E90C4597F8301007F1140275
:1020D0007B6C13440A461A7029E03A6C7B6C1344FB
:1020E000BB62BB6A1B889BB29BB20022984691469A
:1020F000C7E90C89388E07F114027B6C134419462A
:1021000010F0A3F813E03A6C7B6C13447B627B6A9B
:102110001B6800229A469346C7E90CAB386B07F15F
:1021200014027B6C1344194610F0A5F800BF7A6CBA
:10213000FB6B13447B647A68FB6B9A4204D37A6C22
:10214000FB6B1344102BA8D97B68102B28BF1023DE
:1021500007F11402396CF86802F098F93B6C1033FF
:102160003B647B68102B28BF10237A68D31A7B60EE
:102170007B68002B8ED1002318464837BD46BDE84A
:10218000B08F00BF01010001D0E2050880B58AB020
:1021900000AFF860B9607A6000237B614FF0FF33D5
:1021A0007B6220233B624FF0FF33FB61454B0122F2
:1021B0001A60FEF7E1FF56E0BB69772B35D0BB69AB
:1021C000772B48DCBB69612B03D0BB69732B16D01E
:1021D00041E03D4B1B6807F114021021184602F044
:1021E0000DF9F8617B69002B38D0374B1B68374AF3
:1021F0000121F86811F030FE6FF015035EE0324BFC
:102200001B6807F114020021184602F0F7F8786203
:102210007B69002B24D02C4B1B682D4A0121F868C8
:1022200011F01AFE6FF0150348E0274B1B6807F109
:1022300014020021184602F0E1F838627B69002B95
:1022400010D0214B1B68234A0121F86811F004FECD
:102250006FF0150332E06FF015032FE000BF02E0CE
:1022600000BF00E000BFBB681B4A79681846FEF754
:10227000BBFFB861BB69B3F1FF3F9DD1FB69B3F10F
:10228000FF3F07D1154A0121F86811F0E5FD6FF015
:10229000150313E07B6AB3F1FF3F07D1104A012118
:1022A000F86811F0D9FD6FF0150307E03B6ADBB267
:1022B0007A6AF969F868FFF7BFFE034618462837BF
:1022C000BD4680BD6001002440070024ECE2050803
:1022D00000E3050814E3050828E3050830E30508D2
:1022E00050E3050880B582B000AF786039603B6884
:1022F000002B0BD0184B1B78002B07D0174A01215D
:10230000786811F0A9FD6FF00F0320E0124B1B78E5
:10231000002B14BF01230023DBB283F00103DBB2E7
:1023200003F00103DAB20C4B1A700B4B1B78002B35
:1023300007D00B4A0821786811F08EFD064B012268
:102340001A7000223968786811F0F0FD00231846F1
:102350000837BD4680BD00BF550D00246CE305085D
:10236000A8E3050880B588B000AFF860B9607A606E
:102370003B600023FB770023BB614BE05A4B1B788B
:10238000182B0BD1BA68BB6913441B78112B05D1EC
:102390000123FB77544B00221A703FE0BA68BB69F7
:1023A00013441A78504B1A70BA68BB6913441B78EF
:1023B00018460FF078FF0346002B0CD0BA68BB69B3
:1023C0001A444A4B1B681178494AD154474B1B6841
:1023D0000133464A1360454B1B68022B17D110226C
:1023E000002143480DF0A0F90346FB75414B1B68E3
:1023F000FA7D1A703F4B1B6801333E4A13603E4B17
:102400001B6801333C4A1360384B00221A60BB69D9
:102410000133BB61BA697B689A42AFD3FB7F002B63
:102420005ED0354B1B68354A0821F86811F014FD61
:102430000021F868FFF756FF314B1B7883F001034A
:10244000DBB2002B4BD010E02E4B1B681A682D4BD3
:102450001B6812BA1A602B4B1B680433294A13609D
:10246000254B1B68043B244A1360234B1B68042B39
:10247000EADC214B1B6803F00303002B07D1214B3F
:102480001B681A681F4B1B6812BA1A6027E01A4BA8
:102490001B685A4203F0030302F0030258BF534281
:1024A000022B09D1174B1B681B689BB25BBA9AB20F
:1024B000144B1B681A6012E00F4B1B685A4203F062
:1024C000030302F0030258BF5342032B07D10D4B05
:1024D0001B681B681ABA0B4B1B68120A1A6000BFF4
:1024E0002037BD4680BD00BF560D0024580700248C
:1024F0005C0700244C07002454070024D4E305089B
:10250000540D00245007002490B587B000AFF86048
:10251000B9607A603B4B00221A703B4B00221A6074
:102520003A4B00221A6048E07B6804331C687B68E1
:1025300004331B680222364918460CF007FE034696
:10254000002B08D17B6804331B6802331B78002BF7
:1025500001D0012300E0002323447B6102222D49A6
:1025600078690CF0F3FD0346002B03D1254B0122C3
:102570001A701CE026497869FDF7B2FE0346002B6D
:1025800006D17B6804337B60BB68013BBB6017E00E
:102590007B691B782D2B13D17B6901331B78002BB2
:1025A0000ED07B691C4A0821F86811F055FC7B6845
:1025B00004337B60BB68013BBB60BB68012BB3D8B5
:1025C0007B6804331B680022002118460DF0ACF82C
:1025D00003461A46114B1A607B6804331B680022BD
:1025E000002118460DF0A0F803461A460C4B1A605D
:1025F0000C49F868FFF776FE002318461C37BD46E5
:1026000090BD00BF540D0024580700245407002437
:10261000F0E30508F4E30508F8E305084C07002497
:1026200050070024652304082DE9B04F8CB002AF99
:10263000F860B9601346FB710023FB61FB79202B26
:102640001ED0202B26DC082B02D0102B0CD021E032
:10265000BB68BB61BB691B78DBB2DBB200229A4668
:102660009346C7E908AB1EE0BB687B617B691B88AA
:102670009BB29BB2002298469146C7E9088912E0B6
:10268000BB683B613B691B6800221C461546C7E9D5
:10269000084508E00D4A0821F86811F0DDFB6FF0ED
:1026A0001503FB6100BFFB69002B08D1D7E90823A4
:1026B000CDE90023064A0821F86811F0CDFBFB693B
:1026C00018462837BD46BDE8B08F00BF10E40508A6
:1026D00028E4050880B58CB000AFF860B9601346F7
:1026E000FB710023FB62FB79202B1BD0202B22DC0B
:1026F000082B02D0102B0CD01DE097F8383087F84B
:102700002B30BB687B627B6A97F82B201A7000BF66
:102710001AE03B8F7B84BB68FB61FB697A8C1A8073
:1027200000BF11E0BB6BBB61BB687B617B69BA69B1
:102730001A6000BF08E0074A0821F86811F08CFB16
:102740006FF01503FB6200BFFB6A18463037BD46C9
:1027500080BD00BF10E4050880B58CB002AFF86002
:10276000B9607A604FF000024FF00003C7E906231A
:102770007B6804331B681022002118460CF0D4FF3C
:1027800078617B693B61BB68022B03D8202387F803
:1027900027300AE07B6808331B680A2200211846AC
:1027A0000CF0C2FF034687F8273097F827301A4A03
:1027B0000821F86811F050FBBB68032B08D897F884
:1027C00027301A463969F868FFF72EFF03461EE0E6
:1027D0007B680C331B681022002118460DF012F89C
:1027E000C7E90601D7E90623CDE900230B4A0821F2
:1027F000F86811F031FB97F82710D7E90623CDE9E7
:1028000000230A463969F868FFF764FF0346184653
:102810002837BD4680BD00BF3CE4050854E40508E8
:1028200080B584B000AF78607B681B68FB607B6814
:1028300003F124007B6840331A4640210FF072FDFB
:102840007B6803F110007B6838331A4608210FF0CB
:1028500069FD7B680022C3F8B8207A680549F868EA
:102860000FF003FFF8680FF043FF00BF1037BD46BD
:1028700080BD00BF9528050880B586B002AF164B15
:10288000FB600123FB7200237B60F8680FF0EFFD13
:10289000034683F00103DBB2002B02D06FF012037A
:1028A00015E0F97A0022134643F00202134643F082
:1028B0000802134643F01002134643F020027B68DF
:1028C00000930B46F968054801F034FA00231846D6
:1028D0001037BD4680BD00BFE0D3050824D80508E9
:1028E00080B500AF03F0F6FD0346024A9B58184638
:1028F00080BD00BF0800000080B582B000AF7860E6
:10290000786810F06AFA034683F00103DBB2002B0B
:1029100006D17B685B690449184610F00DFA00BFC8
:1029200000BF0837BD4680BDD0D9050880B582B04C
:1029300000AF78607B685B690349184610F0FCF9CA
:1029400000BF0837BD4680BD80E6050880B582B06F
:1029500000AF78607B689B681C331946786802F08A
:1029600049FB7B689B681C33034A1946786812F060
:10297000F8FB0837BD4680BDE0E5050880B582B0AC
:1029800000AF78600B46FB70FB7883F00103DBB28D
:10299000002B0DD07B689B68DB69084A01217868B1
:1029A00012F06FFB7868FFF7D1FF6FF0150300E0BE
:1029B000002318460837BD4680BD00BFF0E5050876
:1029C00080B582B000AF78600B46FB707B689B6877
:1029D000FA781A75FB78022B1AD17B689B68DB6C3E
:1029E000002B15D1786810F008FC786810F047FBD0
:1029F0000346002B09D0084B084A0321786812F0DF
:102A000040FB0021786810F04AFB786812F01FFA4A
:102A100000BF0837BD4680BD0CE6050850E6050836
:102A200090B589B002AFF860B9601346FB80BB680F
:102A3000002B05D1FB689B680022A3F8442047E0E7
:102A4000254B1B68184610F047F903461A46FB88C9
:102A50001344FB80FB689B68DB8F1C461E4B1B6886
:102A6000184610F039F90346E21AFB8892FBF3F39B
:102A7000FB82B86810F030F903461A46FB889B1AAF
:102A8000BB82FB689A68B2F84430591C89B2A2F83C
:102A90004410FA8AB3FBF2F101FB02F29B1A9BB2DB
:102AA000002B0AD10C4B1A68BB68009313460B4AE3
:102AB0000621F86812F0E5FA05E0BB68084A06212D
:102AC000F86812F0DEFABB8A1946F86801F0F2FDE8
:102AD0001C37BD4690BD00BF9C01002454E605088C
:102AE00050E6050880B485B000AF786039607B6837
:102AF000FB6002E0FB680133FB60FB681B78002B86
:102B000009D0FB681B788033204A13441B7803F0FC
:102B10000803002BEED1FB681B78002B01D10023AA
:102B20002EE03B68002B04D0012329E0FB68013331
:102B3000FB60FB681B78002B0DD0FB681B78803393
:102B4000124A13441B7803F00803002BEED002E076
:102B5000FB680133FB60FB681B78002B09D0FB6826
:102B60001B788033094A13441B7803F00803002BB9
:102B7000EED1FB681B78002B14BF01230023DBB2CE
:102B800018461437BD4680BC704700BF08080608C9
:102B900080B584B000AF786039607B68FB603868CE
:102BA000FDF72EFBB86002E0FB680133FB60FB68B9
:102BB0001B78002B09D0FB681B788033164A13441E
:102BC0001B7803F00803002BEED1BA683968F86867
:102BD0000CF0BCFA0346002B01D0002317E0FA6882
:102BE000BB6813441B78002B0BD0FA68BB681344F6
:102BF0001B788033084A13441B7803F00803002B2A
:102C000001D0012300E0002303F00103DBB21846EA
:102C10001037BD4680BD00BF0808060880B58CB0DF
:102C200002AFF860B9607A603B60F86810F0CEFBE4
:102C30000346BB84002387F82730BB8C002B01D1CF
:102C40000023F6E0FB689B6803F5B070FB689B68A7
:102C500003F16001FB689B68B3F85A301A46FDF730
:102C60000DFDFB689B68FA689268B2F85A2013441D
:102C7000002283F86021FB689B68B3F85A30002B70
:102C800010D0FB689A68FB689B68B3F85A30013B28
:102C9000134493F860308033684A13441B7803F080
:102CA000080300E000233B620023002B15D0F868E6
:102CB00010F031F8034683F00103DBB2002B0CD097
:102CC000FB689B6803F5B0735D491846FFF760FF2A
:102CD0000346002B01D0012300E00023FB77FB7F9C
:102CE00003F00103FB77FB7F002B14BF01230023BC
:102CF000DBB283F00103DBB203F00103DAB27B6BDA
:102D00001A707B6B1B78002B14D0FB689B6803F553
:102D1000B073396A1846FFF7E5FE0346002B09D069
:102D2000FB689B6803F5B0734FF48071184611F08F
:102D30002CFBB8617B681968FB689B6803F5B0726F
:102D40001423386801F042FA3B681B68142B01D940
:102D500000236EE07B681A683B681B689B00134485
:102D600000221A60FB7F002B1AD03B681B68002BE7
:102D700016D07B681B681B6819463148FDF7B0FA0E
:102D80000346002B0CD17B681B681A1D7B681A60F8
:102D90003B681B685A1E3B681A60012387F827307E
:102DA00097F82730002B14BF01230023DBB283F0F8
:102DB0000103DBB203F00103DAB27B6B1A703B68EC
:102DC0001B68002B06D03B6A002B0ED13B681B68AA
:102DD000012B0AD13B6B00221A60F86810F031FA1F
:102DE0000246BB681A60012323E03B6A002B02D035
:102DF0003B681B6802E03B681B68013B7B61F8682D
:102E000010F01FFA7B681A6800230193BB6B0093D4
:102E10003B6B796911F0C5FA0246BB681A60BB6862
:102E20001B68002B04D17B69002B01D0002300E03C
:102E3000012318462837BD4680BD00BF0808060894
:102E40005CE6050880B586B000AFF860B9607A60CE
:102E500078680FF041FF0346FB82B8680FF03CFF33
:102E60000346BB82FA8ABB8A9A420AD0BB8A7A6836
:102E7000D118FA8ABB8AD31A9BB21A46F86811F0A5
:102E8000AAFFFB689B68FA689268B2F85A2013445C
:102E900093F860308033134A13441B7803F008031F
:102EA000002B17D1F8680FF05BFF0346002B0CD006
:102EB0000021F8680FF064FF2021F86811F0F3FE9C
:102EC0000121F8680FF05CFF08E02021F86811F09C
:102ED000EAFE03E00121F86811F0A4FD1837BD46B1
:102EE00080BD00BF0808060880B588B000AFF86054
:102EF000B9607A603B6078680FF0EEFE0346FB83B2
:102F0000FB689B681C331A463968B86811F0A8F949
:102F1000B861BB691B6818460FF0DEFE0346FB82F2
:102F2000FA8AFB8B9A420BD0BB691A68FB8BD118CB
:102F3000FA8AFB8BD31A9BB21A46F86811F04BFF42
:102F4000FB689B68FA689268B2F85A20134493F8B9
:102F500060308033124A13441B7803F00803002BBF
:102F600017D1F8680FF0FCFE0346002B0CD00021AF
:102F7000F8680FF005FF2021F86811F094FE012198
:102F8000F8680FF0FDFE08E02021F86811F08BFED4
:102F900003E00121F86811F045FD2037BD4680BDF2
:102FA00008080608B0B58CB000AFF860B9607A6068
:102FB0003B600023FB62BA683B68D31ABB623B6884
:102FC0009B007A6813447B62FB689B689B6A002BBA
:102FD00027D13B6C002B1CD03B6C5B68002B02D1D3
:102FE0006FF0070367E03B6C5A68FB689B681B6ADD
:102FF0009A4209D0FB689B683A6C03F11C041546A1
:103000000FCD0FC42B682360F868FFF79FFC0123E6
:1030100051E02B4A0121F86812F033F86FF00703F2
:1030200049E0FB689B6893F82C30002B29D0FB68A3
:103030009B6893F82C303B62FB689B6893F82D30BB
:10304000FB77FB7FFF2B01D0FB7F01E04FF6FF7387
:10305000BB61BA6A3B6A9A4207D33A6ABB691344B6
:10306000BA6A9A4201D8012300E00023FB75FB7D78
:1030700003F00103FB75FB7D1946F868FFF77EFC42
:10308000F862FB6A002B15D10121F8680FF096FF5A
:10309000F86810F094F8FB689B689B6A7A6AB96AD2
:1030A000F8689847F862F86810F076F80021F86838
:1030B0000FF084FFFB6A18463037BD46B0BD00BF35
:1030C00064E6050880B584B000AFF8600B467A600E
:1030D000FB72FB7A002B10D07B68DB68002B0CD0D6
:1030E000F86811F03AFDF86811F039FC054A012141
:1030F000F86811F0C6FF002300E0012318461037DE
:10310000BD4680BD84E60508B0B5EEB002AF07F558
:10311000D873A3F5D673186007F5C27300221A603E
:103120005A609A60DA601A6107F598735422002198
:1031300018460BF0E1FC07F5D873A3F5D6731868B1
:1031400010F07FF8C7F8AC010023C7F8A8310023BE
:10315000C7F818310023C7F81431002387F8A731C6
:103160000023C7F810314FF0FF33C7F80C3107F5D3
:10317000D873A3F5D6731B689B686033C7F89C317E
:10318000002387F89B3107F5D873A3F5D673186829
:1031900011F0E3FC07F5D873A3F5D673186811F0A6
:1031A000B4FB034683F00103DBB2002B06D007F526
:1031B000D873A3F5D6731868FFF7B8FB07F5D87373
:1031C000A3F5D6731B689B681C3314220021184694
:1031D0000BF092FC07F5D873A3F5D673186811F0BD
:1031E00032F907F5D873A3F5D6731B689B6803F112
:1031F000600107F5D873A3F5D6731B689B68B3F815
:1032000058301A4607F5D873A3F5D673186810F02E
:1032100045F807F5D873A3F5D673186812F02BFCA0
:10322000D7F8AC31002B2AD0D7F8AC311B68C7F8DF
:103230003031D7F89C31C7F8343107F5987304332F
:10324000C7F8A03107F5D873A3F5D6731B689B6840
:1032500003F11C0107F58C7007F58E7207F5867374
:10326000019307F58A7300930346D7F8AC0110F079
:103270005BFBD7F818310133C7F8183117E1002389
:10328000C7F8203107F59873C7F8A0310FE107F5AB
:1032900088700223D7F89C21D7F8A01100F096FF80
:1032A000034687F89A31D7F8A0315B68C7F89C319C
:1032B000D7F81031002B02D16FF007037DE1D7F86A
:1032C0001031012B11D197F89A31002B0DD097F8BE
:1032D0009A3107F5D872A2F5D670BA4A0121006872
:1032E00011F0CFFE6FF0070367E1D7F81831002B1C
:1032F0002FD0D7F8A0311B68184601F0B7FE03465F
:10330000002B26D0D7F82031002B16D007F5D87324
:10331000A3F5D6731B689B6803F11C0407F58E7533
:103320000FCD0FC42B68236007F5D873A3F5D673B0
:103330001868FFF70BFB01233FE107F5D873A3F5EE
:10334000D673A14A0121186811F09BFE6FF00703A4
:1033500033E1D7F81831002B20D0D7F8A0311A6804
:1033600007F5D873A3F5D673D7F8A811186812F02B
:10337000B9FB034687F8993197F89931022B00F091
:10338000A48097F89931032B08D0D7F8183101336E
:10339000C7F81831012387F8A73188E097F89B31E7
:1033A00083F00103DBB2002B0BD0D7F8A0311B68F0
:1033B00007F5C2721946D7F8AC0110F0B4FFC7F890
:1033C000A801D7F8A0310433C7F8A031D7F80C31E1
:1033D000013BC7F80C31D7F8A831002B2FD097F854
:1033E000A71107F5D873A3F5D673D7F8A8211868E5
:1033F000FFF768FE034683F00103DBB2002B02D027
:103400006FF00703D9E007F5D873A3F5D6731B68EF
:103410009B6803F11C0107F58C7007F58E7207F5A8
:103420008673019307F58A7300930346D7F8A801C2
:1034300010F07AFAD7F8A831C7F8AC312AE0D7F8FB
:103440001831002B23D107F5D873A3F5D67318686C
:103450000FF061FC034683F00103DBB2002B09D1BE
:1034600007F5D873A3F5D6731B689B681B6BDB68E5
:10347000002B0CD1D7F8303107F5D872A2F5D670F1
:10348000524A0092524A0121006811F0FAFD0123CC
:1034900087F89B31D7F80C31002B03D1D7F81031C6
:1034A000022B04D1D7F818310133C7F81831D7F8F7
:1034B0001031012B0AD0D7F81831132B06D8D7F8C2
:1034C0000C31002B7FF4E3AE00E000BFD7F81831D9
:1034D000132B10D9D7F81031022B0CD107F5D87364
:1034E000A3F5D6703B4B3C4A0121006811F0C9FDA1
:1034F0006FF0070361E097F8A731002B33D007F591
:10350000D873A3F5D673186812F010FB07F5D873BB
:10351000A3F5D67318680FF094FE0346002B14BF72
:1035200001230023DBB207F598729B00D11807F541
:10353000D873A3F5D6731B689B6803F1600207F587
:103540008C70142300F042FE07F5D873A3F5D673F0
:1035500018680FF076FE0346002B04D0D7F8183118
:103560000133C7F81831D7F8AC31002B13D0D7F896
:10357000AC315B7CFE2B0ED1D7F818319B0003F5E4
:10358000D8733B4453F8803C002B04D0D7F8183153
:103590000133C7F81831D7F81811D7F8144107F5D7
:1035A000987207F5D873A3F5D67007F58E7300935C
:1035B00023460068FFF7F6FC0346184607F5D87760
:1035C000BD46B0BDB4E6050864E60508D0E60508CA
:1035D000C8E60508E4E6050828DD050880B582B0E0
:1035E00000AF78600B46FB70FB78013B162B00F2B6
:1035F000B18001A252F823F0553604085D36040864
:1036000065360408A9360408B1360408B93604083A
:10361000553704085537040855370408553704084A
:10362000C1360408C9360408553704080D370408A4
:103630005537040817370408553704085537040868
:10364000553704082137040829370408553704087A
:1036500045370408786811F06DFA7CE0786811F05D
:1036600093FA78E0786811F078FA786811F04DF9FB
:10367000034683F00103DBB2002B02D07868FFF72A
:1036800055F9012178680FF057FC7B689B689B7D9A
:10369000012B04D17B689B6803229A755BE00221B1
:1036A0007868FFF78DF956E0786811F040FB52E03A
:1036B000786811F052FA4EE0786811F078FA4AE032
:1036C000786811F06BFB46E078680FF086FB0346E4
:1036D00083F00103DBB2002B05D17B685B691F49D6
:1036E00018460FF029FB78680FF077FB034683F04C
:1036F0000103DBB2002B05D17B685B6918491846D2
:103700000FF01AFB786811F0A2FB24E00021786822
:103710000FF0D4FD1FE0012178680FF0CFFD1AE013
:10372000786810F037F916E0786811F003FA7868D5
:103730000FF063FD012178680FF0FEFB7868FFF75A
:10374000DBF808E0786801F029F8012178680FF0CB
:10375000F3FB00E000BF0837BD4680BDE0D9050897
:10376000E8D9050890B58DB000AF78600023FB6103
:103770007B689B68DB6CFB627B689B681B6DBB6234
:10378000FB6A002B34D07B685B681B681C697B6814
:10379000586807F11C0307F108011022A04778625E
:1037A0007B6A002BC0F2F481FB69002B00F0F281F0
:1037B000012178680FF002FC78680FF000FDFA69CB
:1037C00007F10801FC6ABB6A7868A04778680FF0C7
:1037D000E3FC002178680FF0F1FB7B689B68DB6CF1
:1037E000002B40F0CF8102217868FFF7E9F8D1E1A2
:1037F0007B685B681B681C697B68586807F11C0361
:1038000007F11B010122A04778627B6A002BC0F2FE
:10381000C381FB69002B00F0C181FB7E184610F0CC
:10382000BDF90346002B40F0AF817B689B685B7D50
:10383000032B00F29E8101A252F823F04D380408B8
:10384000FB3904082B3A0408693B0408FB7E19463F
:10385000786810F077F90346002B26D07B689B68C8
:103860009B7D012B07D17868FFF760F87B689B6828
:1038700002229A7593E17B689B68B3F85830002B5D
:1038800006D178680FF0FAFC7868FFF74FF807E088
:103890007B689C687868FFF737FC0346C4F8A83259
:1038A00002217868FFF78CF871E1FB7E1B2B3FDC6F
:1038B000002B79DB1B2B77D801A252F823F000BF35
:1038C000E7390408A9390408A9390408A939040802
:1038D000A9390408A9390408A9390408A939040830
:1038E0005D39040841390408A9390408A9390408D4
:1038F000A9390408A9390408A9390408A939040810
:10390000A9390408A9390408A9390408A9390408FF
:10391000A9390408A9390408A9390408A9390408EF
:10392000A9390408A9390408A93904083739040851
:103930007F2B21D038E0012178680FF04FFC5BE04D
:1039400078680FF05AFA0346002B4ED001217868B0
:103950000FF0F2FA786810F029F846E078680FF076
:103960004CFA0346002B42D0012178680FF0E4FAAC
:10397000786811F0BFF93AE078680FF03EFA034634
:10398000002B36D0012178680FF0D6FA78680FF056
:10399000B3FA0346002B03D0786811F0ABF928E0A6
:1039A000786811F0C4F924E0FB7E80337D4A13442B
:1039B0001B7803F09703002B09D0012178680FF0E2
:1039C000BBFAFB7E1946786811F06DF913E0786850
:1039D0000FF013FA0346002B0DD0FB7E19467868D2
:1039E000FFF7FCFD07E000BFC8E000BFC6E000BF76
:1039F000C4E000BFC2E000BFC0E0FB7E5B2B04D18F
:103A0000022178680FF0EAFBB8E078680FF0F5F96A
:103A10000346002B04D0FB7E1946786810F079F835
:103A2000002178680FF0DAFBA8E0002178680FF039
:103A3000D5FB78680FF0E1F9034683F00103DBB2B0
:103A4000002B40F0A380FB7E313B1B2B00F28880D3
:103A500001A252F823F000BFFD3A04080D3B040810
:103A6000453B0408ED3A0408613B0408613B040847
:103A7000613B0408613B0408613B0408613B0408A6
:103A8000613B0408613B0408613B0408613B040896
:103A9000613B0408613B0408C93A0408D33A0408AE
:103AA000DD3A0408E53A0408613B0408F53A0408E5
:103AB000613B0408053B0408613B0408613B0408C2
:103AC000613B0408153B0408012178680FF0F6FB00
:103AD00049E0002178680FF0F1FB44E0786811F0CC
:103AE00066F840E0786811F04FF83CE00321786810
:103AF0000FF074FB786811F030F834E00321786837
:103B00000FF06CFB786811F015F82CE00321786851
:103B10000FF064FB78680FF023F9034687F8233031
:103B200097F82330002B14BF01230023DBB283F06E
:103B30000103DBB203F00103DBB2194678680FF032
:103B40001FF910E0032178680FF048FB78680FF048
:103B500054F90346002B05D0786811F0E8F801E02D
:103B600000BF0BE000BF09E0002178680FF036FBD2
:103B700004E0002178680FF031FB00BF78680FF097
:103B8000BDF8F5E500BFF3E500BFF1E500BFEFE5E7
:103B900000BF04E000BF02E000BF00E000BF343718
:103BA000BD4690BD0808060890B587B000AFF86024
:103BB000B9607A60FB689B684FF42B72002118464D
:103BC0000AF09AFF0023002B06D0FB689C6835485A
:103BD00010F01FFB03462363FB689B6803F5227309
:103BE00018460FF001F8FB689B6803F52573012266
:103BF000012118460FF035F8FB689B6900221A6016
:103C00000121F8680FF046F9FB689B685022DA87BB
:103C1000FB689B6818229A87FB681B681946F8683E
:103C200010F033F93B7923F004033B713B79C3F384
:103C30000013DAB23B7962F304133B713B79C3F3AF
:103C40004013DAB23B7962F345133B713B79C3F31E
:103C50004003DAB23B7962F341033B713B79C3F332
:103C6000C003DAB23B7962F3C3033B71FB689B6824
:103C70007A68C3F88022FB685B681B681C68FB6875
:103C80005868FB68084AB968A04778617B69002BCF
:103C900003D10121F868FEF793FE7B6918461C37B3
:103CA000BD4690BDCCDE0508C13B050880B588B097
:103CB00002AFF860B9607A60FB687B61786910F0E8
:103CC00004F838613B69002B2CD17B699B6803F5B4
:103CD00022704FF0FF324FF0FF33CDE90023002276
:103CE00007210EF0A8FF78690FF056FA0F4A042159
:103CF00078690FF0A8FF0E4A012178690FF0A3FF41
:103D00007B695B681B685B69002B07D07B695B681C
:103D10001B685B697A6952681046984778690FF0AA
:103D20004EFAD2E700BF1837BD4680BD8F3C05086C
:103D3000333D0508B0B58EB008AFF860B9607A6061
:103D4000FB70FB689B68D3F8A432002B02D06FF0A5
:103D500077034DE07A68B968F868FFF725FF786166
:103D60007B69002B01D07B6942E0FB781946F8683B
:103D70000FF0C7F9FB689B68BA6A5A65FB685B6815
:103D80001B689B68FA685268002110469847786162
:103D90007B69002B04D0F8680FF02EFF7B6927E0C9
:103DA000FB685C6AFB689D6A4FF000004FF0000101
:103DB000CDE90601002304930E230393002302930D
:103DC00000230193FB6800930B4B4FF400622946DC
:103DD00020460EF0D0FE3861FB689B683A69C3F854
:103DE000A422FB681B6A194638690EF0EFFE002317
:103DF00018461837BD46B0BDAD3C040880B584B048
:103E000000AFF860B9607A600E4A0821F86810F0D7
:103E100023F80D4A0821F86810F01EF80B4A082113
:103E2000F86810F019F80A4A0821F86810F014F838
:103E3000084A0021F86811F094F900231846103759
:103E4000BD4680BD08E7050848E70508A8E705085E
:103E5000FCE7050898E8050880B584B000AFF86075
:103E6000B9607A607B68BA680449F8680DF007FCAD
:103E7000034618461037BD4680BD00BF896A040856
:103E800080B584B000AFF860B9607A607B68BA68CA
:103E9000F968074802F0F8FDFB681B691B79002BE5
:103EA00002D0F86810F08CF800BF1037BD4680BD16
:103EB0005D3F050880B582B000AF786039603A6830
:103EC00079680748FFF7C8FF7B681B691B79002BDF
:103ED00002D0786810F074F800BF0837BD4680BD86
:103EE0005D3F050880B485B000AF78607B689B00BB
:103EF000044A1344FB60FB6818461437BD4680BC77
:103F0000704700BF50D8050880B483B000AF786018
:103F10007B68094A934205D37B68084A934201D2E1
:103F2000012300E0002303F00103DBB218460C3745
:103F3000BD4680BC704700BF98D90508A0D90508C8
:103F400080B483B000AF78607B68094A934205D3A0
:103F50007B68084A934201D2012300E0002303F06A
:103F60000103DBB218460C37BD4680BC704700BF6A
:103F700080D8050898D9050890B587B000AF78605B
:103F80000B46FB707B681B687B610023FB747B69BD
:103F90001B78FB70FB78002B00F00B81FB7C002B67
:103FA00027D1FB785C2B06D05C2B21DC222B11D097
:103FB000272B0FD01CE07B695C1C786910F034F86B
:103FC00003461A46214678690AF0B2FC7B69013340
:103FD0007B61EDE07B695C1C786910F025F8034695
:103FE0001A46214678690AF0A3FCFB78FB74DFE0EF
:103FF00000BFFA7CFB789A420DD17B695C1C786922
:1040000010F012F803461A46214678690AF090FC2F
:104010000023FB74CCE0FB7C002B00F0BA80FB7823
:104020005C2B40F0B6807B695B78BB74BA7CFB7C10
:104030009A420ED17B695C1C78690FF0F5FF03464C
:104040001A46214678690AF073FC7B6901337B616B
:10405000AEE0BB7C302B3AD100233B7402237B744F
:1040600018E07B7C7A6913441B78BB74BB7C2F2BD4
:1040700013D9BB7C372B10D897F91030DB005AB21C
:10408000BB7C303BDBB25BB213435BB23B747B7CEB
:1040900001337B747B7C042BE3D97B7C022B16D908
:1040A0007B7C013B7A69D41878690FF0BDFF034629
:1040B0001A467B7C023BD31A1A46214678690AF0DD
:1040C00037FC7B695A1C7A613A7C1A7070E0BB7CC1
:1040D000782B5ED10023BB730223FB733CE0FB7B98
:1040E0007A6913441B78BB74BB7C2F2B0ED9BB7C25
:1040F000392B0BD897F90E301B015AB2BB7C303BE1
:10410000DBB25BB213435BB2BB7322E0BB7C602BC0
:104110000ED9BB7C662B0BD897F90E301B015AB217
:10412000BB7C573BDBB25BB213435BB2BB7310E0AB
:10413000BB7C402B13D9BB7C462B10D897F90E3093
:104140001B015AB2BB7C373BDBB25BB213435BB2A1
:10415000BB73FB7B0133FB73FB7B032BBFD9FB7B67
:10416000022B16D9FB7B013B7A69D41878690FF0D2
:104170005BFF03461A46FB7B023BD31A1A462146D5
:1041800078690AF0D5FB7B695A1C7A61BA7B1A7090
:104190000EE0FB7C002B08D1FB7880330A4A1344E5
:1041A0001B7803F00803002B05D17B6901337B6189
:1041B000EDE600BF00E000BF7B687A691A60FB7C17
:1041C00018461C37BD4690BD0808060880B586B065
:1041D00000AFF860B9607A60FB700023FB75FB6884
:1041E00000221A607B681B78BB75BB7D002B26D034
:1041F000BB7D8033164A13441B7803F00803002B61
:1042000005D07B685A1C7A6000221A7016E0FB68A1
:104210001B68591CFA6811609B00BA6813447A68DD
:104220001A60FB681A68FB789A420AD0BA7D3B1D77
:1042300011461846FFF7A0FE0346FB75D2E700BF04
:1042400000E000BFFB7D18461837BD4680BD00BFAB
:104250000808060880B483B000AF054A054BD31A9E
:104260009B087B607B6818460C37BD4680BC704756
:1042700080D8050850D8050880B584B000AF7860B4
:1042800078680FF0D1FE0346FB810023BB81FB89D8
:10429000002B4CD000237B8143E07B897A68134458
:1042A0001B788033244A13441B7803F00803002B47
:1042B00034D07B8901333B812AE03B897A681344FF
:1042C0001B7880331C4A13441B7803F00803002B2F
:1042D00003D0BB890133BB8117E0BB89002B1CD005
:1042E0007B8901337A68D0183B897A68D118FA89BA
:1042F0003B89D31A01331A460AF01AFBFA89BB89A3
:10430000D31AFB810023BB8107E03B8901333B814A
:104310003A89FB899A42D0D300E000BF7B89013300
:104320007B817A89FB89013B9A42B6DB00E000BFC2
:104330001037BD4680BD00BF0808060880B584B0B0
:1043400000AF786039600023FB817B681B78002B0D
:104350004ED00DE03B681B88013B9AB23B681A8047
:104360003B681B88002B03D17B6800221A7040E059
:104370003B681B88013B7A6813441B7880331E4AD4
:1043800013441B7803F00803002BE3D13B681B8820
:104390001A467B68134400221A7000BFFB895A1C1E
:1043A000FA811A467B6813441B788033124A1344FF
:1043B0001B7803F00803002BF0D1FB89013BFB8144
:1043C000FB89002B15D0FB897A68D1183B681B88C4
:1043D0001A46FB89D31A01331A4678680AF0A8FAFC
:1043E0003B681A88FB89D31A9AB23B681A8000E0AE
:1043F00000BF1037BD4680BD0808060880B586B0EE
:1044000000AFF860B9607A60FB681B782D2B05D18E
:104410007B686FF015021A60002330E002F05AF852
:104420000346194A0021995007F11003BA6819464A
:10443000F8680BF079F9786102F04CF80346124AFB
:104440009B58222B05D17B686FF021021A60002354
:1044500015E002F03FF803460B4A9B58002B07D1AA
:104460003B69FA689A4203D03B691B78002B05D060
:104470007B686FF015021A60002300E07B69184624
:104480001837BD4680BD00BF0C00000080B586B067
:1044900000AFF860B9607A603B60BB68384A0821B9
:1044A000F8680FF0D9FC00237B6122E07B69002BC8
:1044B00009DD7B6903F00703002B04D1314A082191
:1044C000F8680FF0C9FC7B693A689A4209D97B69A0
:1044D0007A6813441B782C4A0821F8680FF0BCFC5A
:1044E00004E02A4A0821F8680FF0B6FC7B69013322
:1044F0007B617B690F2BD9DD254A0821F8680FF015
:10450000ABFC00237B612FE07B69002B09DD7B691D
:1045100003F00703002B04D11A4A0821F8680FF0B2
:104520009BFC7B693A689A4216D97B697A68134486
:104530001B78FB74FB7C8033164A13441B7803F012
:104540009703002B01D0FB7C00E02E23124A0821A8
:10455000F8680FF081FC04E00A4A0821F8680FF0BF
:104560007BFC7B6901337B617B690F2BCCDD0B4AC4
:104570000821F8680FF070FC00BF1837BD4680BDF9
:10458000D8E80508E4E80508E0E80508E8E80508D3
:10459000ECE8050808080608F8E80508F0E805084A
:1045A00080B582B000AF7860786810F002F90346F9
:1045B00083F00103DBB2002B06D17B685B69044901
:1045C000184610F0C2F800BF00BF0837BD4680BDD6
:1045D000F0D9050880B582B000AF7860786810F037
:1045E000E8F8034683F00103DBB2002B06D17B68B9
:1045F0005B690449184610F0A8F800BF00BF0837EF
:10460000BD4680BDF8D9050880B582B000AF78609E
:10461000786810F0CEF8034683F00103DBB2002B7C
:1046200006D17B685B690449184610F08EF800BF1C
:1046300000BF0837BD4680BDFCD9050880B582B0F3
:1046400000AF78607B685B690349184610F07DF81D
:1046500000BF0837BD4680BD80E6050880B584B040
:1046600000AF786039603B68002B01DD412300E03A
:104670004223FB733B68002B16D03B68002B02DA09
:104680003B685B423B60786810F093F8034683F028
:104690000103DBB2002B08D17B685869FB7B3A68C9
:1046A000034910F052F800E000BF1037BD4680BD4E
:1046B000F4E8050880B584B000AF786039603B68E5
:1046C000002B01DD432300E04423FB733B68002BF8
:1046D00016D03B68002B02DA3B685B423B6078688F
:1046E00010F067F8034683F00103DBB2002B08D11A
:1046F0007B685869FB7B3A68034910F026F800E0B4
:1047000000BF1037BD4680BDF4E8050880B487B00F
:1047100000AFF860084611461A4603467B810B46F7
:104720003B811346FB800023FB750023BB82FB8883
:10473000BA8A12FB03F39AB27B8913447B827B8A89
:10474000002B03D1B7F90630002B1EDB7A8A3B8998
:104750009A4203D1B7F90630002B16DC7B8AFA683F
:1047600013441B7880330C4A13441B7803F007036F
:10477000002B02D00123FB7502E0FB7D002B03D14F
:10478000BB8A0133BB82D2E700BFBB8A18461C3705
:10479000BD4680BC704700BF0808060880B586B0DB
:1047A00000AF78607B689B68B3F85830002B71D0FD
:1047B0007B689B68B3F85A30002B6BD07B689A6893
:1047C0007B689B68B3F85A30013B603313447B61CC
:1047D0007B689B686033FB6000237B8205E07B8AFB
:1047E00001337B827B69013B7B617A69FB689A427A
:1047F0000AD37B691B78202BF1D005E07B8A01333B
:104800007B827B69013B7B617A69FB689A4203D3B7
:104810007B691B78202BF1D17B69581C7B8A013383
:104820007A69D1187B689B68B3F858301A467B8A3E
:10483000D31A1A460AF07CF87B689B68B3F85810C4
:104840007B689B687A8A8A1A92B2A3F858207B68A0
:104850009B687A689268B2F858201344002283F863
:1048600060207B8A5B429BB21BB21946786810F0CD
:10487000D9F87868FFF7AEFE7B690133074A082153
:10488000786810F0FEFB7868FFF78AFE7868FFF71B
:10489000BBFE00E000BF1837BD4680BD50E60508EE
:1048A00090B587B000AF78600B467B8013467B7075
:1048B0007B78002B02D07868FFF772FE78680FF0E3
:1048C00098FF0346002B19D07B689A687B689B6829
:1048D000B3F85A30603313441846FBF791FC034693
:1048E0007B6105E07B685B69484918460FF02DFF46
:1048F0007B695A1E7A61002BF4D15EE07B689B686D
:10490000B3F858301C467B689B6818460FF00BFFC5
:1049100003462344BB607B689B68B3F85A301C464F
:104920007B689B6818460FF0FEFE034623443B61FC
:104930007B689B68DB8F1A463B6993FBF2F27B68CE
:104940009B68DB8F1946BB6893FBF1F39A4227D033
:104950007B689B68B3F85A30FB601CE03B695A1CCB
:104960003A617A689268D28F93FBF2F101FB02F20E
:104970009B1A002B02D17868FFF760FE7B689A686B
:10498000FB68591CF960134493F86030204A0821F1
:10499000786810F076FB3A69BB689A42DEDB0CE07F
:1049A0007B689A687B689B68B3F85A30603313441D
:1049B000184A0821786810F064FB7B689A687B6865
:1049C0009B68B2F85820A3F85A2078680FF074FF5B
:1049D0000346002B0ED07B78002B02D07B88002B67
:1049E00005D17B7883F00103DBB2002B02D078681D
:1049F000FFF724FE7B885B429BB21BB219467868A6
:104A000010F010F800BF1C37BD4690BD48DE050809
:104A1000F8E8050850E6050880B582B000AF786078
:104A20000B46FB707B6899687B689B68B3F85A20DB
:104A3000501C80B2A3F85A0013460B44FA7883F84E
:104A4000602078680FF0C5FE034683F00103DBB2F7
:104A5000002B18D178680FF0CCFE0346002B01D054
:104A60002A23FB707B685B69FA78094918460FF0C6
:104A70006CFE78680FF049FF0346002B04D078687D
:104A8000FFF7DCFD00E000BF0837BD4680BD00BF7A
:104A9000F8E8050880B582B000AF78607B689B6855
:104AA0009B7D002B07D17B689B68054A02217868B3
:104AB00010F0E7FA00E000BF0837BD4680BD00BF38
:104AC00050E6050880B588B000AF78600023FB6130
:104AD0000023BB617B689B68603318460FF023FEA0
:104AE00003467B617B689B6893F840303B6135E00F
:104AF0007B689B68DB8F1A463B69D31ABA691344FB
:104B0000BB617B689A68BB69134460331B78FB7395
:104B10007B689A68BB691344603300221A707B6813
:104B200058697B689A68FB69603313441A461949CF
:104B30000FF00BFE7B689A68BB6913446033FA7B05
:104B40001A707B689B68DB8F1A463B69D31A7A69B7
:104B5000D31A7B61BB69FB6100233B617B689B6867
:104B6000DB8F1A463B69D31A7A699A42C0DC7B69AB
:104B7000002B0ADD7B6858697B689A68FB696033A3
:104B800013441A4604490FF0E0FD00BF2037BD462C
:104B900080BD00BF28DD050850E6050880B582B05D
:104BA00000AF78600B46FB70FB78082B1FD8FB78B2
:104BB000082B1ED07B689B6893F84330FA789A42A2
:104BC00017D07B689B68FA7883F8432078680FF0E9
:104BD000F0FD034683F00103DBB2002B0AD17B68B2
:104BE0005B69FA78054918460FF0AFFD02E000BF97
:104BF00000E000BF0837BD4680BD00BFFCE80508E7
:104C000080B582B000AF78600B46FB70FB78082B54
:104C10002FD87B689B6893F84230FA789A422AD062
:104C20007B689B68FA7883F84220FB78082B10D0C9
:104C300078680FF0BEFD034683F00103DBB2002B62
:104C40001AD17B685B69FA780D4918460FF07DFD33
:104C500012E078680FF0ADFD034683F00103DBB28C
:104C6000002B09D17B685B69064918460FF06DFD82
:104C700002E000BF00E000BF0837BD4680BD00BFB6
:104C800008E9050800DA050880B485B000AF78604F
:104C9000184BBB6007F10803FB607B68002B1FD03B
:104CA000FB681A787B681B789A4219D1FB6801333C
:104CB0001A787B6801331B789A4211D1FB68023362
:104CC0001A787B6802331B789A4209D1FB68033358
:104CD0001A787B6803331B789A4201D1012300E0E4
:104CE000002303F00103DBB218461437BD4680BC35
:104CF000704700BFC40BD28680B582B000AF786029
:104D00007B685B690349184610F017FA00BF083743
:104D1000BD4680BD80E6050880B588B000AFF8606C
:104D2000B9607A60FB700023FB61BB68002B00F068
:104D3000D080FB78002B08D07B681946F868FFF715
:104D4000B9FC02E0FB690133FB61BA68FB691344FB
:104D50001B788033614A13441B7803F00803002B4F
:104D6000F0D100237B610023FB74B86810F0C6F912
:104D700003461A46FB69D31ABB61FB689B68DB8F4D
:104D80001A467B68D31ABA699A423CD800237B61E1
:104D900025E0FA697B691344BA6813441B780A2B2F
:104DA0001AD1F86810F0BCF9BA68FB6913447A6943
:104DB0001946F86810F094F87A69FB6913440133D6
:104DC000FB61F868FFF798FF7B681946F868FFF702
:104DD00071FC0123FB7406E07B6901337B617A6916
:104DE000BB699A42D5D3FB7C002B70D1FB68586914
:104DF000BA68FB691344194610F09FF900BFF868C0
:104E0000FFF77AFF66E0FB689B68DB8F1A467B68DA
:104E1000D31ABB61FA697B691344BA6813441B78DF
:104E200080332E4A13441B7803F00803002B09D06B
:104E30007B69BB61FA697B691344BA6813441B78C8
:104E40000A2B0BD07A697B681344FA689268D28F78
:104E5000934205D27B6901337B61DBE700BF00E051
:104E600000BFF86810F05CF9BA68FB691344BA69CE
:104E70001946F86810F034F8FA69BB691344FB610D
:104E80000EE0BA68FB6913441B780A2B0CBF0123A0
:104E90000023BB74FB690133FB61BB7C002B0CD18D
:104EA000BA68FB6913441B7880330C4A13441B789F
:104EB00003F00803002BE4D100E000BFF868FFF71F
:104EC0001BFF7B681946F868FFF7F4FB49E700BF52
:104ED00047E700BF2037BD4680BD00BF0808060871
:104EE00080B586B000AFF860B9607A603B607B68DF
:104EF0007B617B695B68002B06D07B695968002366
:104F00003A68F868FFF708FF7B699B68002B12D0AE
:104F10003B681946F868FFF7CDFBBB68084A0821D3
:104F2000F86810F0AEF87B6999683B68DA1D0023D9
:104F3000F868FFF7F1FE00BF1837BD4680BD00BF1F
:104F400014E9050890B589B002AFF860B9603B601C
:104F50001346FB802348FBF753F903469BB25B00E3
:104F60009AB2FB8813449CB21F48FBF749F90346E9
:104F70009BB22344FB82BB68002B2ED0BB681B78FE
:104F8000002B2AD0FB88BA6801920093154B174A70
:104F90000821F86810F075F83B68002B03D1F86819
:104FA000FFF7AAFE1AE00F4B114A0821F86810F02B
:104FB00068F83868FFF768FE0346002B06D0FB8AC6
:104FC0003A68B968F868FFF78BFF07E0FA8A0023B0
:104FD0003968F868FFF7A0FE00E000BF1C37BD4647
:104FE00090BD00BF840106088801060820E9050875
:104FF00028E9050890B587B002AF786039603B6852
:105000001B68184610F07AF803461C46154810F045
:1050100075F803462344FB813B681B68114A0092E4
:10502000114A0821786810F02CF83B685B68184634
:10503000FFF72AFE0346002B08D03B6819683B683F
:105040005A68FB897868FFF74BFF06E03B685968B0
:10505000FA8900237868FFF75FFE00BF1437BD466A
:1050600090BD00BF8C01060830E9050880B582B00C
:1050700000AF78600A497868FBF732F90346002BE5
:1050800006D008497868FBF72BF90346002B01D1BD
:10509000012300E0002318460837BD4680BD00BF4D
:1050A00038E905083CE9050880B582B000AF7860B2
:1050B000786810F038F9034683F00103DBB2002B67
:1050C00006D17B685B690449184610F0E6F800BF1A
:1050D00000BF0837BD4680BD08DA050880B582B03C
:1050E00000AF7860786810F01EF9034683F0010382
:1050F000DBB2002B06D17B685B690449184610F0CF
:10510000CCF800BF00BF0837BD4680BD0CDA0508EB
:1051100090B589B000AFF860B9607A600023FB8376
:105120000023FB74BB6800221A807B6800221A806F
:10513000FB689B6803F5B0734FF48072002118463A
:1051400009F0DAFCFB685B696A49184610F0A5F8BB
:10515000F86810F095F80023BB83C0E0FB685B683B
:105160001B681C69FB68586807F1140307F11301F9
:105170000122A047B861BB69002B01DABB69B5E029
:105180007B69002B04D14FF47A7010F06EF8A3E025
:10519000FB7C1B2B06D0FB689B6893F860311B2BB4
:1051A00040F09580FB7C522B7BD1FB689A68FB8B8F
:1051B0001344002283F86021FB689B6893F86131F7
:1051C0005B2B07D0FB689B68002283F860216FF09F
:1051D00004038BE00223FB831AE07B681B881A46DA
:1051E000920013445B009AB2FB689968FB8B581CD1
:1051F000F8830B4493F8603113449BB2303B9AB26E
:105200007B681A80FB8BFF2B02D96FF079036DE06E
:10521000FB689A68FB8B134493F860313B2BDCD11D
:10522000FB8B0133FB83FB8BFF2B1DD96FF004033A
:105230005CE0BB681B881A46920013445B009AB27C
:10524000FB689968FB8B581CF8830B4493F860311A
:1052500013449BB2303B9AB2BB681A80FB8BFF2B86
:1052600002D96FF0790341E0FB689A68FB8B134425
:1052700093F86031002BDCD1BB681B88FA2B02D974
:10528000BB68FA221A807B681B88FA2B02D97B68DC
:10529000FA221A80FB689B68002283F860210023B1
:1052A00024E0FB689A68FB8BF97C13440A4683F878
:1052B0006021FB8B0133FB83FB8B092B08D9FB6837
:1052C0009B68002283F860216FF00B030EE000BFA3
:1052D0007B69002B7FF442AFBB8B0133BB83BB8B5D
:1052E000B3F57A7FFFF43AAF6FF0730318462437B3
:1052F000BD4690BD5804060880B584B000AFF86084
:10530000B9607A60F86810F00EF8034683F0010384
:10531000DBB2002B05D1FB685B690C4918460FF026
:10532000BCFFF8680FF0FFFF034683F00103DBB218
:10533000002B05D1FB685B69054918460FF0ADFFEE
:10534000002318461037BD4680BD00BF10DA05089F
:1053500018DA050880B588B002AFF860B9607A60E5
:105360000023FB82144A0821F8680EF075FD134BE8
:105370003B6113E0FB8A5A1CFA8219463B699B6821
:105380001A463B691B6A019300920B460C4A08219E
:10539000F8680EF061FD3B692C333B613B69094ABB
:1053A000934234BF01230023DBB2002BE2D1002360
:1053B00018461837BD4680BD44E9050824D80508BD
:1053C0005CE9050850D8050880B584B000AFF860E6
:1053D000B9607A600449F8680EF057FD002318465A
:1053E0001037BD4680BD00BFCCDE050880B586B055
:1053F00002AFF860B9607A60BB68022B10D17B689D
:105400001A687B6804331B6801930F4B00931346A3
:105410000E4A0121F8680EF01FFD6FF015030EE033
:10542000F8680FF0C2FF0346002B01D0084B00E0E4
:10543000084B094A0821F8680EF00EFD00231846B3
:105440001037BD4680BD00BF7CE9050870E905083E
:105450005CF9050894E9050898E9050880B588B065
:1054600002AFF860B9607A6000237B61FB68D8689E
:10547000FB689B6803F5B07207F11203012110F07D
:105480009DF97B8A002B0FD07B695A1C7A611A46E2
:10549000FB689B6803F5B07300931346084A082124
:1054A000F8680EF0D9FCE1E700BFFB689B680022BA
:1054B00083F86021002318461837BD4680BD00BF21
:1054C000ACE9050880B584B000AFF860B9607A60D7
:1054D000FB689B691B68054A0821F8680EF0BCFC54
:1054E000002318461037BD4680BD00BFB8E9050847
:1054F00080B584B000AFF860B9607A60F8680FF0EA
:1055000012FF034683F00103DBB2002B05D1FB68D9
:105510005B69084918460FF0C0FEFB689B68502283
:10552000DA87FB689B6818229A8700231846103791
:10553000BD4680BD20DA050880B588B002AFF860AE
:10554000B9607A60BB68012B10D07B681A687B68F1
:1055500004331B680193134B00931346124A012135
:10556000F8680EF079FC6FF0150317E0F8680FF09B
:1055700090FF78617B69002B0FD0FB689B685022FD
:10558000DA87FB689B6818229A87084A0321F86823
:105590000EF062FC6FF0070300E000231846183796
:1055A000BD4680BD7CE9050870E90508C8E9050825
:1055B00080B584B000AFF860B9607A60F8680EF02A
:1055C000A3FC0346044A0821F8680EF045FC0023BA
:1055D00018461037BD4680BD04F0050880B58EB072
:1055E00000AFF860B9607A60022387F83730002393
:1055F000BB6200233B630023FB622BE0BB6A1B689A
:1056000000221946786810F079FF0346002B21D15B
:10561000FB689B6803F5B070FB689B6803F15C0155
:10562000BB6A1A687B6810F0B9F9034687F837300F
:1056300097F83730012B06D17B68184A0321F868A8
:105640000FF01FFD15E097F83730002B10D1FB6AE3
:105650000133FB623B6B5A1C3A6307F11402194693
:10566000B8680EF0FDFDB862BB6A002BC6D100E041
:1056700000BFFB6A002B0AD0FB689B6803F5B07083
:10568000FB689B685C337A6819460EF082FD97F8D8
:10569000373018463837BD4680BD00BF00EF0508DB
:1056A00080B500AF00F016FF0346024A9B5818462B
:1056B00080BD00BF0800000080B584B000AFF86076
:1056C000B9607A603B6010F050FA024600F002FFC9
:1056D000034606495A50FB683A687968B8689847A3
:1056E000FFF7DEFF0346184610F046FA08000000F8
:1056F00080B500AF084A094BD31A1A460021074863
:1057000010F045FA064A074BD31A1A4600210548FD
:1057100010F03DFA80BD00BF5C0D00244002002463
:10572000000000200000002080B500AF0C4A0D4BA7
:10573000D31A1A460C490B4810F038FA0B4A0C4B96
:10574000D31A1A460B490A4810F030FA0A4A0B4B92
:10575000D31A1A460A49094810F028FA00BF80BD3A
:1057600040020024000000248809060800000024EC
:105770000000002488090608000000200000002026
:10578000C80B060880B582B000AF78600BF0EEFF62
:105790007B6819687B685A687B689B6810480CF0C6
:1057A00042F80BF0E3FF7B68D9687B681A697B6875
:1057B0005B690C480CF037F80BF0D8FF7B68DB69AD
:1057C000194609480CF02FF80BF0D0FF7B689B6955
:1057D000194606480CF027F800BF0837BD4680BDC3
:1057E00054EF050884EF0508B4EF0508C4EF050879
:1057F00080B584B000AF786039603B68002B02D080
:105800003868FFF7BFFF7B68012B0BD1EFF30583EF
:10581000BB60BB68103BFB600BF0A8FFF968054854
:105820000CF001F83968786805F0D0F900BF10373E
:10583000BD4680BDF4EF050830BFFFF7FDBF00BFD8
:1058400080B483B000AF054A054B13447B607B688E
:1058500018460C37BD4680BC704700BF00000000F2
:105860000800000080B582B000AF7860094B1A468E
:1058700009497868FAF702FF064A7B6813447B609F
:10588000064B1A460021786809F036F900BF083740
:10589000BD4680BD00000000A0D90508080000003A
:1058A00080B58AB000AFF860B9607A6010237B627F
:1058B0006FF015033B620BF059FF4E480BF0B3FF3E
:1058C0004D4B9B6A03F01003002B06D011237B6223
:1058D0000BF04CFF49480BF0A6FF474B9B6A03F0C7
:1058E0000803002B06D012237B620BF03FFF4448D5
:1058F0000BF099FF404B9B6A03F00203002B1DD075
:1059000013237B620BF032FF3E480BF08CFF3A4BC7
:105910005B6BFB61384B9B6A03F08003002B0DD05F
:10592000FB693B620BF022FF396A37480BF07BFFC3
:10593000BB68002B02D0304B80229A622E4B9B6AB0
:1059400003F00103002B06D014237B620BF00EFF43
:105950002E480BF068FF284B9B6A03F02003002BB6
:1059600006D015237B620BF001FF29480BF05BFF8B
:10597000214B9B6A03F01003002B05D11E4B9B6A41
:1059800003F00203002B16D01B4B5B6803F400638B
:10599000002B10D0FB681946386A10F0B1F9B861D5
:1059A000BB69002B07D0BB697B617B6983F30988E6
:1059B00000BF02237B62104B9B6A03F02003002B85
:1059C00005D00D4B5B6A0C4A23F4005353620A4B1B
:1059D0009B6A094A43F0FF0393620121F86810F0C3
:1059E00041F903461A467B681A707B6A18462837C5
:1059F000BD4680BD08F0050800ED00E020F0050878
:105A000054F0050868F0050884F005089CF00508C6
:105A1000BCF0050880B586B000AFF860B9607A6068
:105A200016237B610BF0A2FE3D480BF0FCFE3D4BC4
:105A30009B6A03F48053002B06D017237B610BF085
:105A400095FE39480BF0EFFE364B9B6A03F400637A
:105A5000002B06D018237B610BF088FE33480BF037
:105A6000E2FE304B9B6A03F40073002B1CD0192319
:105A70007B610BF07BFE2E480BF0D5FE294B9B6B18
:105A80003B61284B9B6A03F40043002B0CD00BF0C6
:105A90006DFE396927480BF0C6FEBB68002B03D0AA
:105AA000204B4FF400429A621E4B9B6A03F48063C2
:105AB000002B06D01A237B610BF058FE1E480BF01A
:105AC000B2FE184B9B6A03F48073002B07D01B2394
:105AD0007B610BF04BFE19480BF0A5FE0CE0114B5F
:105AE0009B6A03F40053002B06D01C237B610BF050
:105AF0003DFE13480BF097FE0A4B9B6A094A43F49C
:105B00007F4393620121F86810F0ACF803461A460F
:105B10007B681A707B6918461837BD4680BD00BF88
:105B2000ECF0050800ED00E004F1050854F005086C
:105B300018F1050834F105084CF1050868F105086D
:105B4000BCF0050880B584B000AF78601D23FB6011
:105B50000BF00CFE2D480BF066FE2D4B9B6A03F0FC
:105B60000073002B06D01E23FB600BF0FFFD2948BD
:105B70000BF059FE264B9B6A03F08073002B06D076
:105B80001F23FB600BF0F2FD23480BF04CFE204B73
:105B90009B6A03F40023002B06D02123FB600BF04B
:105BA000E5FD1E480BF03FFE194B9B6A03F4802372
:105BB000002B06D02223FB600BF0D8FD18480BF019
:105BC00032FE134B9B6A03F40033002B06D02323D1
:105BD000FB600BF0CBFD13480BF025FE0C4B9B6AD2
:105BE00003F48033002B06D02423FB600BF0BEFDB2
:105BF0000D480BF018FE064B9A6A05490B4B1343F0
:105C00008B62FB6818461037BD4680BD84F10508DD
:105C100000ED00E0A0F10508B4F10508D0F1050899
:105C2000F0F1050818F2050834F205080000FFFF3E
:105C300080B582B000AF786039603B6800221A708E
:105C40000BF094FD03480BF0EEFD00BF0837BD4696
:105C500080BD00BF60F2050880B485B000AF7860F9
:105C60007B689B69FB601B4B5B691A4A43F480733A
:105C70005361BFF34F8F00BF00BF00BFBFF36F8FF3
:105C800000BF00BF00BFFB6833F8023C7B81114BB3
:105C90005B69104A23F480735361BFF34F8F00BFD9
:105CA00000BF00BFBFF36F8F00BF00BF00BF7B8985
:105CB00003F47F43B3F55F4F05D17B89DBB2022B41
:105CC00001D1012300E0002318461437BD4680BCF3
:105CD000704700BF00ED00E080B586B000AFF8600F
:105CE000B9601346FB7100237B610BF03FFD304828
:105CF0000BF099FDBB6800221A702E4BDB6A03F093
:105D00000203002B05D00BF031FD2B480BF08BFD6F
:105D100049E0284BDB6A002B05DA0BF027FD27480A
:105D20000BF081FD3FE0234BDB6A03F08043002B47
:105D300039D00BF01BFD22480BF075FDF868FFF71A
:105D40008BFF0346002B0BD00BF010FDFB681B688C
:105D500019461C480BF067FDFB681B687B6122E05D
:105D6000144B9B6ADBB2002B06D0BA680121F8689D
:105D7000FFF796FD786116E00E4B9B6A03F47F43B4
:105D8000002B07D0BA680121F868FFF743FE0346ED
:105D90007B6108E0074B9B6AB3F5803F03D3F8684B
:105DA000FFF7D0FE78617B6918461837BD4680BD85
:105DB00088F2050800ED00E0A0F20508C4F205082D
:105DC000D4F20508F4F2050880B582B000AF78601F
:105DD00039600BF0CBFC3B680F2B01DC064900E07F
:105DE00006493B68103B1A4605480BF01CFD00BFF6
:105DF0000837BD4680BD00BF14F305082CF3050825
:105E000048F3050880B586B000AFF860B9607A60E5
:105E1000FB7000237B617B6800221A70BB68033B28
:105E2000092B38D801A252F823F000BF555E0408B0
:105E3000655E0408735E0408835E0408975E0408C8
:105E4000975E0408975E0408975E0408975E04084E
:105E50008D5E0408FB781A467968F868FFF73CFF06
:105E600078611DE07A680021F868FFF719FD786114
:105E700016E07A680021F868FFF7CCFD03467B61E5
:105E80000EE0F868FFF75EFE786109E07968F8686F
:105E9000FFF7CEFE04E0B968F868FFF795FF00BF92
:105EA0007B681B7883F00103DBB2002B03D0B96859
:105EB000F8680FF0CDFE7B6918461837BD4680BDE7
:105EC00080B586B000AFF860B9607A603B600023AF
:105ED000FB7400237B613B6800221A703B6A00223E
:105EE0001A707B6803F07F43B3F17F4F01D000232A
:105EF00024E07B6803F00803002B0BD07B6803F0E1
:105F00000403002B06D10BF031FC0E480BF08BFC88
:105F1000002313E0FB7C83F00103DBB2002B0CD0E9
:105F20007B6803F00803002B02D0BB687B6104E0B0
:105F3000FB687B613B6801221A707B691846183741
:105F4000BD4680BD5CF3050880B598B002AFF8602F
:105F5000B9607A603B6000237B65304B5B68C3F3BC
:105F600008033B650023BB64BB6C7B647B6C83F3E1
:105F7000118800BFBFF36F8F00BF00BF07F13A0267
:105F800007F13003009313467A68B968F868FFF7A1
:105F900097FFF864FB6C002B09D10BF0E7FB20485E
:105FA0000BF041FC00210020FFF722FC33E0FB6CEA
:105FB0003B647B68FB6300BF97F8303007F13B021E
:105FC000396DF86CFFF71EFF786597F83B30002BB2
:105FD00020D107F110032022F96C1846FAF74EFB86
:105FE00097F83A30002B0AD0FB6AC3F30803002B62
:105FF00009D1FA6A40F2FF131343FB6203E0FA6A25
:10600000084B1340FB6207F110031946786DFFF748
:10601000EFFB00E000BF5837BD4680BD00ED00E05B
:1060200088F3050800FEFFFF80B400AF074B5B69F3
:10603000064A43F010035361044B5B69034A23F0A3
:106040000803536100BFBD4680BC704700ED00E00F
:10605000EFF30880EFF3098101B57246FFF774FF93
:1060600001BD00BF0F4880F30888FBF73FFB1020FD
:1060700080F311880C484FF0AA014FF404620FF02E
:1060800086FD09484FF40461401880F30988EFF356
:1060900014800221084380F31488BFF36F8F0FF040
:1060A0001FFE0000C0190024801B002480B400AF34
:1060B000BFF34F8F00BF064BDB6803F4E062044977
:1060C000044B1343CB60BFF34F8F00BF00BFFDE70E
:1060D00000ED00E00400FA051EF0040F0CBFEFF322
:1060E0000880EFF30980816911F8021C0229FFD0B2
:1060F00001B572460FF069FD01BD00BF80B483B0E9
:1061000000AF0346FB80B7F90630002B0BDBFB88A2
:1061100003F01F020649B7F906305B09012000FAB7
:1061200002F241F8232000BF0C37BD4680BC704707
:1061300000E100E080B483B000AF03463960FB802B
:10614000B7F90630002B0ADB3B68DAB20C49B7F925
:1061500006301201D2B20B4483F800230AE03B68F8
:10616000DAB20849FB8803F00F03043B1201D2B2F4
:106170000B441A7600BF0C37BD4680BC704700BF89
:1061800000E100E000ED00E080B400AF094B0A4AF6
:1061900023F07F039360BFF34F8F00BF00BF00BFAA
:1061A000BFF36F8F00BF00BF00BF00BFBD4680BC04
:1061B000704700BF0000040800ED00E080B483B029
:1061C00000AF0D4BD3F888300B4A23F47003C2F8AC
:1061D0008830EFF314833B603B6823F004037B605B
:1061E0007B6883F31488BFF36F8F00BF00BF00BFCD
:1061F0000C37BD4680BC704700ED00E080B487B02E
:1062000000AFF860B9607A603B60154B7B617B68DA
:10621000203B3B617A693B699A613B699B6923F04A
:1062200001023B699A613A683B691A603A6A3B69C4
:106230005A607A6A3B699A60BA6A3B69DA603B697C
:106240004FF08072DA613A69FB681A65FB680022D8
:10625000C3F8C02000BF1C37BD4680BC704700BFDC
:10626000B956040880B485B000AF786039601F4B20
:106270009B68FB60FB68002B01D1002330E04023CA
:10628000BB607B6813F1160F1AD0FB68D3F89C2013
:10629000BB68D31A7A689A420DD3FB68D3F89C3056
:1062A0007A689A4207D2FB68D3F89C303A689A42DF
:1062B00001D2012300E0002303F00103DBB208E078
:1062C000FB68D3F89C303A689A4234BF012300231C
:1062D000DBB2002B03D0FB68D3F89C3000E0002336
:1062E00018461437BD4680BC704700BF140D00240B
:1062F000F0B585B000AFF860B9607A600FF01AFDB4
:106300000E4AFB689360FB68D3F8AC300C4A13600C
:10631000F86800F041F97D68BE682C4686F309886C
:106320000020044B98472046002100220023024C05
:1063300020470000415D0508B9560408140D0024EB
:10634000300A002480B400AF034B10221A6100BF52
:10635000BD4680BC704700BF00ED00E080B400AFD8
:10636000074B5A69064B9B689A4205D0054B5B6800
:10637000044A43F08053536000BFBD4680BC704761
:10638000140D002400ED00E080B584B000AF78600B
:10639000114B9B687A689A4216D1EFF30583FB6034
:1063A000FB68002B14BF01230023DBB2002B0BD0B2
:1063B0000A4B5B68094A43F080535360074B5B6AA2
:1063C000064A23F400435362786805F0C5FE00BF17
:1063D0001037BD4680BD00BF140D002400ED00E065
:1063E00015498A684FF030001044EFF3098C80E8BB
:1063F000F01F102080F31288BFF36F8F0F4F4FF004
:1064000000664A698A603E60D2F8AC000C4C20609D
:10641000D2F8C0000023C2F8C03080F3118804B560
:10642000104600F0B9F8BDE8044002F1300090E8F1
:10643000F01F8CF309887047140D002404ED00E070
:10644000300A002480B483B000AF03463960FB807B
:10645000B7F90630002B0ADB3B68DAB20C49B7F912
:1064600006301201D2B20B4483F800230AE03B68E5
:10647000DAB20849FB8803F00F03043B1201D2B2E1
:106480000B441A7600BF0C37BD4680BC704700BF76
:1064900000E100E000ED00E080B584B000AFEFF374
:1064A00005837B607B68FB60FB68103BFB60FB68DF
:1064B000DB00074A1344BB60BB685B68BA681268BC
:1064C00010469847FFF74AFF00BF1037BD4680BD12
:1064D00000D405080148006870470000300A002415
:1064E00080B400AF134B5B6903F40033002B1BD166
:1064F000BFF34F8F00BFBFF36F8F00BF0D4B002264
:10650000C3F85022BFF34F8F00BFBFF36F8F00BFA0
:10651000084B5B69074A43F400335361BFF34F8F65
:1065200000BFBFF36F8F00E000BF00BFBD4680BC5F
:10653000704700BF00ED00E080B400AFBFF34F8FA5
:1065400000BFBFF36F8F00BF0A4B5B69094A23F49A
:1065500000335361074B0022C3F85022BFF34F8F23
:1065600000BFBFF36F8F00BF00BF00BFBD4680BC40
:10657000704700BF00ED00E080B500AF034A044B58
:10658000012104480FF02AFD00BF80BD0000002457
:10659000000008246004060880B586B000AF78606B
:1065A0000023FB7540233B617B68D3F89C203B694B
:1065B000D31AFB60FA7D144913465B0013449B0019
:1065C0000B44FA681A60FA7D0F4913465B001344C6
:1065D0009B000B4404333A691A60FA7D0A4913465A
:1065E0005B0013449B000B440833084A1A60FB7D90
:1065F0000133FB75FB7D194603480FF001FD00BF19
:106600001837BD4680BD00BF340A002400000B15BA
:1066100080B483B000AF7860054A7B689360044B18
:1066200000221A6100BF0C37BD4680BC704700BF16
:1066300090ED00E080B483B000AF074B1B687B6037
:106640007B681B0ADBB27B607B68DBB218460C37C9
:10665000BD4680BC704700BF90ED00E080B483B0C1
:1066600000AF7860034A7B68936000BF0C37BD467B
:1066700080BC704790ED00E080B582B000AF7860DC
:1066800039607868FFF7EAFF3B681B6823F01F0258
:106690007B681343074A43F01003D3603B689B6851
:1066A000044A43F00103136100BF00BF0837BD4631
:1066B00080BD00BF90ED00E080B586B000AFF8600F
:1066C0007A603B600B46FB72094B1B787B617B69F0
:1066D000DAB2F97A0123F8680FF029FC78617B6956
:1066E000DAB2034B1A707B6918461837BD4680BD75
:1066F000570D002480B584B000AF78600B46FB7066
:10670000124B1B78BB60BB68DAB2F978002378685B
:106710000FF00DFCB860BB6813F1160F10D0BB680A
:10672000FB6006E0FB681846FFF772FFFB68013369
:10673000FB60FFF77FFF03461A46FB689342F1DBDD
:10674000BB6818461037BD4680BD00BF570D0024FA
:10675000B0B59EB000AF786007F16C031846FBF748
:1067600013F8386700237B67F8E0FA6E7B6F1B0134
:106770001344DA687E4B1340B3F1805F00F0BE80B3
:10678000B3F1805F00F2E780B3F1007F00F09D80FD
:10679000B3F1007F00F2DF80B3F1807F7CD0B3F1F2
:1067A000807F00F2D880B3F5000F5CD0B3F5000F06
:1067B00000F2D180B3F5800F3CD0B3F5800F00F22A
:1067C000CA80B3F5801F03D0B3F5001F19D0C2E013
:1067D000FA6E7B6F1B0113445D68FA6E7B6F1B01C1
:1067E00013441C68FA6E7B6F1B0113449B681846A8
:1067F0000FF020FB02465F4B13433D667C66BB6691
:1068000095E0FA6E7B6F1B0113445D68FA6E7B6F37
:106810001B0113441C68FA6E7B6F1B0113449B68B9
:1068200018460FF007FB0246534B13433D667C6648
:10683000BB667CE0FA6E7B6F1B0113445D68FA6EE9
:106840007B6F1B0113441C68FA6E7B6F1B011344A2
:106850009B6818460FF0EEFA0246484B13433D661C
:106860007C66BB6663E0FA6E7B6F1B0113445D6858
:10687000FA6E7B6F1B0113441C68FA6E7B6F1B0161
:1068800013449B6818460FF0D5FA02463C4B13435D
:106890003D667C66BB664AE0FA6E7B6F1B01134463
:1068A0005D68FA6E7B6F1B0113441C68FA6E7B6F88
:1068B0001B0113449B6818460FF0BCFA0246314B8B
:1068C00013433D667C66BB6631E0FA6E7B6F1B014D
:1068D00013445D68FA6E7B6F1B0113441C68FA6EEB
:1068E0007B6F1B0113449B6818460FF0A3FA024606
:1068F000254B13433D667C66BB6618E0FA6E7B6FE2
:106900001B0113445D68FA6E7B6F1B0113441C6806
:10691000FA6E7B6F1B0113449B6818460FF08AFACE
:1069200002461A4B13433D667C66BB6600BF7B681C
:106930001B7807F16002114618460FF0B8FA0346BB
:10694000002B02DA6FF015030EE07B681B78013331
:10695000DAB27B681A707B6F01337B677A6F3B6FAB
:106960009A42FFF402AF002318467837BD46B0BD07
:106970000000F0FF00000B110000081100000206EB
:1069800000000411000010110000041000000211AA
:1069900080B400AF084B05225A60BFF34F8F00BF91
:1069A00000BF00BFBFF36F8F00BF00BF00BF00BFBD
:1069B000BD4680BC704700BF90ED00E080B400AFE2
:1069C000BFF35F8F00BF00BF00BF034B00225A60C0
:1069D00000BFBD4680BC704790ED00E090B583B02D
:1069E00000AF274B1C68FFF725FE03469C4202D9E7
:1069F0004FF0FF333FE000BFFFF7E0FF0FF0F2F989
:106A000000237B600EE01E4B59687A6813465B00DA
:106A100013449B000B4419467868FFF72DFE7B68F2
:106A200001337B60164B1B687A689A42EBD3144B98
:106A30001B68DAB2134B1A701248FFF789FE03463F
:106A400013F1160F02D16FF0150314E00D4B1B78F4
:106A50003B6006E03B6818460FF01EFA3B680133C6
:106A60003B60FFF7E7FD03461A463B689342F1DBC4
:106A7000FFF78EFF002318460C37BD4690BD00BFC0
:106A800024000608570D002480B58AB000AFF860D6
:106A9000B9607A603B6007F1100300221A605A6007
:106AA0009A60DA601A615A610223BB74084B7B61F9
:106AB000FB683B62BB687B6207F110033A68796848
:106AC000184608F0A3FF034618462837BD4680BD88
:106AD0001F60050880B582B000AF78603960044B54
:106AE0001B6878689847002318460837BD4680BD64
:106AF000400A002480B483B000AF7860074A7B6806
:106B00001360074B9B7843F00203DAB2044B9A7090
:106B100000BF0C37BD4680BC704700BF400A002450
:106B2000A001002480B582B000AF00237B600B4B36
:106B3000073323F007037B60084B073323F007027A
:106B4000074B9B1A3B603A68796806480AF000FDDB
:106B5000002318460837BD4680BD00BF002A002428
:106B600000000824440A00242DE9B00389B000AFD6
:106B7000786039607B681B683B613B691B785B2BE5
:106B800004D13B6901331B783A2B02D04FF0FF331D
:106B9000DFE13B6902333B614FF000024FF000033D
:106BA000C7E9062321E03B69013B1B785D2B21D01F
:106BB000D7E906014FF000024FF000030B0243EA51
:106BC00010630202C7E906233B691B78DBB200228F
:106BD0001C461546D7E9062342EA040843EA05099C
:106BE000C7E906893B6901333B613B691B78002B90
:106BF000D9D100E000BFD7E90623974897498B42D7
:106C000008BF824200F09081D7E9062394498A4266
:106C100092498B4180F09681D7E9062391489249A9
:106C20008B4208BF824200F07181D7E906238F4969
:106C30008A428D498B4180F08581D7E906238C48B3
:106C40008C498B4208BF824200F05281D7E906236B
:106C500089498A4287498B4180F07481D7E90623AC
:106C6000864887498B4208BF824200F03381D7E9CA
:106C7000062384498A4282498B4180F06381D7E9A7
:106C80000623814881498B4208BF824200F0D680AA
:106C9000D7E906237E498A427C498B4180F05281A4
:106CA000D7E906236F487B498B4208BF824200F038
:106CB000B780D7E906236D498A4276498B4180F037
:106CC0004181D7E90623744874498B4208BF824248
:106CD00000F09880D7E9062371498A426F498B41B9
:106CE00080F03081D7E906235B486E498B4208BFAC
:106CF000824279D0D7E9062359498A4269498B41B2
:106D000080F02081D7E90623674868498B4208BF95
:106D100082425BD0D7E9062365498A4263498B41A9
:106D200080F01081D7E90623624863498B4208BF8F
:106D3000824234D0D7E9062360498A425E498B41BA
:106D400080F00081D7E906235D485E498B4208BF89
:106D5000824208D0D7E906235B485C498B4208BFD2
:106D600082420ED0EEE03B688033594A13441B78D0
:106D700003F00703002B0CBF01230023DBB27B6170
:106D8000E3E03B688033524A13441B7803F003036B
:106D9000002B0CBF01230023DBB27B61D5E03B68F5
:106DA000FB60FB68092B07D0FB688033484A13441B
:106DB0001B785BB2002B01DA012300E00023002BDB
:106DC0000CBF01230023DBB27B61BEE03B68803354
:106DD0003F4A13441B7803F02003002B0CBF012310
:106DE0000023DBB27B61B0E03B688033384A134458
:106DF0001B7803F00403002B0CBF01230023DBB23C
:106E00007B61A2E03B688033314A13441B7803F076
:106E10001703002B0CBF01230023DBB27B6194E03E
:106E20003B6880332A4A13441B7803F00303022B88
:106E300014BF01230023DBB27B6186E03B68803313
:106E4000234A13441B7803F09703002B0CBF012344
:106E50000023DBB27B6178E05D3A7469676964782E
:106E60005E3A74695D3A7265707075005E3A72657B
:106E70005D3A6563617073005E3A65635D3A7463A1
:106E80006E7570005E3A74635D3A746E697270007C
:106E90005E3A746E776F6C005D3A6870617267007D
:106EA0005E3A6870676964005D3A6C72746E630084
:106EB0005E3A6C725D3A6B6E616C62005E3A6B6E4C
:106EC0005D3A6D756E6C61005D3A6168706C610071
:106ED000080806083B688033214A13441B7803F0F6
:106EE0001003002B0CBF01230023DBB27B612CE0DD
:106EF0003B6880331A4A13441B7803F00803002BC5
:106F00000CBF01230023DBB27B611EE03B688033B2
:106F1000134A13441B7803F00303012B14BF01230E
:106F20000023DBB27B6110E03B6880330C4A1344E2
:106F30001B7803F04403002B0CBF01230023DBB2BA
:106F40007B6102E04FF0FF3303E07B683A691A602F
:106F50007B6918462437BD46BDE8B003704700BFC3
:106F60000808060880B582B000AF786039603B68D9
:106F700003F00803002B0DD07B688033084A1344CC
:106F80001B7803F00303012B04D1786807F00CFE93
:106F9000034600E07B6818460837BD4680BD00BF49
:106FA0000808060880B483B000AF78607B681B686F
:106FB000094A13607B685B68084A13607B689B68BA
:106FC000074A13607B681B69064A136000BF0C37D1
:106FD000BD4680BC704700BF540A0024580A0024F4
:106FE0005C0A0024500A002480B584B000AF00235E
:106FF000FB60094BBB60094A3B4692E8030083E80B
:1070000003003B461946B8680FF08BFAF860FB683E
:1070100018461037BD4680BDA0D1050828DA0508FE
:1070200080B588B000AF78601D4BBB617B687B6129
:107030000023FB7729E07B691B781A46FB7F13440A
:107040003B6138690FF011FB0346002B1AD03869F9
:107050000FF053FBBB693A6953F83230002B10D064
:1070600038690FF087FBF860BB693A6953F8322042
:10707000B9693B69DB000B445B681946F8689047C7
:1070800000E000BFFB7F0133FB777B695B78FA7F11
:107090009A42D0D300BF00BF2037BD4680BD00BF9D
:1070A000600A002480B485B000AF03463A60FB71EB
:1070B0000B46BB710023FB600BE097F90720FB68D0
:1070C00013443A6811B2084A22F81310FB680133DE
:1070D000FB6097F90630FA689A42EEDB00BF00BF0A
:1070E0001437BD4680BC7047B001002480B500AFA6
:1070F000354B1B785BB2344A527851B2062218469F
:10710000FFF7D0FF0022002106200EF0CAFD2F4B12
:107110001B785BB22D4A527851B207221846FFF70E
:10712000C1FF0022002107200EF0BBFD284B1B7879
:107130005BB2274A527851B208221846FFF7B2FFD5
:107140000022002108200EF0ACFD224B1B785BB220
:10715000204A527851B209221846FFF7A3FF0022B5
:10716000002109200EF09DFD1B4B1B785BB21A4AD3
:10717000527851B20A221846FFF794FF00220021EC
:107180000A200EF08EFD154B1B785BB2134A527825
:1071900051B217221846FFF785FF00220021172061
:1071A0000EF07FFD0E4B1B785BB20D4A527851B248
:1071B00028221846FFF776FF0022002128200EF033
:1071C00070FD0023184680BD7C0406088004060874
:1071D00084040608880406088C040608900406083F
:1071E0009404060880B485B000AF7860094BD3F8EA
:1071F000E02008497B681343C1F8E030054BD3F821
:10720000E0207B681340FB60FB6800BF1437BD467D
:1072100080BC70470044025880B485B000AF7860ED
:10722000094BD3F8F42008497B681343C1F8F430C4
:10723000054BD3F8F4207B681340FB60FB6800BF6C
:107240001437BD4680BC70470044025880B483B0F8
:1072500000AF7860064B9B6923F4404204497B6889
:1072600013438B6100BF0C37BD4680BC704700BF25
:107270000048025880B400AF064B9B6903F40053EA
:10728000B3F5005F01D1012300E000231846BD469D
:1072900080BC70470048025880B400AF044B1B68A4
:1072A000034A23F48023136000BFBD4680BC7047AF
:1072B0000044025880B400AF044B1B68034A43F4F7
:1072C0008033136000BFBD4680BC70470044025845
:1072D00080B400AF064B1B6803F40033B3F5003FE6
:1072E00001D1012300E000231846BD4680BC704751
:1072F0000044025880B400AF044B1B68034A43F0BB
:107300000103136000BFBD4680BC704700440258B3
:1073100080B400AF064B1B6803F00403042B01D1BB
:10732000012300E000231846BD4680BC704700BF23
:107330000044025880B400AF044B1B68034A43F476
:107340008053136000BFBD4680BC704700440258A4
:1073500080B400AF064B1B6803F40053B3F5005F25
:1073600001D1012300E000231846BD4680BC7047D0
:107370000044025880B400AF044B1B6F034A43F033
:107380000103136700BFBD4680BC7047004402582C
:1073900080B483B000AF7860064B1B6F23F01802F7
:1073A00004497B6813430B6700BF0C37BD4680BCA4
:1073B000704700BF0044025880B400AF064B1B6FFB
:1073C00003F00203022B01D1012300E00023184641
:1073D000BD4680BC704700BF0044025880B400AF77
:1073E000044B5B6F034A43F00103536700BFBD4684
:1073F00080BC70470044025880B400AF064B5B6FFE
:1074000003F00203022B01D1012300E00023184600
:10741000BD4680BC704700BF0044025880B483B0B2
:1074200000AF7860064B1B6923F0070204497B68B4
:1074300013430B6100BF0C37BD4680BC704700BFD3
:107440000044025880B400AF034B1B6903F03803BB
:107450001846BD4680BC70470044025880B483B0D3
:1074600000AF7860064B9B6923F4706204497B6827
:1074700013438B6100BF0C37BD4680BC704700BF13
:107480000044025880B483B000AF7860064B9B691B
:1074900023F00F0204497B6813438B6100BF0C3754
:1074A000BD4680BC704700BF0044025880B483B022
:1074B00000AF7860064BDB6923F0700204497B68FB
:1074C0001343CB6100BF0C37BD4680BC704700BF83
:1074D0000044025880B483B000AF7860064BDB698B
:1074E00023F4E06204497B681343CB6100BF0C378F
:1074F000BD4680BC704700BF0044025880B483B0D2
:1075000000AF7860064B9B6923F0700204497B68EA
:1075100013438B6100BF0C37BD4680BC704700BF72
:107520000044025880B483B000AF7860064B1B6AF9
:1075300023F0700204497B6813430B6200BF0C37D1
:10754000BD4680BC704700BF0044025880B483B081
:1075500000AF7860064B1B6923F4004204497B6846
:1075600013430B6100BF0C37BD4680BC704700BFA2
:107570000044025880B483B000AF7860064B9B6A29
:1075800023F0030204497B6813438B6200BF0C376E
:10759000BD4680BC704700BF0044025880B400AFB5
:1075A000044B1B68034A43F08073136000BFBD4661
:1075B00080BC70470044025880B400AF044B1B6885
:1075C000034A23F08073136000BFBD4680BC704740
:1075D0000044025880B400AF064B1B6803F00073F0
:1075E000B3F1007F01D1012300E000231846BD461E
:1075F00080BC70470044025880B400AF044BDB6A83
:10760000034A43F48033D36200BFBD4680BC704759
:107610000044025880B400AF044BDB6A034A43F4D1
:107620000033D36200BFBD4680BC7047004402589F
:1076300080B400AF044BDB6A034A43F48023D36277
:1076400000BFBD4680BC70470044025880B400AF04
:10765000044BDB6A034A23F00103D36200BFBD463B
:1076600080BC70470044025880B483B000AF78609B
:10767000064BDB6A23F002027B685B00034913437D
:10768000CB6200BF0C37BD4680BC70470044025837
:1076900080B483B000AF7860064BDB6A23F00C0245
:1076A0007B689B0003491343CB6200BF0C37BD4688
:1076B00080BC70470044025880B483B000AF78604B
:1076C000064B1A6B064B13407A68013A0349134381
:1076D0000B6300BF0C37BD4680BC704700440258A6
:1076E00000FEFFFF80B483B000AF7860064B9B6A5A
:1076F00023F47C727B681B01034913438B6200BF38
:107700000C37BD4680BC70470044025880B483B03B
:1077100000AF7860074B1B6B23F47E427B68013B14
:107720005B02044913430B6300BF0C37BD4680BCAA
:10773000704700BF0044025880B483B000AF786047
:10774000074B1B6B23F4FE027B68013B1B040449BF
:1077500013430B6300BF0C37BD4680BC704700BFAE
:107760000044025880B483B000AF7860074B1B6BB5
:1077700023F0FE427B68013B1B06044913430B6365
:1077800000BF0C37BD4680BC704700BF00440258A4
:1077900080B400AF044B1B68034A43F0806313605E
:1077A00000BFBD4680BC70470044025880B400AFA3
:1077B000044B1B68034A23F08063136000BFBD467F
:1077C00080BC70470044025880B400AF064B1B6871
:1077D00003F00063B3F1006F01D1012300E0002347
:1077E0001846BD4680BC70470044025880B400AFC4
:1077F000044BDB6A034A43F40023D36200BFBD4657
:1078000080BC70470044025880B400AF044BDB6A70
:10781000034A43F48013D36200BFBD4680BC704767
:107820000044025880B400AF044BDB6A034A43F4BF
:107830000013D36200BFBD4680BC704700440258AD
:1078400080B400AF044BDB6A034A23F01003D36219
:1078500000BFBD4680BC70470044025880B483B06E
:1078600000AF7860064BDB6A23F020027B685B0187
:1078700003491343CB6200BF0C37BD4680BC704741
:107880000044025880B483B000AF7860064BDB6AD6
:1078900023F0C0027B689B0103491343CB6200BF06
:1078A0000C37BD4680BC70470044025880B483B09A
:1078B00000AF7860064B9A6B064B13407A68013A2A
:1078C000034913438B6300BF0C37BD4680BC704730
:1078D0000044025800FEFFFF80B483B000AF786020
:1078E000064B9B6A23F47C327B681B0303491343DA
:1078F0008B6200BF0C37BD4680BC70470044025805
:1079000080B483B000AF7860074B9B6B23F47E425A
:107910007B68013B5B02044913438B6300BF0C3758
:10792000BD4680BC704700BF0044025880B483B09D
:1079300000AF7860074B9B6B23F4FE027B68013B32
:107940001B04044913438B6300BF0C37BD4680BC46
:10795000704700BF0044025880B483B000AF786025
:10796000074B9B6B23F0FE427B68013B1B060449DF
:1079700013438B6300BF0C37BD4680BC704700BF0C
:107980000044025880B400AF044B1B68034A43F024
:107990008053136000BFBD4680BC7047004402584E
:1079A00080B400AF044B1B68034A23F0805313607C
:1079B00000BFBD4680BC70470044025880B400AF91
:1079C000064B1B6803F00053B3F1005F01D10123A4
:1079D00000E000231846BD4680BC704700440258B2
:1079E00080B400AF044BDB6A034A43F48003D362E4
:1079F00000BFBD4680BC70470044025880B400AF51
:107A0000044BDB6A034A43F40003D36200BFBD4664
:107A100080BC70470044025880B400AF044BDB6A5E
:107A2000034A43F08073D36200BFBD4680BC7047F9
:107A30000044025880B400AF044BDB6A034A23F4CD
:107A40008073D36200BFBD4680BC704700440258BB
:107A500080B483B000AF7860064BDB6A23F4007219
:107A60007B685B0203491343CB6200BF0C37BD4602
:107A700080BC70470044025880B483B000AF786087
:107A8000064BDB6A23F440627B689B020349134385
:107A9000CB6200BF0C37BD4680BC70470044025823
:107AA00080B483B000AF7860064B1A6C064B13406D
:107AB0007A68013A034913430B6400BF0C37BD4693
:107AC00080BC70470044025800FEFFFF80B483B0C2
:107AD00000AF7860064B9B6A23F07C727B681B05C5
:107AE000034913438B6200BF0C37BD4680BC70470F
:107AF0000044025880B483B000AF7860074B1B6C21
:107B000023F47E427B68013B5B02044913430B6410
:107B100000BF0C37BD4680BC704700BF0044025810
:107B200080B483B000AF7860074B1B6C23F4FE0277
:107B30007B68013B1B04044913430B6400BF0C37F3
:107B4000BD4680BC704700BF0044025880B483B07B
:107B500000AF7860074B1B6C23F0FE427B68013B53
:107B60001B06044913430B6400BF0C37BD4680BCA1
:107B7000704700BF0044025880B400AF024B184663
:107B8000BD4680BC704700BF40787D0180B582B0A3
:107B900000AF00237B60FFF755FC0346182B42D84B
:107BA00001A252F823F000BF137C0408277C0408CC
:107BB000277C0408277C0408277C0408277C040809
:107BC000277C0408277C04080D7C0408277C040813
:107BD000277C0408277C0408277C0408277C0408E9
:107BE000277C0408277C0408197C0408277C0408E7
:107BF000277C0408277C0408277C0408277C0408C9
:107C0000277C0408277C04081F7C040800237B6071
:107C10000BE0094B7B6008E0084B7B6005E0FFF759
:107C2000ABFF786001E0002301E07B685B08184649
:107C30000837BD4680BD00BF0090D00340787D016D
:107C400080B582B000AF0220FFF7E6FA00237B6028
:107C5000104B9B690F4A43F4404393610D4B9B6962
:107C600003F440437B600C4BDB6A0B4A43F0010397
:107C7000D362094BDB6A03F001037B607B6800BFC2
:107C8000FFF7F8FA0346002BFAD00023184608370E
:107C9000BD4680BD004802580004005880B485B03D
:107CA00000AF786039601F4A7B68B2FBF3F3FB607A
:107CB000FB681D4A934207D9FB681C4A934203D8CC
:107CC0003B6800221A6026E0FB68184A934207D9F5
:107CD000FB68174A934203D83B6801221A601AE0F6
:107CE000FB68134A934207D9FB68124A934203D8B0
:107CF0003B6802221A600EE0FB680E4A934207D9E5
:107D0000FB680D4A934203D83B6803221A6002E0E5
:107D10006FF0210300E0002318461437BD4680BCF5
:107D2000704700BF40787D013F420F0080841E00F5
:107D300000093D0000127A000024F40080B588B0EC
:107D400000AF786039603B68FB61FB691B88C3F357
:107D50000B039BB2D32B06D9FB691B88C3F30B0320
:107D60009BB2F42B02D96FF085032AE04FF4801107
:107D700000200EF00EFDFB691B88C3F30B039BB2C2
:107D80001A46124B1344FA6952687B613A617B6967
:107D90001B68FB607B693969FA680A431A6000BF97
:107DA000FB691B88C3F30B039BB21A46074B1344B2
:107DB000BB61BB691B68BB60BB6800200EF0F3FCB5
:107DC000002318462037BD4680BD00BF004402583E
:107DD00080B586B000AF786039603B687B617B69B5
:107DE0001B88C3F30B039BB2D32B06D97B691B887B
:107DF000C3F30B039BB2F42B02D96FF085031EE093
:107E00004FF4801100200EF0C4FC7B691B88C3F383
:107E10000B039BB21A460C4B13447A6952683B61C0
:107E2000FA603B691B68BB60FB68D9433B69BA6871
:107E30000A401A6000BF00200EF0B5FC002318466F
:107E40001837BD4680BD00BF0044025880B592B0CF
:107E500000AFF860B9607A60BB687B647B6C5B687C
:107E60003B643B6C9BB2FB633B6C1B0C03F01F033E
:107E7000BB637B6C1B88C3F30B039BB218460EF0ED
:107E800028FD78637B6B002B01DA7B6B3EE07B6C1B
:107E90005B68FF2B01D1002338E04FF480110020F4
:107EA0000EF077FCFA6B1B4B134418463B6C5B0DD2
:107EB00003F003030133012202FA03F35A1EBB6BE2
:107EC0009A403B6C190EBB6B01FA03F33863FA62FC
:107ED000BB623B6B7B627B6A3B623B6A1A6800BF9A
:107EE000FB6ADB431A40BB6A13433A6BFA61BB611E
:107EF000FB69BA697A613B613B697A691A6000BFC4
:107F000000BF00BF00200EF04EFC0023184648378B
:107F1000BD4680BD0044025880B58CB002AFF86009
:107F2000B9607A60BB687B62AB4B1B680221184664
:107F30000EF042FC38620221386A0EF03DFCF86116
:107F40000221386A0EF038FCB8610221386A0EF05E
:107F500033FC78610221386A0EF02EFC38617B6AAE
:107F60001B88C3F30B039BB2F42B00F31C81E82B9B
:107F700004DA132B68DC002B39DC14E1E83B0C2B12
:107F800000F2118101A252F823F000BF5D800408C5
:107F9000A7810408A7810408A78104085D8004085C
:107FA000A7810408A7810408A78104086580040844
:107FB000A7810408A7810408A78104087580040824
:107FC000D43B01229A4041F211131340002B14BFFD
:107FD00001230023DBB2002B3CD102F48033002BC1
:107FE00014BF01230023DBB2002B3FD1DBE0013BB8
:107FF000122B00F2D88001A252F823F07D800408F1
:10800000918004089B80040889800408A5800408E6
:10801000A7810408A7810408AD800408C78004086C
:10802000E1800408FB800408158104082F810408FE
:1080300049810408638104087D810408A78104083C
:10804000978104089F810408E42B00F3AC80D42BB3
:10805000B6DAA8E07B683A6A1A60A7E07B68FA693A
:108060001A60A3E07B68BA691A609FE07B687A694E
:108070001A609BE07B683A691A6097E00EF0F7FBA4
:1080800002467B681A6091E07B68544A1A608DE072
:108090007B684FF400421A6088E07B684FF4FA4234
:1080A0001A6083E07B684E4A1A607FE0FFF764FD48
:1080B000022300930023C02205210EF08BFB024611
:1080C0007B681A6072E0FFF757FD022300930023DC
:1080D000C02205210EF07EFB02467B681A6065E037
:1080E000FFF74AFD022300930023C02205210EF072
:1080F00071FB02467B681A6058E0FFF73DFD0223E2
:1081000000930023802210210EF064FB02467B685E
:108110001A604BE0FFF730FD02230093002380221A
:1081200010210EF057FB02467B681A603EE0FFF715
:1081300023FD022300930023802210210EF04AFB2E
:1081400002467B681A6031E0FFF716FD02230093B8
:108150000023802210210EF03DFB02467B681A604E
:1081600024E0FFF709FD0223009300238022102161
:108170000EF030FB02467B681A6017E0FFF7FCFC4C
:10818000022300930023802210210EF023FB0246DD
:108190007B681A600AE07B683A6A1A6006E07B68CE
:1081A0003A6A1A6002E06FF0850311E07B6A1A6890
:1081B0000C4B1340002B0AD07B681B687A6A12684C
:1081C000C2F313320132B3FBF2F27B681A60002370
:1081D00018462837BD4680BDD801002440787D016F
:1081E000006CDC0200F0FFFF80B584B000AF786067
:1081F00039603B68FB60FB681B88C3F30B039BB2D1
:10820000D32B08D9FB681B88C3F30B039BB2F42B59
:1082100001D8012300E00023012B15D1FB681B8846
:10822000C3F30B039BB21A46104B1344BB60BB68ED
:108230001A68FB685B681A40FB685B689A4201D168
:1082400002230FE001230DE0FB681B88C3F30B033F
:108250009BB218460EF03DFB0346002B01D10223D2
:1082600000E0012318461037BD4680BD0044025887
:1082700080B586B000AF786000237B614FF000705E
:10828000FEF7B0FF4FF4801100200EF082FA0EF0DE
:108290005DFBFFF7D5FCFFF779FC38610EF09FFB23
:1082A00078617B69002B01DA7B693BE002211F4882
:1082B0000EF082FAF860FA683B699A4202D9F868CF
:1082C00002F046FB0020FFF7C9F80820FFF7DAF8B4
:1082D0004020FFF7EBF84FF48060FFF7FBF84020F9
:1082E000FFF70CF94020FFF71DF90320FFF796F880
:1082F00000BFFFF7A7F80346182BFAD1FA683B69CD
:108300009A4202D8F86802F023FB08480EF0BFFA40
:1083100000200EF048FA0020FFF718F9044B034A3A
:108320001A607B6918461837BD4680BD00389C1C12
:10833000D801002480B582B000AF7860124B184697
:108340000EF036FC0346002B01DA796817E07B68F3
:108350000A2B04D10C4B0D2118460EF01AFC0A4AC8
:108360007B68DBB2194610460EF013FC06494FF04D
:108370000A024FF0000308460EF024FC79680B4611
:1083800018460837BD4680BDE0D3050880B500AF6C
:108390000348FEF7AFFB0248F8F74CFE00BF80BD74
:1083A0003583040880B500AF084B18460EF0D4FBA7
:1083B000034683F00103DBB2002B02D06FF01203FF
:1083C00002E0FFF7E3FF0023184680BDE0D3050875
:1083D00080B584B000AF78607B685B68FB60184B49
:1083E000BB60FB681946B8680EF095FC0346002B8D
:1083F00003D000BF6FF004031DE0FB689B68114AC7
:10840000934217D110480EF005FC034683F0010398
:10841000DBB2002B02D06FF012030CE00B480EF021
:10842000F9FB034683F00103DBB2002B02D06FF0AF
:10843000120300E0002318461037BD4680BD00BF80
:10844000A0D105080008024060D3050880D30508C4
:1084500080B487B000AFF860B9607A60FB687B6178
:108460000C4ABB6813441B781A467B6913445A684C
:10847000094B13400749BA680A44127811467A69D1
:108480000A4411467A6813434B6000BF1C37BD464F
:1084900080BC7047440506080000FFFF80B485B02B
:1084A00000AF786039607B68FB60074A3B68134423
:1084B0001B781A46FB6813445B689BB21846143756
:1084C000BD4680BC704700BF4405060880B485B037
:1084D00000AF786039607B68FB600B4A3B681344EF
:1084E0001B781A46FB6813445B6907493A680A44DB
:1084F00012781146FA680A4423F00403536100BF5E
:108500001437BD4680BC70474405060880B485B06A
:1085100000AF786039607B68FB600B4A3B681344AE
:108520001B781A46FB6813445B6907493A680A449A
:1085300012781146FA680A4443F00403536100BFFD
:108540001437BD4680BC70474405060880B487B028
:1085500000AFF860B9607A60FB687B61074ABB686E
:1085600013441B781A467B6913441A467B68D36010
:1085700000BF1C37BD4680BC704700BF44050608DD
:1085800080B487B000AFF860B9607A60FB687B6147
:10859000074ABB6813441B781A467B6913441A4682
:1085A0007B68936000BF1C37BD4680BC704700BF2E
:1085B0004405060880B485B000AF786039607B68F8
:1085C000FB600B4A3B6813441B781A46FB68134454
:1085D0001B6807493A680A4412781146FA680A4447
:1085E00043F00803136000BF1437BD4680BC7047DA
:1085F0004405060880B485B000AF786039607B68B8
:10860000FB600B4A3B6813441B781A46FB68134413
:108610001B6807493A680A4412781146FA680A4406
:1086200043F00403136000BF1437BD4680BC70479D
:108630004405060880B485B000AF786039607B6877
:10864000FB600B4A3B6813441B781A46FB681344D3
:108650001B6807493A680A4412781146FA680A44C6
:1086600043F01003136000BF1437BD4680BC704751
:108670004405060880B485B000AF786039607B6837
:10868000FB600B4A3B6813441B781A46FB68134493
:108690001B6807493A680A4412781146FA680A4486
:1086A00023F01003136000BF1437BD4680BC704731
:1086B0004405060880B485B000AF786039607B68F7
:1086C000FB600B4A3B6813441B781A46FB68134453
:1086D0005B6907493A680A4412781146FA680A4405
:1086E00023F08003536100BF1437BD4680BC704740
:1086F0004405060880B485B000AFC7E900013B68B7
:10870000FB60FB680933044AA2FB0323DB0818461D
:108710001437BD4680BC7047CDCCCCCC80B483B080
:1087200000AF03463960FB71FB79032B1DD801A212
:1087300052F823F0458704084D870408578704083A
:10874000618704083B6800221A6012E03B684FF41E
:1087500080321A600DE03B684FF400321A6008E086
:108760003B684FF440321A6003E000BF6FF015031E
:1087700000E0002318460C37BD4680BC704700BFA0
:1087800080B59EB000AFF860B9607A60FB685B6846
:10879000FB65FB6D1B69BB6507F11003184612F002
:1087A000B3F9BB68013BBB60FB6D5B69BA689A4279
:1087B00003D300BF6FF015033FE2FB6DDA69BB68BE
:1087C0005B0113443B663B6E9B7ADBB2002B03D00C
:1087D00000BF6FF00F0330E2B968B86D0EF04DFDC9
:1087E0000346002B03D000BF6FF00F0325E2B968EA
:1087F000F8680EF019FC7B685B8803F4FE539BB2AB
:10880000B3F5FE5F12D13B6E01229A723B6E0122DC
:108810005A727B689A693B6E9A617B685A693B6EB3
:108820005A613B6E00221A77002306E27B681B69BF
:108830005B69B3F5803F03D300BF6FF01503FCE124
:108840007B685B7803F00703DBB2002B0AD1FB6D7A
:108850001B7B83F00103DBB2002B03D000BF6FF062
:108860008503EAE17B68DA887B689B889A4203D0BB
:1088700000BF6FF01503E0E17B689B88042B0BD0F1
:108880007B689B88022B07D07B689B88012B03D0D9
:1088900000BF6FF01503D0E17B681B691B7FC3F33A
:1088A0008013DAB27B681B691B7FC3F3C013DBB292
:1088B0009A4203D000BF6FF01503BEE13B6E012268
:1088C0009A727B689A693B6E9A617B685B78C3F3A6
:1088D0000203DBB21A463B6E1A607B685A693B6E34
:1088E0005A617B689B881A463B6EDA607B68DB883E
:1088F0001A463B6E1A617B681B691B7FC3F38013AA
:10890000DAB23B6E1A777B681B691B68002B7B68A9
:108910001B695B68002B7B689B887B657B6D93FA8A
:10892000A3F2B2FA82F2002B01D14FF0FF32531CB6
:10893000013B7B667B68DB887B677B6F93FAA3F2E6
:10894000B2FA82F2002B01D14FF0FF32531C013BEF
:10895000BB663B6E1B68012B12D17B681B691B68D1
:108960007B617B681B695B683B61834A7B6E52F865
:108970002330FB62814ABB6E52F82330BB6211E0A8
:108980007B681B691B683B617B681B695B687B615B
:108990007A4A7B6E52F82330BB62774ABB6E52F83C
:1089A0002330FB620023A7F86C300023A7F86E3059
:1089B0007B689B78C3F30303DBB21A4607F110030D
:1089C000283319461046FFF7A9FE38673B6F002B86
:1089D00001DA3B6F31E17B685B78C3F30203DBB202
:1089E0001A4607F110030833194610460EF0D3FB60
:1089F00038673B6F002B01DA3B6F1EE17B685B78C9
:108A0000C3F30203DBB2022B06D0022B26DC002BC1
:108A100002D0012B11D021E07B681B691B7FC3F3BF
:108A20000113DBB2A7F86C307B681B691B7FC3F3B3
:108A30008103DBB2A7F86E3014E07B681B691B7FF3
:108A4000C3F38103DBB2A7F86C307B681B691B7F23
:108A5000C3F30113DBB2A7F86E3003E000BF6FF081
:108A60001503EAE0B7F86C30DAB207F110031433FB
:108A7000194610460EF0B5FB38673B6F002B01DA44
:108A80003B6FDAE000BFB7F86E30DAB207F11003DF
:108A90001033194610460EF0CAFB38673B6F002BA7
:108AA00001DA3B6FC9E000BF3B6E1B7F002B03D098
:108AB0004FF48073FB6101E00023FB613B6E1B6898
:108AC000022B0CBF01230023DAB23B6E1A727B68C3
:108AD0001B897A689288B3FBF2F101FB02F29B1AC0
:108AE0009BB2002B03D000BF6FF01503A5E07B689D
:108AF0005B897A68D288B3FBF2F101FB02F29B1A20
:108B00009BB2002B03D000BF6FF0150395E03B6EC6
:108B10001B7A1946786800F069FA03467B643B6E5D
:108B20001B7A1946786800F0B5FA0346BB647B6887
:108B30001B695B7FC3F30303DBB2184600F0FEFA48
:108B400003463B6407F1100318460FF0D1FA0346C1
:108B5000002B02D00423FB6301E00023FB633B6E88
:108B60001B7A002B0CD07B681B695B697A68928842
:108B7000B3FBF2F33B630BE04C050608580506080F
:108B80007B681B695B697A68D288B3FBF2F33B634D
:108B90007B681B787B63B86800F076F9014607F1C3
:108BA00010031A46B86D11F04FFFB86800F06CF969
:108BB00003461946B86DFFF71DFD3B6E1B7F83F022
:108BC0000103DBB2002B03D13B6E9B69002B07D066
:108BD000B86800F059F903461946B86DFFF72AFD49
:108BE0003B6E1B7F002B0BD03B6E9B69002B07D08D
:108BF000B86800F049F903461946B86DFFF7DAFC8A
:108C0000FB6B042B08D1B86800F03EF90346194607
:108C1000B86DFFF77BFC07E0B86800F035F9034654
:108C20001946B86DFFF752FCB86800F02DF90346FD
:108C30001946B86DFFF73EFD3B6F18467837BD46C5
:108C400080BD00BF80B586B000AF78607B685B6890
:108C50003B61204BFB603B691946F8680EF0B8F9A0
:108C60000346002B03D000BF6FF004032EE03B69E6
:108C70009B687868984700237B6115E03B69DA6957
:108C80007B695B01134400229A723B691B7E1A4682
:108C90007B69D1183B69DA697B695B0113440A4639
:108CA0005A607B6901337B613B695B697A699A42EF
:108CB000E4D37B681B6900221A607B681B69002271
:108CC0005A607B681B6900229A6000231846183797
:108CD000BD4680BDA0D1050880B485B000AF7860E6
:108CE00039607B68FB600B4A3B6813441B781A466B
:108CF000FB6813441B6807493A680A441278114616
:108D0000FA680A4443F00103136000BF1437BD46FC
:108D100080BC7047BC05060880B485B000AF7860A1
:108D200039607B68FB600B4A3B6813441B781A462A
:108D3000FB6813441B6807493A680A4412781146D5
:108D4000FA680A4423F00103136000BF1437BD46DC
:108D500080BC7047BC05060880B485B000AF786061
:108D600039607B68FB600A4A3B6813441B781A46EB
:108D7000FB6813441B6803F00103012B01D101239D
:108D800000E0002318461437BD4680BC704700BF82
:108D9000BC05060880B485B000AF786039607B6898
:108DA000FB600B4A3B6813441B781A46FB6813446C
:108DB0005B6907493A680A4412781146FA680A441E
:108DC00023F08003536100BF1437BD4680BC704759
:108DD000BC05060880B485B000AF786039607B6858
:108DE000FB600A4A3B6813441B781A46FB6813442D
:108DF0001B6803F00803082B01D1012300E00023C6
:108E000018461437BD4680BC704700BFBC05060835
:108E100080B485B000AF786039607B68FB600A4A37
:108E20003B6813441B781A46FB6813441B6803F025
:108E30001003102B01D1012300E000231846143742
:108E4000BD4680BC704700BFBC05060880B485B035
:108E500000AF786039607B68FB600A4A3B68134466
:108E60001B781A46FB6813445B6903F08003802B70
:108E700001D1012300E0002318461437BD4680BC11
:108E8000704700BFBC05060880B483B000AF7860AF
:108E9000044A7B6852F8233018460C37BD4680BC24
:108EA000704700BFC405060880B582B000AF786087
:108EB0003960054A3B6852F823307868984700BF0C
:108EC0000837BD4680BD00BFE405060880B582B006
:108ED00000AF78603960054A3B6852F82330786803
:108EE000984700BF0837BD4680BD00BF040606088E
:108EF00080B582B000AF78603960084A3B6852F8AC
:108F00002330786898470346002B14BF01230023C1
:108F1000DBB218460837BD4680BD00BF24060608F0
:108F200080B582B000AF78603960084A3B6852F87B
:108F30002330786898470346002B14BF0123002391
:108F4000DBB218460837BD4680BD00BF44060608A0
:108F500080B582B000AF78603960054A3B6852F84E
:108F600023307868984700BF0837BD4680BD00BFF2
:108F70006406060880B582B000AF78603960054AA3
:108F80003B6852F823307868984700BF0837BD46E1
:108F900080BD00BF8406060880B582B000AF78604F
:108FA0003960054A3B6852F823307868984700BF1B
:108FB0000837BD4680BD00BFA406060880B582B054
:108FC00000AF78603960084A3B6852F8233078680F
:108FD00098470346002B14BF01230023DBB2184639
:108FE0000837BD4680BD00BFC406060880B487B000
:108FF00000AF78600B46FB70FB78002B06D07B68D7
:10900000DB883B617B685B897B6105E07B689B88D3
:109010003B617B681B897B617A693B69B2FBF3F337
:10902000FB60FB68013B0F2B2DD801A252F823F007
:1090300071900408879004088790040875900408CC
:109040008790040887900408879004087B900408A0
:109050008790040887900408879004088790040884
:10906000879004088790040887900408819004087A
:1090700000230AE04FF4000307E04FF0807304E0A0
:109080004FF0C07301E000BF002318461C37BD46F7
:1090900080BC704780B487B000AF78600B46FB702F
:1090A000FB78002B06D07B689B883B617B681B8923
:1090B0007B6105E07B68DB883B617B685B897B616A
:1090C0007A693B69B2FBF3F3FB60FB68013B0F2B52
:1090D0002DD801A252F823F0199104082F91040809
:1090E0002F9104081D9104082F9104082F91040862
:1090F0002F910408239104082F9104082F9104084C
:109100002F9104082F9104082F9104082F9104082F
:109110002F9104082991040800230AE04FF400135A
:1091200007E04FF4800304E04FF4C00301E000BF08
:10913000002318461C37BD4680BC704780B483B0FE
:1091400000AF0346FB80FB88032B13D801A252F823
:1091500023F000BF65910408699104086D9104082B
:1091600071910408002307E0012305E0022303E0D6
:10917000032301E000BF002318460C37BD4680BC26
:10918000704700BF80B483B000AF0346FB71FB792A
:109190000D4AA2FB0323DB08DBB25BB21B0158B212
:1091A000FA79094BA3FB0213D9080B469B000B4429
:1091B0005B00D31ADBB25BB203435BB2DBB218468F
:1091C0000C37BD4680BC7047CDCCCCCC80B400AF52
:1091D000044B1B6F034A43F40043136700BFBD46B3
:1091E00080BC70470044025880B483B000AF786000
:1091F00039607B681A69054B13403A681A437B68EB
:109200001A6100BF0C37BD4680BC70470080FFFF6D
:1092100080B487B000AFF860B9607A603B607B686B
:109220001B0403F47F02BB681A433B681B029BB21A
:109230001A433B6ADBB213437B61FB681A68054B38
:1092400013407A691A43FB681A6000BF1C37BD4699
:1092500080BC7047808080FF80B485B000AF7860AC
:109260007B681A68114B1340FB60FB681B0D1B01E8
:1092700003F03002FB681B0C03F00F0313431A04C6
:10928000FB681B0B1B0103F07001FB681B0A03F05A
:109290000F030B431B021A43FB6803F07F031343C6
:1092A00018461437BD4680BC704700BF7F7F3F0023
:1092B00080B487B000AFF860B9607A603B60BB688B
:1092C0005A033B6A1B0403F47F031A433B681B02E7
:1092D0009BB21A437B68DBB213437B61FB685A681D
:1092E000054B13407A691A43FB685A6000BF1C376C
:1092F000BD4680BC704700BFC00000FF80B485B091
:1093000000AF78607B685A68134B1340FB60FB68C2
:109310005B0B1B0603F0E062FB681B0403F47C1389
:109320001A43FB681B0B1B0103F01001FB681B0AAF
:1093300003F00F030B431B021A43FB681B0D1B01B9
:10934000D9B2FB681B0C03F00F030B431343184601
:109350001437BD4680BC70473FFFFF0080B584B026
:1093600000AF0023FB6019480FF053F90346002BB0
:1093700027D116480FF0BDF8154BBB600FF05FF812
:10938000786012480FF045F90346002B14BF012303
:109390000023FB70FB7883F00103DBB2002B07D0C6
:1093A0000FF04DF802467B68D31ABA689A42E8D8A3
:1093B000FB7883F00103DBB2002B02D06FF0730364
:1093C000FB60FB6818461037BD4680BD0040005862
:1093D0000053070080B588B000AF78607B685B6899
:1093E000BB610023FB6122480FF076F878612048CA
:1093F0000FF0C9F838611E480FF0B7F8F8601C4844
:109400000FF0DAF87B69002B09D1BB695B683A6918
:109410009A4204D1BB691B68FA689A4218D0FFF7D8
:109420009DFFF861FB69002B0FD1002110480FF060
:1094300041F8BB695B6819460D48FFF7D5FEBB696B
:109440001B6819460A480FF07DF809480FF05EF8CE
:10945000002107480FF0CBF805480FF064F80448E6
:109460000FF09EF8FB6918462037BD4680BD00BF4F
:109470000040005880B586B000AF7860234BFB6099
:109480007B685B687B617B681B693B610023BB6019
:10949000F8F774F87B699B681946F8680EF0D6FFF8
:1094A0000346002B05D0F8F7B1F800BF6FF00403B6
:1094B00028E07B699B6808335B68FF2B11D07B69D0
:1094C0009B68083300221946F8680EF0D8FFB86090
:1094D000BB68002B05DAF8F799F800BF6FF00403BA
:1094E00010E04FF4801100200FF0B7F8FFF76EFE88
:1094F00000200FF0BCF87868FFF76CFFB860F8F751
:1095000085F8BB6818461837BD4680BDA0D1050850
:1095100080B59AB002AF786039607B681B69BB6424
:109520003B685B6903F26C737B647B6CB3F5FA6F29
:1095300002D26FF0150394E03B689B69B3F1FF3FE3
:1095400002D16FF015038CE03B689B68DBB21846D4
:10955000FFF718FE03463B643B685B68DBB21846C6
:10956000FFF710FE0346FB633B681B68DBB218463F
:10957000FFF708FE0346BB657B6CDBB23033DBB222
:109580001846FFF7FFFD03467B653B681B69DBB2AE
:109590000133DBB21846FFF7F5FD03463B653B6838
:1095A000DB68DBB21846FFF7EDFD0346FB643B6862
:1095B0009B69002B02D03B689B6900E00723FB6599
:1095C00000BFBB6C7B63EFF311833B633B6BFB62C0
:1095D0001023BB62BB6A83F3128800BFBFF36F8F97
:1095E00000BFFB6ABB607B6B7B6200BF7B6B3B6237
:1095F00000BFBB683B61F7F7C1FF1C480EF0DCFF02
:10960000FFF7ACFEB863BB6B002B0FD1BB6D0093B3
:10961000FB6B3A6C00211548FFF7FAFD7B6D009358
:109620003B6DFA6CF96D1148FFF742FE0F480EF0E2
:109630006DFF0E480EF0B4FFF7F7E8FF00BFBB6CFC
:109640003A69FA60FB61FB68BB61BB697B617B695E
:1096500083F3118800BFBFF36F8F00BF00BF00BF4F
:10966000BB6B18466037BD4680BD00BF0040005848
:109670002DE9B04F9AB000AF786039607B681B6904
:10968000BB657B685B687B653B68002B03D100BFD3
:109690006FF01503DEE0BB6D7B64EFF311833B6479
:1096A0003B6CFB631023BB63BB6B83F3128800BF6F
:1096B000BFF36F8F00BFFB6BBB607B6C7B6300BF36
:1096C0007B6C3B6300BFBB687B6165480EF0B3FFFA
:1096D0000346002B13D1BB6D7A69FA60FB62FB680D
:1096E000BB62BB6A7B627B6A83F3118800BFBFF3F6
:1096F0006F8F00BF00BF00BF6FF03C03AAE0584867
:10970000FFF7FCFD78665648FFF7A6FD386654481B
:109710000EF061FFF86552480EF05DFF0246FB6DEA
:109720009342F4D14E48FFF797FD02463B6E9342B9
:10973000E9D14B48FFF7E2FD02467B6E9342DED152
:10974000BB6D7A693A613B623B69FB61FB69BB6156
:10975000BB6983F3118800BFBFF36F8F00BF00BFE9
:1097600000BF7B6EDBB218460EF04AFE034603F1E3
:1097700064023B685A617B6E1B0ADBB218460EF02E
:109780003FFE03465A1E3B681A617B6E1B0CDBB220
:1097900018460EF035FE03461A463B68DA607B6ECB
:1097A0001B0E3B653B6D072B03D13B6800229A6182
:1097B00002E03B683A6D9A613B6E1B0CDBB21846C7
:1097C0000EF01EFE03461A463B689A603B6E1B0A6B
:1097D000DBB218460EF014FE03461A463B685A6088
:1097E0003B6EDBB218460EF00BFE03461A463B6892
:1097F0001A607B6D5A68FB6DD31A00229846914619
:10980000184B03FB09F2002303FB08F31344154A2A
:10981000A8FB02452B441D46C7E91245C7E912457E
:109820007B6D5B68013300229A46934652465B4645
:10983000D7E91201F7F70CF802460B463B685A626B
:109840003B684FF0FF32DA613B684FF0FF321A623B
:1098500000BF002318466837BD46BDE8B08F00BF83
:109860000040005800CA9A3B80B485B000AFF86051
:10987000B9607A603B60FB681A680A4B13407968EC
:10988000BA680A431A43FB681A60FB685B6823F4F2
:1098900040523B681A43FB685A6000BF1437BD460C
:1098A00080BC7047FFE9FFEF80B487B000AFF8607D
:1098B000B9607A603B607B680B2B3CD83B6A002B1D
:1098C00039D03B68B3F5004F22D17B68DBB21A4632
:1098D0001B4B53F82230BA68B2FBF3F35A003B6AD1
:1098E0005B081A443B6AB2FBF3F39BB27B617A6973
:1098F0004FF6F07313403B617B695B089BB203F04A
:1099000007033A6913433B61FB683A69DA6012E086
:109910007B68DBB21A460A4B53F82230BA68B2FBB6
:10992000F3F23B6A5B081A443B6AB2FBF3F39BB267
:109930001A46FB68DA6000BF1C37BD4680BC704722
:109940001C07060880B58AB000AF786039607B6874
:109950005B687B627B6A1B683B627B681B69FB619F
:10996000FB691B68BB613B681B7918460FF08FFED3
:1099700078613B685B791946786A0FF0B5FE38610B
:109980003B689A793B681B79194610460FF0EAFE4E
:10999000F8603B681B79032B03D03B681B79042BD1
:1099A00002D16FF0850391E03B681B79002B06D054
:1099B0003B689B79042B02D16FF0850386E0386900
:1099C0000FF0B1FE03461A463B685B799A4202D01B
:1099D0006FF085037AE07969F8680FF0E8FE0346D6
:1099E0001A463B689B799A4202D06FF085036DE07E
:1099F0003B68DB79002B52D03B68DB79012B23D10C
:109A00003B6A344A93424AD03B6A334A934246D037
:109A10003B6A324A934242D03B6A314A93423ED03B
:109A20003B6A304A93423AD03B6A2F4A934236D03F
:109A30003B6A2E4A934232D03B6A2D4A93422ED043
:109A40003B6A2C4A93422AD03B68DB79032B23D113
:109A50003B6A204A934222D03B6A1F4A93421ED05F
:109A60003B6A1E4A93421AD03B6A1D4A934216D063
:109A70003B6A1C4A934212D03B6A1B4A93420ED067
:109A80003B6A1A4A93420AD03B6A194A934206D06B
:109A90003B6A184A934202D06FF0850316E0386A99
:109AA0000EF011FF396878680FF0CDFE0346002BE9
:109AB00002DA6FF0850309E0386A0EF0F5FEBB6943
:109AC0003A6892E8030083E8030000231846283729
:109AD000BD4680BD001001400044004000480040E9
:109AE000004C00400050004000140140007800404D
:109AF000007C0040000C005880B582B000AF786058
:109B00003960054A396878680FF08DFF03461846BA
:109B10000837BD4680BD00BF0D9B050880B582B0EB
:109B200000AF78600B46FB70FB789BB2044A194685
:109B300078680FF09FFF00BF0837BD4680BD00BFAB
:109B40002D9B050890B585B000AFF860B9607A60CC
:109B5000F8680FF037FD0446F8680FF0EDFC034697
:109B6000194620460FF023FE0346042B02D16FF066
:109B7000850306E0054B7A68B968F86810F051F87B
:109B8000034618461437BD4690BD00BFBB9C050870
:109B900090B585B000AFF860B9607A60F8680FF0F2
:109BA00011FD0446F8680FF0C7FC0346194620462D
:109BB0000FF0FDFD0346042B02D16FF0850306E094
:109BC000054B7A68B968F86810F08BF803461846B8
:109BD0001437BD4690BD00BF459D050880B584B0D3
:109BE00000AF78607B685B68FB60FB681B68BB60EC
:109BF000B8680FF00FFABB68144A93421BD0BB68D9
:109C0000134A934217D0BB68124A934213D0BB68E1
:109C1000114A93420FD0BB68104A93420BD0BB68E5
:109C20000F4A934207D0BB680E4A934203D0BB68E9
:109C30000D4A934202D1B8680FF0DDF9B8680FF011
:109C40009AF900BF1037BD4680BD00BF001001402B
:109C50000044004000480040004C004000500040DC
:109C60000014014000780040007C004080B584B0C2
:109C700000AF78607B685B68FB60FB681B68BB605B
:109C8000B8680FF098FABB68144A93421BD0BB68BF
:109C9000134A934217D0BB68124A934213D0BB6851
:109CA000114A93420FD0BB68104A93420BD0BB6855
:109CB0000F4A934207D0BB680E4A934203D0BB6859
:109CC0000D4A934202D1B8680FF066FAB8680FF0F7
:109CD00023FA00BF1037BD4680BD00BF0010014011
:109CE0000044004000480040004C0040005000404C
:109CF0000014014000780040007C00402DE9B04F86
:109D000086B000AFF860B9607A60F8680FF0ABFA1F
:109D10000346002B09D0F8680EF0CAFEF8680FF071
:109D20001BFAF8680FF0BAF805E0F8680FF094F93C
:109D3000F8680FF08EF87B68B3F1FF3F35D07B6891
:109D4000DA179A469346BB6800229846914608FB6C
:109D50000BF20AFB09F31344AAFB08452B441D46EA
:109D6000194A4FF0000320462946F6F771FD0246D6
:109D70000B46C7E90423D7E90423012B17D23B691B
:109D80001946F8680EF0C2FEF8680EF0D1FE0346E0
:109D9000002B0ED000BFF8680FF080F8F8680FF0C5
:109DA0000AF9F8680EF075FE0AE000BF02E000BF95
:109DB00000E000BFF8680FF04CF8F8680FF07BF88F
:109DC0001837BD46BDE8B08F40420F0080B586B061
:109DD00000AF78607B685B687B617B691B683B6177
:109DE0007B681B69FB60FB687A68DA60FB689B69CB
:109DF000002B0DD0FB689B6918460EF041FC034612
:109E000083F00103DBB2002B02D06FF0120306E1F6
:109E1000FB68D3F8B030002B0ED0FB68D3F8B0301D
:109E200018460EF02DFC034683F00103DBB2002B35
:109E300002D06FF01203F2E0786810F0A4FA7868AC
:109E400010F079FAFB6878337749184611F0F2FD83
:109E5000FB6803F588737549184611F0EBFDFB6844
:109E6000443320220021184604F046FE01213869BF
:109E70000FF094FA0246FB685A64FB6800229A6469
:109E8000FB6893F83D30002B07D0FA6892F86030F9
:109E900023F00C0382F8603007E0FA6892F8603033
:109EA000022161F3830382F86030FB6893F83E304F
:109EB000002B07D0FA6892F8603023F0300382F864
:109EC000603007E0FA6892F86030022161F3051310
:109ED00082F86030FB6893F82330C3F34013D9B2A3
:109EE000FA6892F8603061F3861382F86030FB689C
:109EF00093F82330C3F34013D9B2FA6892F8603074
:109F000061F3C71382F86030FB681B6C03F00F032A
:109F1000D9B2FA6892F8613061F3030382F86130D4
:109F2000FB6803F14402FB681A63FB687A685A63B2
:109F3000FB680022C3F84821FB680022C3F84C21CB
:109F4000FB68DC3320220021184604F0D5FD0021F7
:109F500038690FF023FA0246FB68C3F8E020FB687B
:109F60000022C3F8DC20FB6893F8D530002B07D023
:109F7000FA6892F8F83023F00C0382F8F83007E022
:109F8000FA6892F8F830022161F3830382F8F8301E
:109F9000FB6893F8D630002B07D0FA6892F8F830B7
:109FA00023F0300382F8F83007E0FA6892F8F830CE
:109FB000022161F3051382F8F830FB6893F8BB3097
:109FC000C3F34013D9B2FA6892F8F83061F38613FC
:109FD00082F8F830FB6893F8BB30C3F34013D9B272
:109FE000FA6892F8F83061F3C71382F8F830FB682A
:109FF000D3F8D83003F00F03D9B2FA6892F8F930E9
:10A0000061F3030382F8F930FB6803F1DC02FB68BB
:10A01000C3F8C820FB687A68C3F8CC200023184630
:10A020001837BD4680BD00BF3DA70508CDA7050870
:10A0300080B586B000AF78607B685B687B617B69C8
:10A040001B683B617B681B69FB60FB681B68BB602E
:10A0500038690EF038FC7B699B6818460EF010FBDF
:10A06000034683F00103DBB2002B03D000BF6FF087
:10A07000120393E07B69083318460EF0F6FB0C21BF
:10A0800038690EF03EFCB96878680FF0DCFB0346D7
:10A09000002B02DA6FF0150380E07B691B7E002B3A
:10A0A00002D038690EF051FD7B695B7E002B04D035
:10A0B0004FF4004138690EF0B6FC7B699B7E002BA3
:10A0C00004D04FF4803138690EF0BFFC7B69DB7E31
:10A0D000002B04D04FF4003138690EF0C8FC7B69C6
:10A0E0001B7F002B40D03B692E4A934223D03B6913
:10A0F0002D4A93421FD03B692C4A93421BD03B69A7
:10A100002B4A934217D03B692A4A934213D03B69AA
:10A11000294A93420FD03B69284A93420BD03B69AE
:10A12000274A934207D03B69264A934203D000BF97
:10A130006FF0150332E0012178680FF077FA7B6940
:10A140005B7F194638690EF022FD7B699B7F1946BB
:10A1500038690EF009FD7B69DB7F002B04D04FF4DA
:10A16000004138690EF057FD7B6993F82030002BD1
:10A1700002D038690EF0B6FB38690EF095FB00BFCF
:10A1800038690EF010FE0346002BF9D000BF386985
:10A190000EF01CFE0346002BF9D00023184618379A
:10A1A000BD4680BD00100140004400400048004012
:10A1B000004C004000500040001401400078004076
:10A1C000007C0040000C005880B483B000AF034610
:10A1D0003960FB80B7F90630002B0ADB3B68DAB246
:10A1E0000C49B7F906301201D2B20B4483F80023B0
:10A1F0000AE03B68DAB20849FB8803F00F03043B2E
:10A200001201D2B20B441A7600BF0C37BD4680BC97
:10A21000704700BF00E100E000ED00E080B487B0CF
:10A2200000AF78601C4B9B687B611B4B1B68FB601D
:10A23000194B9B683B617B68002B02D07B683A69B5
:10A240001A607B69002B02D1144B1B687B613B6950
:10A25000002B02D1114B1B683B61FB6803F4803378
:10A26000002B03D17A693B699A4208D20C4B1A68D9
:10A270000A4B1B6813440A4A1360074B1B68074BC1
:10A280001A683B69D21A064B1B68134418461C37E0
:10A29000BD4680BC704700BF10E000E0000D002408
:10A2A0000C0D002480B500AF0020FFF7B7FF024679
:10A2B000024B1B681344184680BD00BF080D0024E4
:10A2C00080B586B000AF786007F108031846FFF745
:10A2D000A5FF78611B4B1B683B611B4B1A687B69B0
:10A2E0001344194A1360194B00221A60154A7B68FF
:10A2F0001360174B9B68FB60154A7B68013B5360FA
:10A30000134B00229A60134B4FF000725A60BB68E7
:10A31000FA689A420AD93A69FB68D21ABB681A44A9
:10A32000094B1B681344084A136007E0BA68FB68CE
:10A33000D21A054B1B681344034A136000BF183739
:10A34000BD4680BD000D0024080D00240C0D002426
:10A3500010E000E000ED00E080B582B000AF084BF7
:10A36000D3E900231046194610F041FB78607B6862
:10A37000044AA2FB03239B0A18460837BD4680BD4A
:10A38000C8030024F11976052DE9B04F88B000AF5D
:10A390007860344909680020884681463249D1E90D
:10A3A000000118EB000249EB0103796800200C461C
:10A3B000054612EB040A43EB050BC7E904AB2B4B34
:10A3C000D3E90023D7E90401994208BF904242D063
:10A3D0002649D7E90423C1E9002340F25D13FB615C
:10A3E0007A68FB699A420BD8FA697B68D21A1D4BCE
:10A3F0001B689A4204D31B4B1B687A681344FB61A9
:10A40000FB694BF6803202FB03F3FB60184BD3E988
:10A4100000231046194610F0EAFAB860FA68BB68E3
:10A420009A4203D9FA68BB68D31A00E00023BB61E3
:10A43000104B1B68BA699A4209D20F4B1B78002B4C
:10A440000BD10D4B01221A700A4B1B68BB61B86916
:10A45000FFF736FF02E000BF00E000BF2037BD4637
:10A46000BDE8B08F100D0024D0030024500100245B
:10A47000C8030024040D0024580D002480B500AF4B
:10A48000FFF76AFF0346054A1360044B1B68184632
:10A4900010F0BBFA0346184680BD00BF100D002423
:10A4A0002DE9B04F86B000AFF860FFF755FF786137
:10A4B0007B694BF6803202FB03F3002298469146FB
:10A4C0001A4BD3E9002318EB0201396049EB03036F
:10A4D0007B60164BD7E90012C3E900127B690022AA
:10A4E0001C461546124BD3E9002314EB020A45EB38
:10A4F000030B0F4BC3E900AB0E4B00221A600E4951
:10A500004FF0FF324FF0FF33C1E900230B4B002225
:10A510001A70786910F079FA0346F968184603F062
:10A52000ABFE00BF1837BD46BDE8B08FC80300249E
:10A53000D0030024100D002450010024580D0024E5
:10A540002DE9B04384B000AF10F00DFA03467B60F4
:10A550000F4BD3E900231046194610F048FA034682
:10A5600000221C4615460A4BD3E9002314EB0208CF
:10A5700045EB0309C7E90289786810F00DFAD7E9BD
:10A580000223104619461037BD46BDE8B08300BF10
:10A59000C80300242DE9B04382B000AFFFF782FE6C
:10A5A0000346104AA2FB03239B0A7B607B680022C0
:10A5B000984691460C4BC3E900897B684BF6803284
:10A5C00002FB03F300221C461546084BC3E9004575
:10A5D000074B00221A600120FFF7D6FE0837BD4660
:10A5E000BDE8B083F1197605D0030024C803002428
:10A5F000100D0024684620F007018D4681B583B018
:10A6000000AF10F0B0F903467B600020FFF706FEB4
:10A610000A4B1A680A4B1B681344094A1360074B1C
:10A6200000221A607868FFF73BFFFBF797FE00BF38
:10A630000C37BD46BDE88140854670470C0D0024AF
:10A64000080D002480B400AF044B1B68034A23F0BC
:10A650000103136000BFBD4680BC704710E000E0FE
:10A6600080B582B000AF01214FF0FF30FFF7ACFDA5
:10A6700010F0A7F903460E4A13600E4B4BF68032DA
:10A680001A600D4B00221A600A4B1B680B4A013BF3
:10A6900053600A4B00229A6007237B60074A7B685D
:10A6A0001360FFF777FF002318460837BD4680BDCB
:10A6B000040D0024000D00240C0D002410E000E027
:10A6C00080B487B000AFF860B9607A60FB687B61E6
:10A6D0000C4ABB6813441B781A467B6913441A68FA
:10A6E000094B13400749BA680A44127811467A693F
:10A6F0000A4411467A6813430B6000BF1C37BD46FD
:10A7000080BC7047B40706081F80F0FF80B487B094
:10A7100000AFF860B9607A60FB687B610C4ABB6887
:10A7200013441B781A467B6913445A68094B13403B
:10A730000749BA680A44127811467A690A441146F0
:10A740007A6813434B6000BF1C37BD4680BC70471E
:10A75000B40706080000FFFF80B485B000AFF860C2
:10A76000B9607A60BA68114B13449B00FA681049CB
:10A770008A4201D1002200E0202213441B6823F00A
:10A78000FF02B968094B0B449B00F96808488142F5
:10A7900001D1002100E020210B4419467B681343BE
:10A7A0000B6000BF1437BD4680BC704700820010AC
:10A7B0000000024080B487B000AFF860B9607A60F2
:10A7C000FB687B610C4ABB6813441B781A467B69A3
:10A7D00013441B6823F0C0720749BB680B441B7805
:10A7E00019467B690B4419467B6813430B6000BF15
:10A7F0001C37BD4680BC7047B407060880B487B0DC
:10A8000000AFF860B9607A60FB687B610C4ABB6896
:10A8100013441B781A467B6913441B6823F4C00257
:10A820000749BB680B441B7819467B690B441946E2
:10A830007B6813430B6000BF1C37BD4680BC70476C
:10A84000B407060880B487B000AFF860B9607A60DA
:10A850003B60FB687B610D4ABB6813441B781A465A
:10A860007B6913445B6923F0070279683B680B43FB
:10A870000648B968014409780846796901441343D8
:10A880004B6100BF1C37BD4680BC7047B40706084B
:10A8900080B487B000AFF860B9607A60FB687B6114
:10A8A000074ABB6813441B781A467B6913441A464F
:10A8B0007B68D36000BF1C37BD4680BC704700BFBB
:10A8C000B407060880B487B000AFF860B9607A605A
:10A8D000FB687B61074ABB6813441B781A467B6997
:10A8E00013441A467B68936000BF1C37BD4680BC8A
:10A8F000704700BFB407060880B483B000AF78602B
:10A90000064B1B6823F00F0204497B6813430B605E
:10A9100000BF0C37BD4680BC704700BF002000520E
:10A9200080B400AF034B1B6803F00F031846BD460D
:10A9300080BC70470020005280B400AF034B9B697D
:10A9400003F440431846BD4680BC70470048025897
:10A9500080B586B000AF78600023FB750023FB60F4
:10A960007B68002B02D10123FB759DE0FFF7E4FF1C
:10A970000346B3F5404F1CD17B684E4A934206D93B
:10A980007B684D4A934202D80223FB6071E07B68EA
:10A990004A4A934206D97B68464A934202D8012329
:10A9A000FB6066E07B68454A934262D90123FB75F0
:10A9B0005FE0FFF7C1FF0346B3F5004F27D17B6887
:10A9C0003F4A934206D97B683E4A934202D803230A
:10A9D000FB604EE07B683C4A934206D97B68384A6C
:10A9E000934202D80223FB6043E07B68374A9342DC
:10A9F00006D97B68344A934202D80123FB6038E0D1
:10AA00007B68324A934234D90123FB7531E07B687D
:10AA10002F4A934206D97B682E4A934202D80423D8
:10AA2000FB6026E07B682C4A934206D97B68284A63
:10AA3000934202D80323FB601BE07B68274A9342C2
:10AA400006D97B68244A934202D80223FB6010E0B7
:10AA50007B68234A934206D97B68204A934202D8F6
:10AA60000123FB6005E07B681D4A934201D9012365
:10AA7000FB75FB7D002B17D1F868FFF73DFF022324
:10AA80003B61FFF74DFFB8603B69013B3B61BA6832
:10AA9000FB689A4202D03B69002BF2D1BA68FB688E
:10AAA0009A4201D00123FB75FB7D18461837BD463D
:10AAB00080BD00BF003B5808001C4E0E801D2C04BA
:10AAC00040B3D50900EF1C0D80778E06C03B4703CD
:10AAD0000095BA0A403A690DC0EF0B08804A5D053F
:10AAE00040A5AE0280B485B000AF78607B68064AAE
:10AAF0001A60064A044BD31A5B09FB60FB681846D0
:10AB00001437BD4680BC7047A0D1050800D40508A5
:10AB100080B582B000AF7860396006F027FE034848
:10AB200006F081FE786810F0E5F800BF94F405089F
:10AB300080B584B000AF78607B68002B04D0786863
:10AB400011F0ABF8034600E00023FB60FB68002B2C
:10AB500003D0FB681B78002B01D1034BFB60FB6823
:10AB600018461037BD4680BDA4F4050880B483B0F4
:10AB700000AF78607B68042B16D801A252F823F04E
:10AB800095AB040899AB04089DAB0408A1AB04087D
:10AB9000A5AB0408074B08E0074B06E0074B04E0B1
:10ABA000074B02E0074B00E0074B18460C37BD4649
:10ABB00080BC7047ACF40508BCF40508D0F4050867
:10ABC000E0F40508ECF40508FCF4050880B58CB049
:10ABD00000AF78603960EFF311837B627B6A3B6280
:10ABE0001023FB61FB6983F3128800BFBFF36F8FF3
:10ABF00000BF3B6AFB622B4B9B68BB6206F0B6FD55
:10AC000006F0B4FD7868FFF7B1FF0246254B1B7CC8
:10AC10007968254806F007FE3B68002B11D03B6899
:10AC2000BB61BB69DB69C3F30803002B14BF0123BD
:10AC30000023DBB2002B04D006F098FD1B4806F081
:10AC4000F2FD06F093FDB86AFFF772FF03461A465D
:10AC5000B96A174806F0E7FDBA6A3968786810F0F3
:10AC60003EF839687868FFF753FF3B68002B06D041
:10AC70003B687B617B69DB69C3F30803002BFB6ADC
:10AC80003B613B69FB60FB6883F3118800BFBFF346
:10AC90006F8F00BF00BFB86A10F016F83037BD469E
:10ACA00080BD00BF140D00240CF5050838F505081B
:10ACB0005CF5050882B003460091ADF80630BDF999
:10ACC0000630002B0ADB009BDAB20C49BDF90630D6
:10ACD0001201D2B20B4483F800230BE0009BDAB2DE
:10ACE0000749BDF8063003F00F03043B1201D2B24E
:10ACF0000B441A7600BF02B0704700BF00E100E0CD
:10AD000000ED00E000B585B00390CDE90023039B82
:10AD100003F11800DDE90023044903F0F7F80246C7
:10AD20000B461046194605B05DF804FB31D1040806
:10AD3000F0B58DB02B4B0B9328E00B9B1E680B9B43
:10AD40005F680B9B9B6806930B9BD96807910B9BD5
:10AD50001B690B9A52690B9989690B98C0690B9C06
:10AD6000246A0B9D6D6A05950494039002910192EB
:10AD70000093079B069A3946304601F04BF80B9B2F
:10AD80001B680B9A5A650B9B30330B930B9B164A2F
:10AD9000934234BF01230023DBB2002BCDD102F05C
:10ADA0009FFC104B0A930EE00A9BD3E90A23CDE9DE
:10ADB00008230A9B1968DDE9082308460FF0CEFF37
:10ADC0000A9B30330A930A9B074A934234BF0123FC
:10ADD0000023DBB2002BE7D102F0C8FC00BF0DB0AE
:10ADE000F0BD00BF3CD705083CD7050800B583B0CF
:10ADF0000B4B019305E001980FF097FF019B203367
:10AE00000193019B074A934234BF01230023DBB225
:10AE1000002BF0D100BF00BF03B05DF804FB00BF02
:10AE2000A0D1050800D4050800B587B003468DF809
:10AE300007309DF80730164A52F82330059319E081
:10AE4000059B5B68049300230393049B002B0AD0AB
:10AE5000049B1B7E03F00103002B08D104980FF024
:10AE6000C7FE039003E0059B1B6898470390059B72
:10AE7000083305939DF807300133054A52F8233013
:10AE8000059A9A42DCD300BF00BF07B05DF804FB0F
:10AE9000DC01002400B587B0039002910192134BAE
:10AEA00001221A70124B059305E0059B1B68984719
:10AEB000059B04330593059B0E4A934234BF01233F
:10AEC0000023DBB2002BF0D10320FFF7ADFF0420FD
:10AED000FFF7AAFFFFF72CFFF5F7EEFE06480FF08D
:10AEE00065FF00BF07B05DF804FB00BF590D0024EB
:10AEF00038D705083CD70508D803002400B58DB025
:10AF00000790079BC82202FB03F3174A13440B93D5
:10AF1000079A13465B001344DB01144A13440A9357
:10AF20004FF4A0730993124B0893079A13469B00A2
:10AF300013449B000F4A1344089A0592012204927D
:10AF40000F220392002202920022019200930A4BE8
:10AF5000099A0A990B9800F05DFF0B980FF01AFF01
:10AF600000BF0DB05DF804FBA0040024001A00240B
:10AF700078F50508140D0024F5AF050800B583B079
:10AF800001900198FFF7BAFF019BC82202FB03F36F
:10AF9000184A99181848019A13469B0013449B00BD
:10AFA00003440C331960019BD8B21349019A13462C
:10AFB0009B0013449B000B44103302461A70019A05
:10AFC00013465B0113449B010C4A134418460FF0CF
:10AFD000A5FE034603F500610748019A13469B004E
:10AFE00013449B0003440433196000BF03B05DF8B1
:10AFF00004FB00BFA0040024140D0024801B0024C7
:10B0000000B589B002F05CFB124B134A5A61134B36
:10B010000593012304930023039300230293002349
:10B020000193002300930E4B4FF480620D490A48B0
:10B0300000F0F0FE079008480FF0ACFE064801F063
:10B04000FBFA0020FFF79AFF079B184609B05DF84E
:10B0500004FB00BF140D0024D803002480F505086C
:10B0600095AE0408C015002400B583B00190024AD3
:10B0700001990248FBF73CF995AE0408D803002477
:10B0800000B585B00FF09EFE0020FFF7CDFE3548DD
:10B090000FF044FE034603F500630293029B019305
:10B0A000019B83F3088800BF00BFFF216FF0010000
:10B0B000FFF700FE00216FF00400FFF7FBFD002109
:10B0C0006FF00B00FFF7F6FD00216FF00A00FFF7AD
:10B0D000F1FD00216FF00900FFF7ECFD00216FF09A
:10B0E0000300FFF7E7FD204B5B6A1F4A43F4E023B0
:10B0F000536200BFFAF798FFFBF724F91A4B4FF0A1
:10B10000FF329A62184B4FF0FF32DA6200BFFBF752
:10B1100065FCFBF731FA00BF144800F0FDFEFFF7B5
:10B1200065FEF6F701FB124B039305E0039B1B68DA
:10B130009847039B04330393039B0E4A934234BF07
:10B1400001230023DBB2002BF0D10120FFF76CFEBE
:10B150000220FFF769FEFFF753FF03461846FFF78B
:10B1600083FF00BF801B002400ED00E06805002481
:10B1700038D7050838D7050880B582B000AF0E4B28
:10B180007B600AE07B6859687B689B681A46786830
:10B190000FF035FE7B6814337B607B68074A93426F
:10B1A00034BF01230023DBB2002BEBD10023184670
:10B1B0000837BD4680BD00BF2C0200244002002499
:10B1C00080B58AB004AFF860B960C7E90023084BC6
:10B1D0000293D7E90023CDE90023BA680021F8687B
:10B1E0000FF022FE78617B6918461837BD4680BD96
:10B1F0003315050880B59EB000AF78604C4B7B637B
:10B20000EFF311833B633B6BFB621023BB62BB6AB2
:10B2100083F3128800BFBFF36F8F00BFFB6ABB6070
:10B220007B6B7B6200BF7B6B3B6200BFBB683B619B
:10B230007B683B670023FB660023BB66002387F81F
:10B2400067303B6F3B663B6EFB650023BB65F86D6B
:10B250000FF020FF78657B6D002B01D07B6DBB6507
:10B26000BB6D3B653B6D002B14BF01230023DBB29C
:10B27000002B05D0386D0FF069FF386D0FF03CFFE3
:10B280003B6DFB64FB6C002B18D0FB6EFA6CBA6450
:10B290007B64BB6E3B64BB6CFB637B6CBB63FB6B17
:10B2A000BA6BC3F8C42000BFBB6C3A6C5A6100BFD4
:10B2B000F86C01F0E5F8012387F8673097F86730FC
:10B2C000002B03D0012387F8773013E07B689B685D
:10B2D0007A6891687A68D268914201D0012200E0D0
:10B2E00000221A447B689A6078680FF06CFF03466E
:10B2F00087F8773097F87730002B04D039690C48FD
:10B3000011F077F810E03B69FB60094BFB61FB68CB
:10B31000BB61BB697B617B6983F3118800BFBFF3AD
:10B320006F8F00BF00BF00BF00BF7837BD4680BD34
:10B33000380D002480B598B002AFF860C7E900234B
:10B34000354B3B65EFF31183FB64FB6CBB6410234F
:10B350007B647B6C83F3128800BFBFF36F8F00BFE9
:10B36000BB6CBB613B6D3B6400BF3B6DFB6300BFCF
:10B37000BB693B62FB689B68002B14BF0123002361
:10B38000DBB2002B18D0FB689B685A1EFB689A60E2
:10B390003B6AFB61204BBB63FB697B637B6B3B635D
:10B3A0003B6B83F3118800BFBFF36F8F00BF00BFFB
:10B3B00000BF00237B6529E0D7E900234FF00000A0
:10B3C0004FF000018B4208BF824214D13B6A7B617F
:10B3D000114BFB627B69BB62BB6A7B627B6A83F356
:10B3E000118800BFBFF36F8F00BF00BF00BF6FF0B9
:10B3F0000F037B650AE0F968D7E90023CDE9002354
:10B400000A46396A044801F0DFFE78657B6D18460C
:10B410005837BD4680BD00BF380D002480B586B0CA
:10B4200000AF78600023FB607B680C330121184675
:10B4300010F079F929480FF069FF0346002B04D07A
:10B4400026480FF063FF034600E000237B617B6921
:10B45000002B0ED07B6918460FF08BFF0346002BA4
:10B4600005D07B6918460FF084FF034602E00023F5
:10B4700000E000233B6128E07B695B687A689A42C0
:10B480000BD17B691A46F96814480FF0E2FF7B691B
:10B490000833184610F087F81BE07B69FB603B69B6
:10B4A0007B617B69002B0ED07B6918460FF061FF32
:10B4B0000346002B05D07B6918460FF05AFF034660
:10B4C00002E0002300E000233B617B69002BD3D125
:10B4D00000BF00BF1837BD4680BD00BF380D002437
:10B4E00080B584B000AF786039607B68002B02D1F2
:10B4F0006FF015035DE0314B9A687B68D3F8C83074
:10B500009A4209D110F0A1FB034683F00103DBB29C
:10B51000002B01D0012300E00023FB72FB7A03F033
:10B520000103FB727B68E4330221184610F022F914
:10B530000346BB727B68E4330321184610F01AF906
:10B5400003467B727B68E4330021184610F012F941
:10B55000034683F00103DBB2002B03D06FF012032C
:10B56000FB6025E0BB7A002B09D0FB7A83F0010356
:10B57000DBB2002B03D06FF00F03FB6018E07B7A87
:10B58000002B09D0BB7A83F00103DBB2002B03D080
:10B590006FF00F03FB600BE07B68CC333A68114619
:10B5A00018460FF0F7FE0123FB60786810F060F991
:10B5B000FB6818461037BD4680BD00BF140D00243F
:10B5C00080B5A8B004AFF860B9607A60FB68C7F8CE
:10B5D00084300023C7F88C300023C7F88830964B9E
:10B5E000BB67EFF311837B677B6F3B671023FB66C1
:10B5F000FB6E83F3128800BFBFF36F8F00BF3B6FFA
:10B600003B61BB6FBB6600BFBB6F7B6600BF3B6926
:10B610007B62D7F88430CC3318460FF006FFC7F8AA
:10B620008000D7F88030002B1ED0D7F88430E43368
:10B630000121184610F08BF8D7F88030C7F88C300D
:10B64000D7F88C300C330021184610F080F8D7F86A
:10B650008C300C330221184610F065F8D7F88C3086
:10B660005B68C7F8883034E0D7F88430E4330221CF
:10B67000184610F091F80346002B08D0D7F8843014
:10B68000DC330022012118460FF0F0FF21E0D7F84B
:10B690008430E4330421184610F06CF80346002B84
:10B6A00017D0D7F88430E4330021184610F08AF818
:10B6B0007B6A7B61604B3B667B69FB65FB6DBB65B1
:10B6C000BB6D83F3118800BFBFF36F8F00BF00BF56
:10B6D000ADE0D7F88C30002B12D1D7F8843003F1CD
:10B6E000D4014FF0FF324FF0FF3300200290CDE93C
:10B6F00000230A46796A504802F00CF900BF68E757
:10B700007B6AFB614C4BFB63FB69BB63BB6B7B637D
:10B710007B6B83F3118800BFBFF36F8F00BF00BF47
:10B7200000BFD7F88830D7F88C009847424B7B652C
:10B73000EFF311833B653B6DFB641023BB64BB6C73
:10B7400083F3128800BFBFF36F8F00BFFB6CBB6138
:10B750007B6D7B6400BF7B6D3B6400BFBB697B621C
:10B76000D7F88C300C33002118460FF0DCFFD7F8E7
:10B770008C300C33042118460FF0FCFF0346002BDD
:10B7800003D0D7F88C0010F035F8D7F88C300C3394
:10B79000012118460FF0EEFF0346002B03D0D7F827
:10B7A0008C00FFF73BFED7F88430E43301211846C4
:10B7B0000FF0B9FFD7F88430E433082118460FF0B2
:10B7C000D9FF034683F00103DBB2002B0DD0D7F87D
:10B7D0008430CC3318460FF0AFFD034683F00103ED
:10B7E000DBB2002B01D0012300E0002387F87F307B
:10B7F00097F87F3003F0010387F87F307B6A3B6264
:10B800000D4B3B633B6AFB62FB6ABB62BB6A83F323
:10B81000118800BFBFF36F8F00BF00BF00BF97F854
:10B820007F30002B3FF4D5AE0FF09EFED1E600BF77
:10B830009037BD4680BD00BF380D002480B58EB066
:10B8400008AFF860B9607A603B6001237B61FB68F8
:10B85000CC3318460FF019FDFB68D43318460FF0AF
:10B86000CEFEFB68DC3318460FF0C9FE3B6A002BA6
:10B8700007D03B6A1B79002B03D07B6943F48073AC
:10B880007B61FB68E433796918460FF09BFFF86829
:10B890004FF0FF324FF0FF33CDE90623002304932E
:10B8A0003B6803930023029300230193FB680093FA
:10B8B000164B7A68B9680FF037FE3B6A002B0AD046
:10B8C0003B6A1B68002B06D0FA683B6A1B68194666
:10B8D00010460FF05AFE3B6A002B0AD03B6A5B7998
:10B8E000002B06D0FB689B8943F001039AB2FB68EA
:10B8F0009A81FB6818460FF00CFEFA68FB68C3F8E3
:10B90000C82000BF1837BD4680BD00BFC1B50408C0
:10B9100080B592B000AF78607B68103B7B647B6C35
:10B920003B64214BFB63EFF31183BB63BB6B7B6316
:10B9300010233B633B6B83F3128800BFBFF36F8F11
:10B9400000BF7B6BFB60FB6BFB6200BFFB6BBB62F2
:10B9500000BFFB68BB6100237B613B6C0C330321A0
:10B9600018460FF019FF0346002B08D07B6C9B6A2A
:10B970007B6107F114031946386C0FF0D4FFBB69E3
:10B980003B61094B7B623B693B623B6AFB61FB6944
:10B9900083F3118800BFBFF36F8F00BF00BF00BFEC
:10B9A00000BF4837BD4680BD380D002480B586B045
:10B9B00000AFF860B960C7E9002301237B61BB6871
:10B9C0003B61D7E900234FF000004FF000018B42AC
:10B9D00008BF824205D1F96838690FF0A4FF034619
:10B9E00012E03B690C33032118460FF0B0FEFB68F0
:10B9F0001A68BB689A62BB6803F11000D7E900239C
:10BA0000034902F083FA7B6918461837BD4680BDAA
:10BA100011B9040880B590B000AF78603960002398
:10BA200087F83F307B68BB63BB6B0C330321184640
:10BA30000FF0B2FE0346002B3AD02DE03B681B68A6
:10BA40003B611E4BFB613B69BB61BB697B617B69F1
:10BA500083F3118800BFBFF36F8F00BF00BF00BF2B
:10BA6000164B7B63EFF311833B633B6BFB6210234D
:10BA7000BB62BB6A83F3128800BFBFF36F8F00BF46
:10BA8000FB6AFB607B6B7B6200BF7B6B3B6200BF32
:10BA9000FB681A463B681A607B681033184602F050
:10BAA00035FB034613F10B0FC8D0012387F83F3055
:10BAB00097F83F3018464037BD4680BD380D00240A
:10BAC00080B592B000AFF860B960C7E900231F4BA2
:10BAD0007B63EFF311833B633B6BFB621023BB6221
:10BAE000BB6A83F3128800BFBFF36F8F00BFFB6A8E
:10BAF000BB617B6B7B6200BF7B6B3B6200BFBB6942
:10BB0000FB6107F11C031946B868FFF783FF07F1D3
:10BB10000C00D7E90023B968FFF748FF7864FB6998
:10BB20007B610A4B3B647B69FB63FB6BBB63BB6B59
:10BB300083F3118800BFBFF36F8F00BF00BF00BF4A
:10BB40007B6C18464837BD4680BD00BF380D0024C9
:10BB500080B586B000AFF860C7E90023D7E90023BD
:10BB6000F9680448FFF7ACFF78617B69184618371D
:10BB7000BD4680BD5006002480B590B000AF78600F
:10BB80001B4BFB62EFF31183BB62BB6A7B6210232A
:10BB90003B623B6A83F3128800BFBFF36F8F00BF25
:10BBA0007B6A3B61FB6AFB6100BFFB6ABB6100BF54
:10BBB0003B697B6107F11403194678680FF056FF63
:10BBC000F8637B69FB600A4BBB63FB687B637B6B41
:10BBD0003B633B6B83F3118800BFBFF36F8F00BFE4
:10BBE00000BF00BFFB6B18464037BD4680BD00BF9D
:10BBF000380D002408B50FF06CFF0346002B01D070
:10BC000000230CE0074B1B78002B14BF01230023FB
:10BC1000DBB283F00103DBB203F00103DBB21846B1
:10BC200008BD00BF590D002400B585B00390CDE9D3
:10BC30000023039B03F11800DDE90023044902F00F
:10BC400065F902460B461046194605B05DF804FB3F
:10BC500031D1040882B00190019B044A93420CBF89
:10BC600001230023DBB2184602B07047A004002471
:10BC700000B583B001900091019B002B02D1064BCF
:10BC80009B680193009901980FF0ECFF0023184680
:10BC900003B05DF804FB00BF140D002410B588B09C
:10BCA00003900291019200230793039B1B7C8DF864
:10BCB0001B30029B002B02D0019B002B01D12D4B8E
:10BCC00054E0019B013B01930023059344E02A4A81
:10BCD000059BDB0013449B888DF813309DF81B20D7
:10BCE0009DF813301340DBB2002B31D0029A079B32
:10BCF000D018019A079BD11A1F4A059B52F833208E
:10BD00001D4C059BDB002344DB880FF0CDFF024672
:10BD1000079B134407939DF91330DB435AB29DF9F7
:10BD20001B3013405BB28DF81B309DF81B30002B8D
:10BD30000FD0029A079BD018019A079BD11A0123B2
:10BD40000E4A0FF0B1FF0246079B1344079300E031
:10BD500000BF059B013305939DF81B30002BB6D126
:10BD6000029A079B134400221A70029B184608B0DF
:10BD700010BD00BFCCDE0508BC07060888F5050825
:10BD800090B00390029101920093039B029A9A66ED
:10BD9000039B019ADA66039B009A1A67039B109A29
:10BDA0005A671A4B0C93EFF311830B930B9B0A9377
:10BDB00010230993099B83F3128800BFBFF36F8F91
:10BDC00000BF0A9B05930C9B089300BF0C9B079335
:10BDD00000BF059B06930E4B1A6A039B9A670C4A99
:10BDE000039B1362069B0493084B0F93049B0E93D3
:10BDF0000E9B0D930D9B83F3118800BFBFF36F8FD4
:10BE000000BF00BF00BF00BF10B070474C0D002442
:10BE1000140D002400B58BB0079006910592049391
:10BE2000079810F00EF8079810F010F8109A06997D
:10BE3000079810F010F8079B583318460FF0FAFED9
:10BE40000798109B04220F9910F064F8059A069940
:10BE500007980FF0BEFF0990079BB03318460FF00C
:10BE60002DFE079B0022C3F8B820079B93F90E20F4
:10BE7000079B83F8BC20069907980FF0DCFF069912
:10BE800007980FF0EFFF0E9B02930D9B01930C9B05
:10BE90000093049B099A06990798FAF7AFF9079B54
:10BEA00000225A6507980FF0E3FF07980FF0E5FFAF
:10BEB0000E9B00930D9B0C9A04990798FFF760FF67
:10BEC000119907980FF0DEFF07980FF0E7FF114B6D
:10BED0009B68002B05D1079B0022C3F8A820099B73
:10BEE00014E0109907980FF0DEFF07980FF0E1FFBC
:10BEF000084B9B68D3F8A820079BC3F8A820079895
:10BF00000FF0DCFF07980FF0DEFF099B18460BB01F
:10BF10005DF804FB140D002400B583B00190019B73
:10BF200001221A74019B01229A81019BB0331846A9
:10BF30000FF0C4FD019B0022C3F8B820019B93F9C8
:10BF40000E20019B83F8BC20019B0022C3F89C209B
:10BF5000019B0022C3F8A020019B0022C3F8A82067
:10BF6000034A019B936000BF03B05DF804FB00BF70
:10BF7000140D002400B591B001902A4B9B68019AE2
:10BF80009A4211D1EFF305830F930F9B002B14BF3F
:10BF900001230023DBB283F00103DBB2002B03D0CB
:10BFA000019801F00FFA3AE01F4B0E93EFF3118363
:10BFB0000D930D9B0C9310230B930B9B83F3128813
:10BFC00000BFBFF36F8F00BF0C9B02930E9B0A93C1
:10BFD00000BF0E9B099300BF029B00BF0593019811
:10BFE0000FF0DCFD0346002B14D0059B0493049B4B
:10BFF00003930D4B0893039B0793079B0693069BA4
:10C0000083F3118800BFBFF36F8F00BF00BF00BF75
:10C0100000BF04E000220599019800F055FD11B021
:10C020005DF804FB140D0024400D002400B591B010
:10C030000190224B0F93EFF311830E930E9B0D9300
:10C0400010230C930C9B83F3128800BFBFF36F8FF8
:10C0500000BF0D9B03930F9B0B9300BF0F9B0A9395
:10C0600000BF039B00BF069301980FF097FD0346A6
:10C0700083F00103DBB2002B13D0069B0593059BD5
:10C0800004930E4B0993049B0893089B0793079B0B
:10C0900083F3118800BFBFF36F8F00BF00BF00BFE5
:10C0A00008E001980FF096FD019800F0E9F9069874
:10C0B00000F0FAFE11B05DF804FB00BF400D002453
:10C0C00000B591B00190234B0F93EFF311830E93C2
:10C0D0000E9B0D9310230C930C9B83F3128800BFCF
:10C0E000BFF36F8F00BF0D9B03930F9B0B9300BF9C
:10C0F0000F9B0A9300BF039B00BF069301980FF0AC
:10C1000075FD0346002B0CD001980FF01EFD019821
:10C110000FF07AFD019800F0B3F9069800F0C4FE24
:10C1200013E0069B0593059B04930A4B0993049B1C
:10C130000893089B0793079B83F3118800BFBFF305
:10C140006F8F00BF00BF00BF00BF00BF11B05DF820
:10C1500004FB00BF400D002400B593B0019001988E
:10C160000FF05EFD03468DF84730284B1093EFF338
:10C1700011830F930F9B0E9310230D930D9B83F34D
:10C18000128800BFBFF36F8F00BF0E9B0293109BFE
:10C190000C9300BF109B0B9300BF029B00BF059345
:10C1A00001980FF009FD0346002B13D0059B049363
:10C1B000049B0393154B0A93039B0993099B0893D4
:10C1C000089B83F3118800BFBFF36F8F00BF00BFD0
:10C1D00000BF17E001220599019800F075FC9DF859
:10C1E0004730002B0ED000230793079B0693069B36
:10C1F00083F3118800BFBFF36F8F00BF00BF04231C
:10C20000184602DF13B05DF804FB00BF400D0024A8
:10C2100000B583B0FFF7EEFC034683F00103DBB209
:10C22000002B1FD00FF011FD034683F00103DBB29A
:10C23000002B17D0EFF311830193019B002B0CBF50
:10C2400001230023DBB2002B0CD00A4B9B6818465D
:10C25000FFF700FD034683F00103DBB2002B01D0A2
:10C26000012300E0002303F00103DBB2184603B012
:10C270005DF804FB140D002400B585B00390CDE9F2
:10C280000023039B03F11800DDE90023044901F0BA
:10C290003DFE02460B461046194605B05DF804FB0C
:10C2A00031D1040886B00190019B0493124B9B6826
:10C2B000049AC3F8C020104B9B686FF00A02C3F8C1
:10C2C000C4200E4B5B680D4A43F08053536000233B
:10C2D0000393039B0293029B83F3118800BFBFF378
:10C2E0006F8F00BF00BF044B9B68D3F8C430059329
:10C2F000059B184606B07047140D002400ED00E0C1
:10C3000000B587B00190084B0593019B0393059BF3
:10C31000049300BF039B1846FFF7C4FF034618466B
:10C3200007B05DF804FB00BF400D002400B591B0DC
:10C33000514B0793514B9B68194607980FF07DFEB0
:10C3400006904E4B9B6818460FF0C2FE26E0069BF7
:10C3500005934A4B9B680493059B0393049B93F9B5
:10C360000E300293039B93F90E300193029A019BC6
:10C370009A4203D0019A029BD31A00E00023002BBB
:10C3800007DD059B3D4A9268114618460FF08BFE6B
:10C390000DE0069907980FF050FE0690069B002BC3
:10C3A000D5D1364B9B68194607980FF067FE00BF42
:10C3B00001230F93304B0E9300230D930E980FF033
:10C3C0002BFE0C900C9B002B01D00C9B0D930D9B16
:10C3D00000BF0B930B980FF0D3FF0B900B9B002B20
:10C3E00002D1264BDB6800E00B9B0A930A9B099362
:10C3F0000F9B0893089B002B01D0012322E01F4BC9
:10C400009B6818460FF0DDFE0346002B01D0012388
:10C4100018E01A4B9B6818460FF0A5FE0346002B48
:10C4200005D109980FF0ABFE0346002B01D0012384
:10C4300008E009980FF0D7FE0346002B01D0012336
:10C4400000E00023002B0ED00C4B9B680A9A9A4206
:10C4500002D00A9810F06BF90A980FF08CFF074A87
:10C460000A9B536103E0054B9B68044A536100BF7C
:10C4700000BF11B05DF804FB2C0D0024140D002446
:10C4800000B595B0019001980FF0EBFE034683F0E4
:10C490000103DBB2002B00F0C68001980FF0BBFE59
:10C4A0000346002B00F0BF80019B0B930B980FF00D
:10C4B000E4FE0B980FF059FF0346002B52D00B9B64
:10C4C0000A930A9B09935A4B08930A9B079308986F
:10C4D0000FF0A2FD0346002B04D008980FF09CFD3E
:10C4E000034600E00023069333E0079B0593069B79
:10C4F0000493059B93F90E300393049B93F90E303C
:10C500000293039A029B9A4203D0029A039BD31A86
:10C5100000E00023002B06DD069B079A1146184613
:10C520000FF0C1FD1DE0069B002B10D0069B1946A5
:10C5300008980FF091FD0346002B06D0069B194684
:10C5400008980FF089FD034602E0002300E0002375
:10C550000693069B002BC8D1079B194608980FF03D
:10C560008DFD00BF00BF00231393314B12930023B6
:10C57000119312980FF050FD1090109B002B01D0DA
:10C58000109B1193119B00BF0F930F980FF0F8FEB3
:10C590000F900F9B002B02D1264BDB6800E00F9B16
:10C5A0000E930E9B0D93139B0C930C9B002B01D0B1
:10C5B000012322E01F4B9B6818460FF002FE034642
:10C5C000002B01D0012318E01A4B9B6818460FF08E
:10C5D000CAFD0346002B05D10D980FF0D0FD034690
:10C5E000002B01D0012308E00D980FF0FCFD03465D
:10C5F000002B01D0012300E00023002B0ED00D4BB7
:10C600009B680E9A9A4202D00E9810F090F80E98FD
:10C610000FF0B1FE074A0E9B536103E0054B9B6888
:10C62000044A536100BF00BF15B05DF804FB00BFB2
:10C630002C0D0024140D002400B591B001900023AE
:10C6400006931F4B0F93EFF311830E930E9B0D93E5
:10C6500010230C930C9B83F3128800BFBFF36F8FE2
:10C6600000BF0D9B03930F9B0B9300BF0F9B0A937F
:10C6700000BF039B05931BE001980FF091FE03465A
:10C68000002B02D10198FFF7FBFE059B04930C4B96
:10C690000993049B0893089B0793079B83F31188D6
:10C6A00000BFBFF36F8F00BF00BF00BF0123069321
:10C6B000069B002BE0D000BF00BF11B05DF804FB6B
:10C6C000400D002400B591B0019001980FF0C9FD14
:10C6D0000346002B19D0019B0F930F980FF0D9FD43
:10C6E0000F980FF042FE0346002B0DD00F9B0E93C8
:10C6F0000E9B0D933A4A0E9B0C930B920C9B184683
:10C700000FF0F7FC00BF00BF00BF364B9B68019ADB
:10C710009A420CBF01230023DBB20A93304B0993EA
:10C720000023089309980FF077FC0790079B002BD4
:10C7300001D0079B0893089B00BF069306980FF053
:10C740001FFE0690069B002B02D1264BDB6800E003
:10C75000069B0593059B04930A9B0393039B002B65
:10C7600001D0012322E01F4B9B6818460FF029FDE2
:10C770000346002B01D0012318E01A4B9B68184692
:10C780000FF0F1FC0346002B05D104980FF0F7FCE5
:10C790000346002B01D0012308E004980FF023FD8D
:10C7A0000346002B01D0012300E00023002B0ED014
:10C7B0000C4B9B68059A9A4202D005980FF0B7FF80
:10C7C00005980FF0D8FD074A059B536103E0054B20
:10C7D0009B68044A536100BF00BF11B05DF804FBC1
:10C7E0002C0D0024140D002410B5ACB00190009164
:10C7F0009D4B9B6818460FF0D6FC0346002B00F0BB
:10C800001E81994B9C68984B9B6818460FF0BDFCA5
:10C810000346002B01D0082300E010232A948DF852
:10C82000A7306B46289300238DF89F302A9B1A7CF3
:10C830009DF8A7301340DBB2002B40F000812A9B0B
:10C840001A7C9DF8A7301343DAB22A9B1A742A98EF
:10C850000FF007FD0346002B19D02A9B269326983C
:10C860000FF017FD26980FF080FD0346002B0DD02A
:10C87000269B2593259B24937C4A259B23932292D8
:10C88000239B18460FF035FC00BF00BF00BF9DF88A
:10C89000A730082B5BD12A9B9B68002B02D02A98DB
:10C8A0000FF03DFD289B002B39D031E0289B1B6801
:10C8B0000593059B04936E4B2193049B2093209B2F
:10C8C0001F931F9B83F3118800BFBFF36F8F00BFBF
:10C8D00000BF00BF00BF664B1E93EFF311831D9393
:10C8E0001D9B1C9310231B931B9B83F3128800BF7B
:10C8F000BFF36F8F00BF1C9B03931E9B1A9300BF57
:10C900001E9B199300BF039B00BF1A46289B1A6009
:10C910002A980FF01BFC034613F10B0FC6D02A9B7D
:10C92000583318460FF031FE4F4B9B682A9A9A42B3
:10C930000DD1EFF305831893189B002B14BF01232F
:10C940000023DBB2002B02D001238DF89F3001239E
:10C950001793464B16930023159316980FF05CFB24
:10C960001490149B002B01D0149B1593159B00BFB2
:10C97000139313980FF004FD1390139B002B02D117
:10C98000394BDB6800E0139B1293129B1193179BAA
:10C990001093109B002B01D0012322E0324B9B68A7
:10C9A00018460FF00EFC0346002B01D0012318E0BF
:10C9B0002D4B9B6818460FF0D6FB0346002B05D184
:10C9C00011980FF0DCFB0346002B01D0012308E097
:10C9D00011980FF008FC0346002B01D0012300E062
:10C9E0000023002B0ED0204B9B68129A9A4202D053
:10C9F00012980FF09CFE12980FF0BDFC1A4A129B81
:10CA0000536103E0184B9B68174A536100BF9DF8C0
:10CA1000A730102B03D12A980FF0BDFC0FE02A9805
:10CA200009F07DF92A9801F0CDF89DF89F30002B90
:10CA300002D01048FFF770FA2A980FF0ACFC009B68
:10CA40000793079B06930A4B0F93069B0E930E9B2F
:10CA50000D930D9B83F3118800BFBFF36F8F00BF51
:10CA600000BF00BF00BF25E0140D00242C0D0024E2
:10CA7000400D002468050024EFF311830A930A9BFC
:10CA8000099310230893089B83F3128800BFBFF318
:10CA90006F8F00BF099B2B930EF0C5FA2B9B0C9355
:10CAA0000C9B0B930B9B83F3118800BFBFF36F8F1D
:10CAB00000BF00BF01980FF076FB0346002BDBD1CF
:10CAC00000BF00BF2CB010BD00B5BBB003900291F9
:10CAD00013468DF80730039B5833399303980FF0B2
:10CAE00055FC03980FF05CFC3890389B002B2ED03F
:10CAF000039B1B7C9DF80720002A01D0202200E028
:10CB000040221343DAB2039B1A74EFF30583379381
:10CB1000379B002B14BF01230023DBB2002B04D072
:10CB200002990398FFF760FE08E08E4B9B683999E5
:10CB300018460FF08FFC0298FFF7E2FB00BF039846
:10CB40000FF004FB034613F10B0FF8D08FE19DF8B3
:10CB50000730002B01D0082200E01022039B3693FF
:10CB600013468DF8D73002AB349300238DF8CF30C5
:10CB7000369B1A7C9DF8D7301340DBB2002B40F077
:10CB80000781369B1A7C9DF8D7301343DAB2369B67
:10CB90001A7436980FF065FB0346002B19D0369BAC
:10CBA000329332980FF075FB32980FF0DEFB03469C
:10CBB000002B0DD0329B3193319B30936A4A319BCD
:10CBC0002F932E922F9B18460FF093FA00BF00BFB1
:10CBD00000BF9DF8D730082B5BD1369B9B68002B9C
:10CBE00002D036980FF09BFB349B002B39D031E0FC
:10CBF000349B1B680793079B06935C4B2D93069B06
:10CC00002C932C9B2B932B9B83F3118800BFBFF39A
:10CC10006F8F00BF00BF00BF00BF544B2A93EFF3DC
:10CC200011832993299B289310232793279B83F310
:10CC3000128800BFBFF36F8F00BF289B05932A9B0C
:10CC4000269300BF2A9B259300BF059B00BF1A4671
:10CC5000349B1A6036980FF079FA034613F10B0FE4
:10CC6000C6D0369B583318460FF08FFC3D4B9B685F
:10CC7000369A9A420DD1EFF305832493249B002B1F
:10CC800014BF01230023DBB2002B02D001238DF857
:10CC9000CF3001232393344B2293002321932298F6
:10CCA0000FF0BAF92090209B002B01D0209B2193FC
:10CCB000219B00BF1F931F980FF062FB1F901F9BCB
:10CCC000002B02D1274BDB6800E01F9B1E931E9BAD
:10CCD0001D93239B1C931C9B002B01D0012322E05E
:10CCE000204B9B6818460FF06CFA0346002B01D0CE
:10CCF000012318E01B4B9B6818460FF034FA0346DB
:10CD0000002B05D11D980FF03AFA0346002B01D0F5
:10CD1000012308E01D980FF066FA0346002B01D0AE
:10CD2000012300E00023002B0ED00E4B9B681E9ABF
:10CD30009A4202D01E980FF0FAFC1E980FF01BFBCF
:10CD4000084A1E9B536103E0064B9B68054A5361EA
:10CD500000BF9DF8D730102B0AD136980FF01BFB7F
:10CD600016E000BF140D00242C0D0024400D0024FB
:10CD7000369808F0D4FF369800F024FF9DF8CF30A5
:10CD8000002B02D03C48FFF7C7F836980FF003FBA2
:10CD90003A4B9B68039A9A4255D1EFF305831B9354
:10CDA0001B9B002B14BF01230023DBB283F0010384
:10CDB000DBB2002B47D003980FF0A7FA0346002BF5
:10CDC0003DD0029B0A930A9B09932D4B1293099B1A
:10CDD0001193119B1093109B83F3118800BFBFF335
:10CDE0006F8F00BF00BF00BF00BF00231493149BD0
:10CDF0001393139B83F3118800BFBFF36F8F00BFA2
:10CE000000BF0423184602DF1D4B1A93EFF3118372
:10CE10001993199B189310231793179B83F3128868
:10CE200000BFBFF36F8F00BF189B08931A9B169328
:10CE300000BF1A9B159300BF089B00BF0293029886
:10CE4000FFF75EFA13E0029B0C930C9B0B930C4BC9
:10CE50000F930B9B0E930E9B0D930D9B83F31188E9
:10CE600000BFBFF36F8F00BF00BF00BF00BF00BF98
:10CE70003BB05DF804FB00BF68050024140D0024DE
:10CE8000400D002482B0074B5B690193054B9B6802
:10CE9000019A9A4214BF01230023DBB2184602B064
:10CEA000704700BF140D002400B583B001900199B4
:10CEB00002480FF09EFA03B05DF804FB400D002419
:10CEC00000B58BB0019000230993324B08930023E7
:10CED000079308980FF0A0F80690069B002B01D04E
:10CEE000069B0793079B00BF059305980FF048FA30
:10CEF0000590059B002B02D1274BDB6800E0059BCA
:10CF00000493049B0393099B0293029B002B01D083
:10CF1000012322E0204B9B6818460FF052F903468C
:10CF2000002B01D0012318E01B4B9B6818460FF023
:10CF30001AF90346002B05D103980FF020F9034698
:10CF4000002B01D0012308E003980FF04CF90346B1
:10CF5000002B01D0012300E00023002B0ED00E4B4C
:10CF60009B68049A9A4202D004980FF0E0FB049860
:10CF70000FF001FA084A049B536103E0064B9B68DB
:10CF8000054A536100BF0198FFF78EFF00BF0BB049
:10CF90005DF804FB2C0D0024140D002400B599B09D
:10CFA000604B0893EFF311830793079B06931023BD
:10CFB0000593059B83F3128800BFBFF36F8F00BFFB
:10CFC000069B0193089B049300BF089B039300BF3B
:10CFD000019B00BF0293544B0F93544B9B6819461F
:10CFE0000F980FF02AF80E90504B9B6818460FF0E0
:10CFF0006FF826E00E9B0D934C4B9B680C930D9B9A
:10D000000B930C9B93F90E300A930B9B93F90E3004
:10D0100009930A9A099B9A4203D0099A0A9BD31A48
:10D0200000E00023002B07DD0D9B404A926811466B
:10D0300018460FF038F80DE00E990F980EF0FDFF2E
:10D040000E900E9B002BD5D1384B9B6819460F983C
:10D050000FF014F800BF01231793334B16930023EE
:10D06000159316980EF0D8FF1490149B002B01D046
:10D07000149B1593159B00BF139313980FF080F921
:10D080001390139B002B02D1284BDB6800E0139B0D
:10D090001293129B1193179B1093109B002B01D09E
:10D0A000012322E0214B9B6818460FF08AF80346C3
:10D0B000002B01D0012318E01C4B9B6818460FF091
:10D0C00052F80346002B05D111980FF058F803468B
:10D0D000002B01D0012308E011980FF084F80346DB
:10D0E000002B01D0012300E00023002B0ED00F4BBA
:10D0F0009B68129A9A4202D012980FF018FB12986D
:10D100000FF039F9094A129B536103E0074B9B6802
:10D11000064A536100BF0298FFF7F2F800BF19B04A
:10D120005DF804FB400D00242C0D0024140D002498
:10D1300000B591B00190019B183B0F93002305931C
:10D14000204B0E93EFF311830D930D9B0C93102343
:10D150000B930B9B83F3128800BFBFF36F8F00BF4D
:10D160000C9B02930E9B0A9300BF0E9B099300BF7A
:10D17000029B04931EE0019801F02CF8034683F013
:10D180000103DBB2002B02D00F980FF0D9F9049BFA
:10D1900003930C4B0893039B0793079B0693069BF3
:10D1A00083F3118800BFBFF36F8F00BF00BF00BFC4
:10D1B00001230593059B002BDDD000BF00BF11B0FC
:10D1C0005DF804FB400D002400B591B0039002917E
:10D1D0000192EFF305830F930F9B002B14BF0123E4
:10D1E0000023DBB2002B0ED000230E930E9B0D9379
:10D1F0000D9B83F3118800BFBFF36F8F00BF00BF8B
:10D200000423184602DF174B9B68174A1360174B1D
:10D210000B93EFF311830A930A9B0993102308934E
:10D22000089B83F3128800BFBFF36F8F00BF099B79
:10D2300005930B9B079300BF0B9B069300BF00BF9A
:10D24000084B9868DDE9122301990FF066F9039BFA
:10D250000C9300BF0298FFF753F80346184611B02D
:10D260005DF804FB140D0024480D0024400D00243B
:10D2700000B595B001900023139300230693254B2E
:10D280001293EFF311831193119B109310230F93BB
:10D290000F9B83F3128800BFBFF36F8F00BF109BFB
:10D2A0000393129B0E9300BF129B0D9300BF039B31
:10D2B000059327E0019B0C9300230B930C980EF031
:10D2C000ABFE0A900A9B002B01D00A9B0B930B9B91
:10D2D0001393139B002B02D013980FF020F8059B9B
:10D2E00004930C4B0993049B0893089B0793079B9B
:10D2F00083F3118800BFBFF36F8F00BF00BF00BF73
:10D3000001230693069B002BD4D0139B184615B01F
:10D310005DF804FB400D002400B593B0019000239C
:10D32000119300230693264B0F93EFF311830E9373
:10D330000E9B0D9310230C930C9B83F3128800BF5C
:10D34000BFF36F8F00BF0D9B03930F9B0B9300BF29
:10D350000F9B0A9300BF039B059329E001980EF0F1
:10D36000F8FF10900EE010980EF0D9FF10980EF014
:10D37000EDFE1098FFF784F80123119301980EF049
:10D38000E8FF1090109B002BEDD1059B04930C4BF4
:10D390000993049B0893089B0793079B83F31188C9
:10D3A00000BFBFF36F8F00BF00BF00BF0123069314
:10D3B000069B002BD2D0119B184613B05DF804FBDE
:10D3C000400D002400B599B00190514B0A93EFF342
:10D3D00011830993099B089310230793079B83F3F9
:10D3E000128800BFBFF36F8F00BF089B03930A9B97
:10D3F000069300BF0A9B059300BF039B00BF0493E5
:10D4000001980EF052FF01980EF0C0FF019B0F93A0
:10D410000F980EF03EFF0F980EF0A7FF0346002B6B
:10D420000DD00F9B0E930E9B0D933A4A0E9B0C93BF
:10D430000B920C9B18460EF05CFE00BF00BF00BFB5
:10D4400001231793334B16930023159316980EF070
:10D45000E3FD1490149B002B01D0149B1593159B96
:10D4600000BF139313980EF08BFF1390139B002BA8
:10D4700002D1294BDB6800E0139B1293129B11939E
:10D48000179B1093109B002B01D0012322E0224B0D
:10D490009B6818460EF095FE0346002B01D0012331
:10D4A00018E01D4B9B6818460EF05DFE0346002BEE
:10D4B00005D111980EF063FE0346002B01D0012325
:10D4C00008E011980EF08FFE0346002B01D00123D7
:10D4D00000E00023002B0ED00F4B9B68129A9A425B
:10D4E00002D012980FF023F912980EF044FF0A4A66
:10D4F000129B536103E0084B9B68074A536100BFCE
:10D500000498FEF7FDFE00BF19B05DF804FB00BFF4
:10D51000400D00242C0D0024140D002400B585B00E
:10D520000390CDE90023039B03F11800DDE90023FC
:10D53000044900F0EBFC02460B461046194605B0C4
:10D540005DF804FB31D1040886B00190019B04937F
:10D55000124B9B68049AC3F8C020104B9B686FF075
:10D560000A02C3F8C4200E4B5B680D4A43F0805397
:10D57000536000230393039B0293029B83F3118860
:10D5800000BFBFF36F8F00BF00BF044B9B68D3F891
:10D59000C4300593059B184606B07047140D00244F
:10D5A00000ED00E000B587B00190084B0593019BAA
:10D5B0000393059B049300BF039B1846FFF7C4FF2A
:10D5C0000346184607B05DF804FB00BF400D002479
:10D5D00030B58FB0CDE90001DDE900234FF0000048
:10D5E0004FF000018B4208BF824206D10EF0F3FFDC
:10D5F0004FF000044FF0000556E02E4B0A93EFF376
:10D6000011830993099B089310230793079B83F3C6
:10D61000128800BFBFF36F8F00BF089B03930A9B64
:10D62000069300BF0A9B059300BF039B00BF0493B2
:10D63000214B9B68214A13601F4B9B681846FFF7DC
:10D6400041F81D4B9968DDE900230846FFF766FFA6
:10D6500002460B4613460C93174B9B6818460EF078
:10D66000BFFF0498FFF79EFFDDE900234FF0FF3076
:10D670004FF0FF318B4208BF824204D14FF0FF349C
:10D680004FF0FF3510E00FF033FA02460C9B9B1A67
:10D690000B930B9B0D930D9B002B01DA00230D9335
:10D6A0000D9BDA171C46154622462B461046194696
:10D6B0000FB030BD400D0024140D0024480D00248F
:10D6C00080B582B000AF054B7B6078680EF094FFA8
:10D6D00000BF00BF0837BD4680BD00BF2C0D002431
:10D6E00080B48FB000AF00233B611E4B7B63EFF330
:10D6F00011833B633B6BFB621023BB62BB6A83F30A
:10D70000128800BFBFF36F8F00BFFB6A7B607B6B2B
:10D710007B6200BF7B6B3B6200BF7B68FB6018E0F5
:10D72000114B9B68DA7B013AD2B2DA73FB68BB60BB
:10D730000C4BFB61BB68BB61BB697B617B6983F39D
:10D74000118800BFBFF36F8F00BF00BF00BF012370
:10D750003B613B69002BE3D000BF00BF3C37BD46B7
:10D7600080BC7047400D0024140D002480B588B0A3
:10D7700000AF144BFB61EFF31183BB61BB697B61AD
:10D7800010233B613B6983F3128800BFBFF36F8FA7
:10D7900000BF7B693B60FB69FB6000BFFB69BB604E
:10D7A00000BF3B6800BF7B60074B9B68DA7B0132A0
:10D7B000D2B2DA737868FFF783FB00BF2037BD462B
:10D7C00080BD00BF400D0024140D002480B400AFC4
:10D7D000024B9B681846BD4680BC7047140D002460
:10D7E00080B594B000AFF860B9607A603B60002308
:10D7F000BB640023FB61464B3B64EFF31183FB6387
:10D80000FB6BBB6310237B637B6B83F3128800BFCE
:10D81000BFF36F8F00BFBB6B3B613B6C3B6300BFD3
:10D820003B6CFB6200BF3B69BB6168E0FB6818466C
:10D830000EF002FF0346002B05D0FB6818460EF0E1
:10D84000FBFE034600E00023FB64FB6C002B12D0C0
:10D85000FB68FA6C114618460EF013FF0346002BC6
:10D8600007D0FB68FA6C114618460EF00AFF034613
:10D8700002E0002300E000237B6421E0BB683968FC
:10D88000F86C9847B864BB6C002B1DD17B6CFB64B3
:10D89000FB6C002B12D0FB68FA6C114618460EF098
:10D8A000F0FE0346002B07D0FB68FA6C11461846C1
:10D8B0000EF0E7FE034602E0002300E000237B6455
:10D8C000FB6C002BDAD100E000BF7B68002B03D09B
:10D8D0007B683968B86C9847BB697B610C4BBB624D
:10D8E0007B697B627B6A3B623B6A83F3118800BF82
:10D8F000BFF36F8F00BF00BF00BF0123FB61FB6957
:10D90000002B93D0BB6C18465037BD4680BD00BF7E
:10D91000400D002480B588B002AFF860B9607A602D
:10D92000D7E90823CDE900237A68B968F868FFF7DA
:10D930004BFC7861BB6A002B04D0054B9B685A698D
:10D94000BB6A1A607B6918461837BD4680BD00BFA8
:10D95000140D002480B483B000AF78607B68054A62
:10D9600093420CBF01230023DBB218460C37BD469F
:10D9700080BC7047A004002480B485B000AF7860FC
:10D98000044B1B68FB60FB6818461437BD4680BC1F
:10D99000704700BFF401002480B582B000AF78600A
:10D9A00078680EF091FE0346002B0BD17868FFF7E4
:10D9B000D1FF0346002B05D17868FFF7DDFF034652
:10D9C000002B01D1002319E078680EF06DFE0346AC
:10D9D000002B12D07B6893F90E301A46094B1B6856
:10D9E000194610460EF095FE034683F00103DBB2A4
:10D9F000002B02D0044B1B6800E0002318460837B8
:10DA0000BD4680BD400D0024F401002480B485B0E3
:10DA100000AF78607B68084A9B1ADB10074A02FB5C
:10DA200003F3FB60064AFB68134401221A7000BF2F
:10DA30001437BD4680BC704730060024ABAAAAAAA2
:10DA4000440D0024B0B584B000AF7860184B1B7C47
:10DA5000FB60FA6813465B001344DB00154A13446D
:10DA6000184600F053FB7B68002B17D0124AFB6866
:10DA700013441B781A467B689B1ABB60FA681346EE
:10DA80005B001344DB000B4A9818BB68DA171C468E
:10DA9000154622462B46094900F038FA064AFB682B
:10DAA000134400221A7000BF1037BD46B0BD00BF3E
:10DAB000140D002430060024440D00240DDA04085F
:10DAC00080B594B000AF3B4B7B64EFF311833B64B4
:10DAD0003B6CFB631023BB63BB6B83F3128800BFFB
:10DAE000BFF36F8F00BFFB6B3B607B6C7B6300BF42
:10DAF0007B6C3B6300BF3B6800BF7B612E4B9B6828
:10DB0000BB642E4B1B68BA6C9A4216D1B86C0EF0EF
:10DB10000EFE7B69BB60BB687B60264BFB627B684B
:10DB2000BB62BB6A7B627B6A83F3118800BFBFF371
:10DB30006F8F00BF00BF00BF39E0204B00221A608A
:10DB40000023FB641C4B1B7C1A461D4B9B5C002B6B
:10DB500003D0B86CFFF720FFF864FB6C002B12D0E9
:10DB6000B86C0EF0B1FD034683F00103DBB2002B6D
:10DB700009D0FEF7DBFB104B5B69BA6C9A4202D10D
:10DB8000F86CFFF75FFF7B693B613B69FB60094B0A
:10DB90003B62FB68FB61FB69BB61BB6983F3118876
:10DBA00000BFBFF36F8F00BF00BF00BF00BF503783
:10DBB000BD4680BD400D0024140D0024480D0024F6
:10DBC000440D002480B491B000AF7860284BBB6353
:10DBD000EFF311837B637B6B3B631023FB62FB6A78
:10DBE00083F3128800BFBFF36F8F00BF3B6BFB60F6
:10DBF000BB6BBB6200BFBB6B7B6200BFFB687B6122
:10DC00001C4B1B6A7A689A4205D11A4B1B6A9B6FA0
:10DC1000184A136215E0174B1B6AFB6302E0FB6BAB
:10DC20009B6FFB63FB6B002B04D0FB6B9B6F7A68D5
:10DC30009A42F4D1FB6B002B03D07B689A6FFB6B8D
:10DC40009A677B693B610A4B3B623B69FB61FB69FD
:10DC5000BB61BB6983F3118800BFBFF36F8F00BF47
:10DC600000BF00BF00BF4437BD4680BC704700BF47
:10DC70004C0D0024140D002480B59EB000AFF86058
:10DC8000B96011461A460B46FB711346BB713F4BF8
:10DC9000FB66EFF31183BB66BB6E7B6610233B66AE
:10DCA0003B6E83F3128800BFBFF36F8F00BF7B6EA4
:10DCB000FB61FB6EFB6500BFFB6EBB6500BFFB69D4
:10DCC0007B62334B1B6A7B6748E0002387F8733025
:10DCD000BB79002B06D097F8733083F00103DBB2D9
:10DCE000002B37D1FB79002B2FD07B6ABB61274BF0
:10DCF000FB63BB69BB63BB6B7B637B6B83F311888B
:10DD000000BFBFF36F8F00BF00BF00BFFB68B968E3
:10DD1000786F98471D4B7B65EFF311833B653B6D37
:10DD2000FB641023BB64BB6C83F3128800BFBFF39A
:10DD30006F8F00BFFB6C7B617B6D7B6400BF7B6D75
:10DD40003B6400BF7B697B6205E0FB68B968786F64
:10DD5000984700E000BF7B6F9B6F7B677B6F002B5A
:10DD6000B3D17B6A3B62094B3B633B6AFB62FB6A54
:10DD7000BB62BB6A83F3118800BFBFF36F8F00BF24
:10DD800000BF00BF00BF7837BD4680BD4C0D0024EA
:10DD9000140D002480B400AF054B1B68002B0CBF92
:10DDA00001230023DBB21846BD4680BC704700BF8C
:10DDB000F801002480B400AF054B1B68B3F1FF3FAE
:10DDC00014BF01230023DBB21846BD4680BC704758
:10DDD000F801002480B400AF034B1B6823F001035B
:10DDE0001846BD4680BC7047500D002480B400AF7B
:10DDF000054B1B6843F001031A46034B1A6000BF32
:10DE0000BD4680BC704700BF500D002480B582B075
:10DE100000AF04480EF0ECFC78607B6818460837C9
:10DE2000BD4680BDFC01002480B584B000AF7860A1
:10DE30007B68194604480EF000FDF860FB68184640
:10DE40001037BD4680BD00BFFC0100242DE9B04362
:10DE500086B000AFF860C7E90023F968D7E900236E
:10DE6000C1E90223FFF7D2FF786136E07B69D3E98D
:10DE70000223F968D1E90201904271EB03031BDA36
:10DE80007B69D3E90201FB68D3E90223841A61EBC1
:10DE900003057B69C3E902457B69FA6811461846A8
:10DEA0000EF0F7FCFFF7B2FF0246FB6893420CBF8F
:10DEB00001230023DBB221E0FB68D3E902017B6987
:10DEC000D3E90223B0EB020861EB0309FB68C3E965
:10DED00002897869FFF7A8FF78617B69002BC5D1BB
:10DEE000FB68194608480EF0BBFCFFF78FFF02469F
:10DEF000FB6893420CBF01230023DBB2184618379E
:10DF0000BD46BDE8B08300BFFC0100242DE9B04F41
:10DF1000A8B000AFF863B963C7E90C234FF0000263
:10DF20004FF00003C7E92623D7E90C014FF0FF3477
:10DF30004FF0FF3522462B46994208BF904204D14C
:10DF40004FF000024FF00003D6E0FA6BBB6B136199
:10DF500000233B656B4B7B67EFF311833B673B6FA4
:10DF6000FB661023BB66BB6E83F3128800BFBFF352
:10DF70006F8F00BFFB6E7B647B6F7B6600BF7B6F28
:10DF80003B6600BF7B6CFB64B0E0002387F89330F6
:10DF9000D7E90C23002B3BDB0EF0C3FCC7F8940041
:10DFA000012387F89330D7E90C23D7F89410002089
:10DFB000B962F862D7E90A01044612EB040A43EB9E
:10DFC000010BFFF7E7FE034683F00103DBB2DBB290
:10DFD00000223B627A62D7E908341A461AEB020241
:10DFE0003A6023464BEB03037B60D7E90034C7E973
:10DFF0002234454BD3E90001D7E922238418BC61C0
:10E0000041EB0303FB61D7E90634C7E9263436E068
:10E01000D7E90C23104619463B4BD3E9002310EBFC
:10E02000020841EB03096FF001024FF0FF33B2EB3E
:10E0300008023A6163EB09037B61D7E90434C7E95D
:10E0400022340123C7F88430D7E92223C7E91E23ED
:10E05000D7F88430DA17BB60FA60D7E91E23D7E916
:10E06000024521468A42294673EB010101DA224624
:10E070002B46C7E92223D7E90C23C7E92623D7E992
:10E080002223F86BFFF7E2FE0346002B1BD0FFF7BD
:10E0900091FE034683F00103DBB2002B13D097F807
:10E0A000933083F00103DBB2002B03D00EF039FC78
:10E0B000C7F89400D7F894000EF0D7FC034600216F
:10E0C00018460CF0ACFCFB6CBB640E4BFB65BB6CE8
:10E0D000BB65BB6D7B657B6D83F3118800BFBFF3B0
:10E0E0006F8F00BF00BF00BF01233B653B6D002B5E
:10E0F0003FF44BAFD7E9262310461946A037BD465B
:10E10000BDE8B08F4C0D00244806002480B592B0C5
:10E1100000AF78606FF015037B640023BB612C4B6C
:10E12000FB63EFF31183BB63BB6B7B6310233B6328
:10E130003B6B83F3128800BFBFF36F8F00BF7B6B15
:10E14000FB60FB6BFB6200BFFB6BBB6200BFFB684D
:10E150007B6135E078680EF0CCFB034683F0010369
:10E16000DBB2002B11D078680EF0E9FB034687F88C
:10E17000433000237B6497F84330002B05D00EF02A
:10E18000D0FB034618460EF0A3FCFFF723FE024621
:10E190007B68934201D1FFF729FE7B693B610C4B01
:10E1A0007B623B693B623B6AFB61FB6983F31188DD
:10E1B00000BFBFF36F8F00BF00BF00BF0123BB6173
:10E1C000BB69002BC6D07B6C18464837BD4680BD66
:10E1D0004C0D002480B491B000AF7860002387F824
:10E1E0003F3000237B61224BBB63EFF311837B63E2
:10E1F0007B6B3B631023FB62FB6A83F3128800BFD7
:10E20000BFF36F8F00BF3B6BBB60BB6BBB6200BFDC
:10E21000BB6B7B6200BFBB683B611EE07B6843F069
:10E2200001031A46134B1B689A420CBF01230023BB
:10E2300087F83F303B69FB600D4B3B62FB68FB613D
:10E24000FB69BB61BB6983F3118800BFBFF36F8FAC
:10E2500000BF00BF00BF01237B617B69002BDDD0C5
:10E2600097F83F3018464437BD4680BC704700BF22
:10E270004C0D0024500D00242DE9B04394B000AFA4
:10E2800078603960444A7B681360444B00221A600E
:10E290005FE00EF093FBF864FA6C3F4B1B689A4208
:10E2A00002D93D4B1B68FB64F86C0EF0A7FBFB6CBE
:10E2B000DA171C4615463A4BD3E9002314EB020843
:10E2C00045EB0309364BC3E90089334B1A68FB6CF5
:10E2D000D31A314A136036E0BB6C1B697B64314A48
:10E2E000BB6C13603B68FB602F4BBB62FB687B62BF
:10E2F0007B6A3B623B6A83F3118800BFBFF36F8F79
:10E3000000BF00BF00BF7B6CB86C9847264B3B64D6
:10E31000EFF31183FB63FB6BBB6310237B637B6BAE
:10E3200083F3128800BFBFF36F8F00BFBB6BBB606E
:10E330003B6C3B6300BF3B6CFB6200BFBB683B6058
:10E34000184B00221A600EF077FBB864BB6C002BF0
:10E35000C2D1114B1B68002B9BD1104B4FF0FF32E9
:10E360001A6000200EF0B4FB3B683B610E4BFB6172
:10E370003B69BB61BB697B617B6983F3118800BF2B
:10E38000BFF36F8F00BF00BF00BFFFF799FB50378F
:10E39000BD46BDE8B08300BF4C0D0024F801002449
:10E3A00048060024500D00244C0D00242DE9B043F4
:10E3B00090B000AF4FF000024FF00003C7E90E230A
:10E3C00000233B61234B7B63EFF311833B633B6B88
:10E3D000FB621023BB62BB6A83F3128800BFBFF3EA
:10E3E0006F8F00BFFB6A7B607B6B7B6200BF7B6BC8
:10E3F0003B6200BF7B68FB6021E00EF092FA0346AF
:10E4000000221C461546144BD3E9002314EB0208E6
:10E4100045EB0309C7E90E89FB68BB600D4BFB6147
:10E42000BB68BB61BB697B617B6983F3118800BFFB
:10E43000BFF36F8F00BF00BF00BF01233B613B698B
:10E44000002BDAD0D7E90E23104619464037BD46D7
:10E45000BDE8B0834C0D0024480600242DE9F04FA0
:10E46000A7B000AFF860FB68C7F89430894BC7F8D5
:10E470008830EFF31183C7F88430D7F88430C7F8B9
:10E4800080301023FB67FB6F83F3128800BFBFF35C
:10E490006F8F00BFD7F880303B62D7F88830BB67FA
:10E4A00000BFD7F888307B6700BF3B6AFB62F86823
:10E4B0000EF03FFC034683F00103DBB2002B05D1D5
:10E4C000F868FFF787FE0346002B10D0FB6A7B62DB
:10E4D000704B3B677B6AFB66FB6EBB66BB6E83F370
:10E4E000118800BFBFF36F8F00BF00BFCEE0D7F829
:10E4F0009430D3E90A234FF000004FF000018B4223
:10E5000008BF824252D0D7F89430D3E90A234FF0A3
:10E51000FF304FF0FF318B4208BF824246D0D7F820
:10E520009430D3E90A23C7E906230EF0F9FBD7E9B3
:10E53000062386183E6041EB03037B60D7E9001297
:10E540000B46012B134673F1000322DB0EF0E8FBB0
:10E55000D7E9062310EB020A41EB030B1AF1020F75
:10E560005BF1004310DA0EF0DBFBD7E9062310EB7A
:10E57000020841EB03096FF001024FF0FF33B2EBE9
:10E58000080463EB090508E04FF000044FF0004574
:10E5900003E06FF001044FF0FF35C7E90645D7F8F7
:10E5A0009400D7E906233C49FFF7B0FCD7F8943034
:10E5B0001B6B5A1CD7F894301A63D7F894301B6A37
:10E5C000002B34D0D7F894301B6AC7F89030FB6A20
:10E5D0007B61304BFB647B69BB64BB6C7B647B6C95
:10E5E00083F3118800BFBFF36F8F00BF00BF00BF70
:10E5F000D7F89030D7F894009847264B7B66EFF316
:10E6000011833B663B6EFB651023BB65BB6D83F3DB
:10E61000128800BFBFF36F8F00BFFB6D3B617B6E45
:10E620007B6500BF7B6E3B6500BF3B69FB62D7F833
:10E630009430183318460EF0BFFBC7F88C00D7F89B
:10E640008C30002B11D0D7F88C000EF09AFBD7F845
:10E650008C303B640023FB633B6CFA6BC3F8C42033
:10E6600000BFD7F88C00FDF70BFFFB6ABB62094BBC
:10E67000BB63BB6A7B637B6B3B633B6B83F3118840
:10E6800000BFBFF36F8F00BF00BF00BF9C37BD4608
:10E69000BDE8F08F540D00245DE4040880B590B00F
:10E6A00000AFF860C7E90023D7E900234FF0FF303F
:10E6B0004FF0FF318B4208BF824200D13CE0204B3B
:10E6C0003B63EFF31183FB62FB6ABB6210237B6247
:10E6D0007B6A83F3128800BFBFF36F8F00BFBB6AF2
:10E6E0007B613B6B3B6200BF3B6BFB6100BF7B69A7
:10E6F000BB61FB681846FFF709FDF968D7E91223EB
:10E70000C1E90A23FB6800221A63F868D7E90023ED
:10E710000C49FFF7FBFBBB693B61094BFB633B69A2
:10E72000BB63BB6B7B637B6B83F3118800BFBFF361
:10E730006F8F00BF00BF00BF4037BD4680BD00BF28
:10E74000540D00245DE4040880B59EB000AF7860ED
:10E75000444B3B67EFF31183FB66FB6EBB661023F4
:10E760007B667B6E83F3128800BFBFF36F8F00BFA1
:10E77000BB6EBB603B6F3B6600BF3B6FFB6500BF82
:10E78000BB68FB617B681846FFF7C0FC0346002BA3
:10E7900010D0FB69FB60334BBB65FB687B657B6D11
:10E7A0003B653B6D83F3118800BFBFF36F8F00BFE4
:10E7B00000BF54E07B685B6A002B2ED0FB697B6155
:10E7C000284B7B637B693B633B6BFB62FB6A83F398
:10E7D000118800BFBFF36F8F00BF00BF00BF7B6811
:10E7E0005B6A786898471F4BFB64EFF31183BB6447
:10E7F000BB6C7B6410233B643B6C83F3128800BFCB
:10E80000BFF36F8F00BF7B6C3B61FB6CFB6300BF92
:10E81000FB6CBB6300BF3B69FB617B681833184628
:10E82000FEF726FD78677B6F002B07D0786FFDF72A
:10E8300003FFF9690B480DF0DCFD10E0FB69BB61DB
:10E84000084BBB62BB697B627B6A3B623B6A83F3BA
:10E85000118800BFBFF36F8F00BF00BF00BF7837C4
:10E86000BD4680BD540D002480B590B000AFF86067
:10E87000B9607A60FB680C33BB63EFF311837B6391
:10E880007B6B3B631023FB62FB6A83F3128800BF40
:10E89000BFF36F8F00BF3B6B7B61BB6BBB6200BF85
:10E8A000BB6B7B6200BF7B693B62FB689B687A68DD
:10E8B0001340FB63FB689A687B68DB431A40B968C6
:10E8C0007B680B401343BB60BB68BB610023FB61EB
:10E8D000F86807F1180300220949FEF781FFBA69B9
:10E8E000FB69DB431A40FB689A60FB680C33396AAA
:10E8F00018460DF07EFDFB6B18464037BD4680BDC7
:10E900009BCE050880B582B002AF064B00934FF056
:10E91000FF334FF4806204490448FCF78FFF00BFC7
:10E92000BD4680BDFC070608C02300245006002415
:10E9300088422DE9F04314D98B18834211D9032A58
:10E9400000EB020100F28E80541E42B1E4430A46FD
:10E950001C4413F8011D02F8011DA342F9D1BDE8C2
:10E96000F083032A13D80346551E002AF7D0013539
:10E97000013B0D4411F8012B03F8012F8D42EED01D
:10E9800011F8012B03F8012F8D42F3D1E7E741EA9B
:10E99000000515F003053ED10F2A40F2AA8000F1D0
:10E9A0000F035B1A1E2B40F28380A2F1100E4FEA78
:10E9B0001E1909F1010984460B46D3E90046D3E943
:10E9C00002780135A9458CE8D00103F110030CF160
:10E9D000100CF2D801F110072EF00F03F91812F005
:10E9E0000C0F034402F00F0403F110035ED00A6819
:10E9F0001A60221F032A07D94A685A60A4F1080244
:10EA0000032A84BF8A689A6024F0030211441344E5
:10EA100004F00302A8E7551E052D2AD9441E641AE6
:10EA2000022C84460B4624D922F0030697088C1941
:10EA300053F804EB4CF804EBA342F9D1B242A5EB36
:10EA4000060500EB06048AD011F8272000F82720DD
:10EA5000002D84D05A786270012D80D09B78A370ED
:10EA6000BDE8F08341EA0304A4079E4603D0541E88
:10EA70006CE703467BE7A2F1040C2CF00307CF1BE5
:10EA80004FEA9C0C0C46254653F8046D44F8046D7F
:10EA9000AF42F8D1CCEB8C7301EB83010EEB830E0C
:10EAA000AEF10403043902F003024DE722465BE7AE
:10EAB000A2F1100E01F110072EF00F0620310E44C6
:10EAC0003B4600F1100153F8105C41F8105C53F81C
:10EAD0000C5C41F80C5C53F8085C41F8085C53F896
:10EAE000045C41F8045C1033B34201F11001EAD137
:10EAF00072E7034614467AE770B586074FD084184C
:10EB0000844604E003F8011B9D0704D09C4664453D
:10EB10006346F7D170BD013A0244A2EB0C02032A0E
:10EB20002FD9CCB204EB04240F2A04EB044438D9C7
:10EB3000A2F11006350901359C464FF0000E0EF18A
:10EB4000010EAE45CCE90044CCE902440CF1100CB6
:10EB5000F5D326F00F06103312F00C0F334402F0F9
:10EB60000F051AD02A1F032A1C6005D9A5F1080237
:10EB7000032A5C6088BF9C6005F0030225F0030552
:10EB80002B44541E002AC5D0C9B21970002CC1D024
:10EB9000012C597018BF997070BD2A46F1E70346E1
:10EBA000BDE71546DEE700BF034B1B5C03F0030324
:10EBB000012B08BF2030704788080608032A30B4AC
:10EBC00012D941EA0004A40784460B4621D1194614
:10EBD000604653F8044B5CF8045BA54219D1043A33
:10EBE000032AF4D860461946541E7AB1431E0139EF
:10EBF000021901E09A4209D013F8010F11F801CF70
:10EC00006045F7D0A0EB0C0030BC7047002030BC52
:10EC10007047541EEAE700BF11F0FF01034600F001
:10EC2000030239D08ABB026810B501EB012E0EEB4E
:10EC30000E4E8EEA0204A2F1013323EA0203A4F18C
:10EC4000013222EA0402134313F0803F0FD150F83F
:10EC5000044F84EA0E0CA4F10133ACF1013223EA33
:10EC6000040322EA0C02134313F0803FEFD0037831
:10EC700023B936E010F8013F002B32D09942F9D188
:10EC800010BD8A4228D09A0729D01A781846013335
:10EC9000002AF6D110467047CAB90268A2F10133C2
:10ECA00023EA020313F0803F08D150F8042FA2F1A9
:10ECB000013323EA020313F0803FF6D003785BB1FF
:10ECC00010F8013F002BFBD17047990705D018467B
:10ECD00013F8012B002AF8D170471846DDE71846D3
:10ECE000A1E7184610BD00BF08B503468F2B00F200
:10ECF0009280DFE813F05A01580156015401520185
:10ED000050014E014C014A014801460144014201B3
:10ED100040013E013C013A01380136013401320123
:10ED200030012E012C012A01280126012401220193
:10ED300020011E011C011A01180116011401120103
:10ED40009000900090009000900090009000900043
:10ED500010010E0190009000900090009000900033
:10ED600090009000900090009000900090000C01A6
:10ED70000A0108010601040102010001FE00FC0075
:10ED8000FA00F800F60090009000F4009000900067
:10ED9000F20090009000900090009000F000EE00D3
:10EDA000EC00EA00E800E6009000E400E200E00089
:10EDB00090009000DE009000900090009000900085
:10EDC000900090009000DC00DA00D800D600D4005B
:10EDD000D200D000CE00CC00CA00C800C600C400DB
:10EDE000C200C000BE00BC00BA00B800B600B4004B
:10EDF000B200B000AE00AC00900090009000900017
:10EE00009000AA00900090009000A800A600A40026
:10EE1000A200A0009E00002A00F0CB8067480028D6
:10EE200000F0C5801846AFF30080002800F0BF80D6
:10EE300008BD634808BD634808BD634808BD634812
:10EE400008BD634808BD634808BD634808BD634802
:10EE500008BD634808BD634808BD634808BD6348F2
:10EE600008BD634808BD634808BD634808BD6348E2
:10EE700008BD634808BD634808BD634808BD6348D2
:10EE800008BD634808BD634808BD634808BD6348C2
:10EE900008BD634808BD634808BD634808BD6348B2
:10EEA00008BD634808BD634808BD634808BD6348A2
:10EEB00008BD634808BD634808BD634808BD634892
:10EEC00008BD634808BD634808BD634808BD634882
:10EED00008BD634808BD634808BD634808BD634872
:10EEE00008BD634808BD634808BD634808BD634862
:10EEF00008BD634808BD634808BD634808BD634852
:10EF000008BD634808BD634808BD634808BD634841
:10EF100008BD634808BD634808BD634808BD634831
:10EF200008BD634808BD634808BD634808BD634821
:10EF300008BD634808BD634808BD634808BD634811
:10EF400008BD634808BD634808BD634808BD634801
:10EF500008BD634808BD634808BD634808BD6348F1
:10EF600008BD634808BD634808BD634808BD6348E1
:10EF700008BD634808BD634808BD634808BD6348D1
:10EF800008BD634808BD634808BD634808BD6348C1
:10EF900008BD634808BD634808BD634808BD6348B1
:10EFA00008BD634808BD634808BD634808BD6348A1
:10EFB00008BDF7F78FFA624A02442FE7000000000D
:10EFC00014FE050800FE0508E8FD0508D4FD050847
:10EFD0004CFE0508A4F90508DCF8050884FD0508C1
:10EFE000B8FD050818F8050848FD05089CFD05084A
:10EFF000C0FA050874FE0508C8F6050890F605086D
:10F00000B0F70508B0F80508A0F7050888FE050860
:10F01000F4F70508C8F9050860FD050830FD050886
:10F0200000FD0508DCFC0508C4FC0508A4FC050877
:10F0300084FC050854FC050830FC050814FD05088F
:10F0400028FE050818FC0508FCFB0508E8FB050878
:10F05000CCFB0508A4FB050864FB050844FB050878
:10F060001CFB0508F4FA0508E8FA0508D4FA0508B7
:10F07000B0FA05089CFA05088CFA05087CFA050820
:10F0800064FA050850FA050844FA050824FA050848
:10F0900010FA0508F8F905084CFC0508E8F9050818
:10F0A000E0F90508BCF9050890F9050874F90508A8
:10F0B00060F9050830F9050824F9050814F9050870
:10F0C000FCF80508ECF80508C4F80508A0F80508E0
:10F0D00090F8050878F8050858F8050838F8050884
:10F0E000E0F70508D0F7050890F7050880F7050850
:10F0F0006CF7050860F7050848F7050830F70508BC
:10F1000024F7050810F70508FCF60508E8F60508D9
:10F11000BCF60508ACF605087CF6050868F6050897
:10F120004CF6050840F6050828F6050818F6050807
:10F13000FCF50508F0F50508E8F50508CCDE05083E
:10F140000C00000000221146FFF7CEBD8AB330B597
:10F1500040EA0104A40786460B4617D1032A07D8C4
:10F1600014E0043A23D01CF0803F20D1032A26D992
:10F17000DEF80040194653F8045BA4F1013CAC42B0
:10F1800070462CEA040C0EF1040EEAD003780C78D9
:10F19000013AA34208BF121807D00CE06BB110F877
:10F1A000013F11F8014FA34205D19042F6D1002052
:10F1B00030BD10467047181B30BD184630BD704634
:10F1C0001946E3E738B540EA01039B07044622D11C
:10F1D000032A20D98C46DCF80050A5F1013323EA3C
:10F1E000050313F0803F61460CF1040C14D1043A7E
:10F1F000032A40F8045BEED861464B1E4AB113F86F
:10F20000011F00F8011B013A0029F7D10AB1FFF7ED
:10F2100073FC204638BD20464B1EEFE771B1034614
:10F2200001EB000C01E0634506D01A46013311786A
:10F230000029F8D1101A7047181A7047084670470D
:10F240002DE9F04F012BADF21C4D1C4681468B463B
:10F25000904640F250810120002605464FF0FF31D4
:10F26000034605E0581A1E460125AB19A3420ED2EB
:10F2700008EB050218F80370525CBA42F2D87FD04E
:10F280000120314605460644AB19A342F0D34FF0A6
:10F29000010E002675464FF0FF37734606E0A3EBDC
:10F2A000070E1E460125AB199C420FD908EB05023B
:10F2B00018F803C0D25D6245F1D367D04FF0010E5C
:10F2C000374675467644AB199C42EFD807F1010AE0
:10F2D00001318A45734638BF0346029338BF8A46D8
:10F2E00006ABC3E900440DF5836208339342F8D1BD
:10F2F0006CB1601E404408F1FF3212F8011FA31ADE
:10F30000013B06AD4344824245F82130F5D1029BD2
:10F31000524608EB03014046FFF750FC002840F03E
:10F32000898044F400630493029BE31A0746054670
:10F33000661EABEB04000393A84212D309EB050E43
:10F3400006AA1EF8063052F823302BB327B1029AD2
:10F350009342039A38BF13461D44A8424FF000075A
:10F36000ECD209EB0B000499FFF758FF8344ABEB99
:10F370000400A842E2D200200DF21C4DBDE8F08F3F
:10F38000A84212BF0135361801256EE7AE4512BFFF
:10F3900001357644012586E757453B4638BF53463D
:10F3A000B34218D2591EEA1841444A44019502E07A
:10F3B0000133B3420ED012F8015B11F801CFAC4516
:10F3C000F6D09E42019D06D9CAF101022A44D51801
:10F3D0000027B1E7019D57450AF1FF3380F089808E
:10F3E00005EB0A024A4408EB0A010195CDF814A086
:10F3F00002E09F4213D0534611F801CD12F8015D8F
:10F40000AC4503F1FF3AF4D0019DDDF814A00133BF
:10F4100001379F4209D8029B039F1D448CE70137A7
:10F420009F42019DDDF814A0F5D970460DF21C4DE8
:10F43000BDE8F08FA4EB0A03534538BF53460133B0
:10F4400004930AF1FF33019344F400630293CAF179
:10F450000103661E0025ABEB04000393A8420AD308
:10F4600009EB050C06AA1CF8063052F823306BB1E4
:10F470001D44A842F4D209EB0B000299FFF7CEFE1F
:10F480008344ABEB0400A842EAD274E7B24516D23B
:10F49000019B05EB0A0208EB03014A44534602E0D4
:10F4A0000133B3420BD212F8017B11F801EFBE45D4
:10F4B000F6D09E4203D9039A15441D44D9E7019B17
:10F4C000013311D005EB0A01494408EB0A0201E0BF
:10F4D000434509D012F801ED11F8017DBE451346F0
:10F4E000F6D0049B1D44B9E760460DF21C4DBDE803
:10F4F000F08F53468CE7012302934FF0000AEFE6AA
:10F500002DE9F0410D46097890B0044600294AD013
:10F510006A78002A4BD0AB78002B67D0E8780028B7
:10F520004AD02B79002B7AD02846F0F769FE0646A0
:10F5300040F400712046FFF771FE864251D8FE2E3E
:10F5400000F28280801B27184022711C6846FFF75A
:10F55000D3FA6EB16A1E5FFA86FC901912F8013F69
:10F5600003F03F036B44A91A614490421970F5D12E
:10F57000013CA35D03F03F036B441B781C44A7428E
:10F5800003D240E04444A7423DD314F806C00CF037
:10F590003F0CEC443246294620469CF80080FFF799
:10F5A0000DFB0028EED1204610B0BDE8F08110B070
:10F5B000BDE8F041FFF730BB120442EA0162217856
:10F5C00042EA032341EA0002002937D0B3EB022FBD
:10F5D00014F8011F4FEA0220F4D1033CE3E79A42FA
:10F5E0000FD00024204610B0BDE8F081007842EA38
:10F5F00001420028F3D040EA03439A4214F8010F75
:10F60000F7D1023CCFE7BB5DB819002BE9D04FF42E
:10F610000061FFF703FE0744A742A9D2E1E7227881
:10F62000002ADED0296809BA42EA0323204614F8EA
:10F63000012F32B19942F7D1C41EB4E78342D0D131
:10F64000CBE79942CDD1F7E7014633462A4620461B
:10F6500010B0BDE8F041FFF7F3BD00BF0FB400B537
:10F6600083B004AA054B52F8041B1868019200F0FD
:10F67000CDF903B05DF804EB04B070476C040608E4
:10F680000CB430B58BB00D4620220446002102A8F0
:10F69000FFF732FA134B03930222002D8DF80A2054
:10F6A00006941DDB10D0013D2C440FAA0E99019247
:10F6B00002A8079400F0AAF9069B00221A700BB06A
:10F6C000BDE8304002B070470FAA0E99079402A817
:10F6D000019200F09BF90BB0BDE8304002B07047DA
:10F6E0000024E2E7F90A05080EB470B58BB00FAC40
:10F6F000054654F8046B2022002102A8FFF7FCF90C
:10F7000001238DF80A303146064B049302A82246A5
:10F710000695019400F054FE0BB0BDE8704003B0B4
:10F72000704700BFE50A0508242AF0B504464AD808
:10F73000012A48D0314825462E4615F801CB10F84D
:10F740000CE01EF0080E6346F6D1BCF12B0F2CD056
:10F75000BCF12D0F27D0302B2CD0002A08BF0A2255
:10F7600000200AE0384616B9FB18184601D34EF0BF
:10F77000020E1CF8013B2C466546392BAC46A0FB1B
:10F78000027603D9013B43F02003263B303B9A42EB
:10F79000E8D801B10C601EF0010F18BF40421EF006
:10F7A000020F19D1F0BD4FF0010E2B78302B06F16E
:10F7B0000205D2D1287840F02000782815D0002A00
:10F7C00008BF0822CCE7F6F785FE0D4B16221A502B
:10F7D00001B10C600020F0BDF6F77CFE084A03463C
:10F7E0002221D1504FF0FF30F0BD32F01000E6D1B1
:10F7F0006B782C4610220235B2E700BF8808060855
:10F800000C000000242AF0B507460C465ED8012AF9
:10F810005CD03D48BC4666461CF8011B455C15F0B3
:10F8200008050B46F7D12B2935D02D2932D0302BA6
:10F8300037D0002A14BF16460A260020014611E0E0
:10F84000A0FB067E384671463AB9FF185EF1000EFD
:10F8500028BF0122384671460AB145F002056746C5
:10F860001CF8013B392B03D9013B43F02003263B15
:10F87000303B9E4220D900220029E1D0A6FB01E1C5
:10F88000A0FB06701EEB000E41F100010029D9D04B
:10F890000122D7E701259CF80030302B06F1020C3D
:10F8A000C7D19CF8001041F02001782922D0002A0D
:10F8B00014BF16460826C0E704B12760EA0702D540
:10F8C000404261EB4101AB070AD4F0BDF6F702FEFE
:10F8D0000E4B16221A5004B1276000200146F0BDDD
:10F8E000F6F7F8FD094A034622214FF0FF30D150C8
:10F8F0000146F0BD32F01001D9D19CF801306746C5
:10F9000010260CF1020C98E7880806080C0000008D
:10F9100070B503F01F05082D84468E4665D0C3F1EF
:10F920003703102DDCB2104644D04FEA9C034FEA57
:10F930005C0243EA8E7342EACE729A184FEA5E0185
:10F9400041EB9E01130943EA01739A1841EB11112F
:10F95000130A43EA01639A1841EB1121130C43EA9D
:10F9600001439B1841EB1141CB185FFA8CF241F136
:10F9700000014FEAD30C4CEA417C0CEB8C03A2EB68
:10F980004303DBB2A3F10A02D2B2A518092B03F19B
:10F9900030064FEAD10E05F1300520D91CF1010CDB
:10F9A0004EF1000E092A9ABF263300F8013B00F8F9
:10F9B000015BBAE70CF00F03092B88BF1B194FEA54
:10F9C0001C1242EA0E724FEA1E1188BFDBB2944647
:10F9D00030330A4300F8013B8E46EBD170BD5CEA40
:10F9E0000E0300F8016BA0D170BD10460CF00703A8
:10F9F0004FEADC0C4CEA4E7C30334FEADE0E00F866
:10FA0000013B5CEA0E03F1D170BD00BF2DE9F04F60
:10FA10008378D0F804909F078BB040F132810B4679
:10FA2000804613F8010B0C46002800F0D88300250F
:10FA300000920DE01C464146C847002805F101052B
:10FA4000C0F21981234613F8010B002800F01B8136
:10FA50002528EFD16678252E04F10204EBD04FF073
:10FA6000000BDA465F461F2F5DD97F2F00F28A8098
:10FA7000A6F13003092B11D87E0600F1328114F86B
:10FA8000016B0AEB8A0A03EB4A0A47F02007A6F14A
:10FA90003003002E00F0E180092BF0D92A2E00F06F
:10FAA0000E812E2E00F0C381A6F14C032E2B00F206
:10FAB0002581DFE813F061002301230123012301E5
:10FAC0002301230123012301230123012301230116
:10FAD0002301230123012301230123012301230106
:10FAE00023012301230123012301230123015101C8
:10FAF0002301610023015D0123012301230123016F
:10FB0000230123012301CD0023012301230123012C
:10FB10002301CD0047F0020714F8016B47F00407FA
:10FB2000002E00F09A80A6F12003102BA0D801A28D
:10FB300052F823F019FB040871FA040871FA04085A
:10FB40008FFC040871FA040871FA040871FA0408B9
:10FB500051FC040871FA040871FA040871FA0408E7
:10FB600015FB040871FA0408AFFC040871FA0408D4
:10FB700071FA04089FFC040814F8016B47F420771D
:10FB8000002E6AD0A6F14C032E2B00F2B78001A202
:10FB900052F823F079FB0408FDFC0408FDFC04087E
:10FBA000FDFC0408FDFC0408FDFC0408FDFC040841
:10FBB000FDFC0408FDFC0408FDFC0408FDFC040831
:10FBC000FDFC0408FDFC0408FDFC0408FDFC040821
:10FBD000FDFC0408FDFC0408FDFC0408FDFC040811
:10FBE000FDFC0408FDFC0408FDFC0408FDFC040801
:10FBF000FDFC0408FDFC0408FDFC0408FDFC0408F1
:10FC0000FDFC040851FD0408FDFC040879FB040810
:10FC1000FDFC040869FD0408FDFC0408FDFC040863
:10FC2000FDFC0408FDFC0408FDFC0408FDFC0408C0
:10FC3000FDFC040845FE0408FDFC0408FDFC040866
:10FC4000FDFC0408FDFC0408FDFC040845FE040856
:10FC500014F8016B002E7FF406AF002641462520E4
:10FC6000C847002807DB30464146C847002805F151
:10FC70000205BFF6E7AE98F8023043F0040388F8B7
:10FC800002304FF0FF3528460BB0BDE8F08F14F876
:10FC9000016B47F01007002E7FF445AFDDE714F845
:10FCA000016B47F00107002E7FF43DAFD5E714F854
:10FCB000016B47F00807002E7FF435AFCDE70099C0
:10FCC000780651F8042B40F1C38014F8016B002E24
:10FCD00000F05D82A6F13003092B009193463FF6B8
:10FCE000DDAE14F8016B0BEB8B0B03EB4B0B002E13
:10FCF000B3D0A6F13003092BF3D9CFE646F02003A9
:10FD0000BBF1000FA3F1650204DA27F04007BFB290
:10FD10004FF0000B022A33D9612B31D0A6F16302D8
:10FD2000122A00F2FC81DFE812F02E01A500FA0190
:10FD3000FA01FA01FA01A500FA01FA01FA01FA0141
:10FD4000FA01F0014E01FA01FA013801FA01EF005F
:10FD5000FE0548BF47F4007714F8016B47F480773D
:10FD6000002E7FF40FAF78E73B0648BF47F40077DB
:10FD700014F8016B47F08007002E7FF403AF6CE7A7
:10FD8000009B03F1070B2BF0070B0BF1080300930B
:10FD9000BA4B4FF0070B3807514618D4D34516D24B
:10FDA0004E461F46D14602E0834508D28246414670
:10FDB0002020B04700280AF1FF30F5DA5BE749461A
:10FDC00001350D443B46B146A5EB0A0501461E46EA
:10FDD00003EB0B0701944C4699462B468A46354661
:10FDE0001E4605E015F8010BA0470028FFF643AFBB
:10FDF000BD424146F6D14B463246A1462E46D31A65
:10FE0000019C1E44AAEB0B0A3546B2444E4605E05F
:10FE1000B047002805F10105FFF62DAFAAEB050359
:10FE2000002B41464FF02000F2DCB1460AE67A068C
:10FE30003FF529AF14F8016B47F04007002E7FF41F
:10FE400058AF0AE714F8016B002E7FF40EAE04E7FA
:10FE5000002AC0F2228114F8016B47F02007002E1F
:10FE600000F09581A6F13003092B009192467FF6B0
:10FE700006AE13E63A06009B00F13B811A46F905EF
:10FE800052F8043B019200F1FD811846DB1727F080
:10FE900010018AB2002B0092C0F2868150EA030161
:10FEA00040F05E827B0640F1D581BBF1000F40F04F
:10FEB000168227F01107BBB2009359465B46DDF866
:10FEC00000C040F206470CF008001CEA070F02468B
:10FED00000F06D820131002800F0C781AAEB010A11
:10FEE0000293009B13F0020F14BF2B20202013F469
:10FEF000806F18BF2D204146C8470028029B05F19E
:10FF0000010680F2B180B6E627F01007BFB20A23DF
:10FF100017F080025CD017F40071009A00F0CC80DA
:10FF2000073222F00702516852F8080B019207F0DD
:10FF3000400C50EA0102CDF800C06CD16246002AA4
:10FF400054D0BBF1000F40F0BB803B0740F1D181A2
:10FF50005B4604AAD618234637464C469346994634
:10FF600005E017F8010DA0470028FFF684AEBB4559
:10FF70004146F6D14B465A46A1462E441C46019BAB
:10FF80000093B61A40E7009A52F8043B8DF81030FF
:10FF90004FF0010B009204ABFDE6009E384A56F884
:10FFA000043B002B08BF134617F0400F18BF5946FB
:10FFB000184608BF4FF0FF310193FFF72FF9019B5F
:10FFC00000968346E7E647F01007102378269FE760
:10FFD000009951F8040B019117F48071A7D017F420
:10FFE00000711ABFC0B2114680B2A0E727F0160711
:10FFF000BAB20092002004AA00210292FFF788FC06
:020000040805ED
:10000000029A831A009911F0080100F09080AAEB7F
:10001000030A2E4628E004AA0292FFF779FC029A0E
:100020000099831A002973D027F0070189B25B4534
:100030000091C0F2D680F90640F13F81009A02F0AB
:100040000802002E40F0A980591C002A00F02381EC
:10005000AAEB010A302041460093C8470028009BC4
:1000600005F10106FFF607AE9B4540F37E810BEBE1
:1000700006054F46ED1A994607E000BFA8FE0508A1
:10008000A0FE0508AE4200F0848041463020B8470B
:10009000002806F10106F5DAEDE514F8016BC2F16E
:1000A000000A47F02807002E71D0A6F13003092B73
:1000B00000917FF6E4ACF1E452F8040B019236E7CC
:1000C00004AA002100200092FFF722FC009A27F0EA
:1000D0001701831A89B29B45009140F3EE80002EF0
:1000E00040F02781390740F18680AAEB0B0A2E46A3
:1000F000BDE7B80540F1DA80073323F007031A465D
:100100005B6852F8080B0192C1E608230026FFE65F
:1001100027F0060189B20091F9068FD472E7782B97
:100120007FF49CADC6F1780343F01003F0E600982D
:10013000C00740F121819A45AAEB030025DD03EBBE
:10014000000B002900F020814FF0000A41463020CA
:100150000093C8470028FFF68EAD009B002E00F0EC
:10016000AA80304641460093C8470028009B05F10D
:100170000206BFF679AF7EE50098C70740F10E8111
:10018000D345AAEB0B00DADB04AA8246E2E6009133
:1001900063E54B4604AAB946DCE6991C002A00F048
:1001A0009180AAEB010AD1E7404263EB430142F49C
:1001B0008063009304AA0A230292FFF7A9FB029A24
:1001C000831A009A500640F1C480009A22F001027E
:1001D00092B29B4559460092B8BF19466FE6054654
:1001E00051E5002E40F0908038073FF57EAF27F0B4
:1001F0001707BAB20092594600268A4540F3D380C9
:10020000CDE902342B464C460D4689461F4602E096
:10021000524508DA154641462020A047002805F13E
:100220000102F5DA27E538462F4605464946AAEB8E
:10023000020A0135009A6D1A3D44D706A146DDE950
:10024000023483D4114640F2064211427FF448AE94
:100250002E4609E704AA0A23002100200292FFF794
:1002600057FB029A811A0B4629E65FEACC77604673
:1002700032D58A45AAEB01006DDD03EB000B104679
:1002800082462DE6BA054BBF58B218B243F3C013ED
:1002900043F3C033FBE5009AD00756D55145AAEB8E
:1002A00001025FDA03EB020BB2464FE753F8040B8F
:1002B0000193C317EBE56E1CD6E639076CD5AAEBA4
:1002C000030A47E6009AD20752D55145AAEB01002E
:1002D00044DB82469B4639E78A4591DCFEE504AA69
:1002E0000A23002000210292FFF712FB029A831AD0
:1002F0006BE7BAF1000F7FF72BAE27F01707BBB201
:10030000009359465B467BE7FA0640D538070BF168
:1003100002013FF546AF8A453FF772AFAAEB010AEB
:10032000302041460093C8470028009BBFF619AF14
:10033000A1E45A4601F0080081B200283FF41CAF46
:10034000AAEB0B0A2E4693468EE65145FFF658AFB0
:100350007EE61946B3E59B468246C1E51021EEE6EE
:10036000194627E792469B46F0E6354604AAF1E592
:100370005145FFF645AF14E79A45D8BFAAEB030AEB
:100380007FF766AF19463BE72E468A466CE6009932
:100390005A4601F00800CFE719462EE7D34509DA9F
:1003A000594693462CE7AAEB010A2E465CE65A46CC
:1003B0008B46C1E7AAEB0B0A2E46934654E600BFD4
:1003C0002DE9F04F0D4687B015F8016B002E00F0B7
:1003D000D3824FF00008DFF8ACA2CDE90082964648
:1003E00081460A462F461AF8064014F008041BD12D
:1003F000252E06D192F801B0BBF1250F02F10207BC
:1004000063D1484600F046FB021E55DBD2B2B24231
:1004100008F1010840F009823A46174617F8016BC7
:10042000002EE0D100984DE0484600F033FB031E5B
:1004300008F10102F0DB1AF803301C0740F16F816C
:100440004846904600F026FB031E08F10102F2DA4E
:10045000E2E73B4613F801BB1F46BBF1000FE1D0BA
:1004600089485946FEF7D8FB0028DBD014F0010379
:10047000039300F0A980BBF16E0FCDD0002302934F
:10048000BBF1630F00F06381BBF15B0F00F0FE80F6
:10049000484600F0FFFA031E08F101020CDB1AF8CF
:1004A00003301B0740F1A4804846904600F0F2FA62
:1004B000031E08F10102F2DA009B002B14BF18465C
:1004C0004FF0FF3007B0BDE8F08FBBF12A0F00F00E
:1004D000AE80ABF13002D2B2092A98BF002600F2FA
:1004E000AB8017F801BB06EB8606ABF1300302EBDD
:1004F0004606DAB2092A44F00204F2D9ABF14C0202
:100500002E2AAAD801A151F822F000BF61060508E1
:100510005B0405085B0405085B0405085B0405082B
:100520005B0405085B0405085B0405085B0405081B
:100530005B0405085B0405085B0405085B0405080B
:100540005B0405085B0405085B0405085B040508FB
:100550005B0405085B0405085B0405085B040508EB
:100560005B0405085B0405085B0405085B040508DB
:100570005B0405085B0405085B0405086F060508B5
:100580005B0405083F0605085B0405084D060508E1
:100590005B0405085B0405085B0405085B040508AB
:1005A0005B0405085B0405085B04050853040508A3
:1005B0005B0405085B0405085B0405085B0405088B
:1005C0005B04050853040508019DBBF16E0F55F847
:1005D000043B029318BF01957FF452AF2BB114F086
:1005E000100200F0CB8183F8008001953A4614E7B1
:1005F0004946ABF1640B049200F086FA049ABBF111
:10060000110F00F2C180DFE81BF0FE00BF00BF0049
:10061000BF00BF002901BF00BF00BF00BF00BF0077
:100620001501BF00BF00BF003C01BF00FE0092F8F3
:1006300002B0D71C01244CE74FF0FF365EE73B4683
:1006400044F0080413F801BB1F4606E797F800B012
:10065000BBF16C0F00F07F8144F004040137FCE62D
:100660003B4644F00C0413F801BB1F46F5E697F82F
:1006700000B0BBF1680F00F0688144F0200401373E
:10068000EBE600BF88080608B0FE05083A785E2A47
:1006900006BF01374FF0010B4FF0000B7C1C00250B
:1006A000484600F0F7F93B780028A8BF08F1010898
:1006B0006BB322464FF0000C1946984203DB884288
:1006C000D8BF4CF0010C12F8013B03B3A242F3D0A7
:1006D0005D2B28D02D2BEFD112F8013BBBB1A242EC
:1006E00004D05D2B1FD02D2B00F02C819E460B4695
:1006F0007146E2E7002834464946A8BF08F1FF38B2
:100700003E46049F00F000FA220600F1FF8099F8AF
:10071000023013F00C0F7FF4CFAE0098D2E64946BA
:1007200000F0F2F978E60028C0F29D81E34500F080
:100730009381029B13B103F8010B0293013E4FF02A
:100740000105ADD10299B1B100230B7013E014F093
:10075000020F08BF0126029C4644484600F09AF961
:100760000028FFF6A9AE08F101080CB104F8010B4E
:10077000B045F2D13A46039B002B7FF44EAE009B6E
:100780000133DBB2009348E64846049200F082F958
:100790000028C0F2EF802B2800F030812D2800F0D7
:1007A00013813028049A00F0628190461025013EA2
:1007B00006EB08034FF0000B3928049726465F46E6
:1007C0001C46034603D9431E43F02003263B303B1F
:1007D000AB428FD2A5FB0BB113EB0B0B05FB071242
:1007E00042F10007444546F0800600F08C80484600
:1007F00000F050F90028C0F28680392808F101087D
:100800000346E4D9DFE74846049200F043F90028A4
:1008100009DB2B2800F0E6802D2800F0E780302847
:10082000049A52D090460A25C1E7494600F06CF977
:10083000009847E64846049200F02CF90028C0F2E0
:1008400097802B2800F0A9802D2800F0D380302835
:10085000049A00F0108190460825A8E748460492C3
:1008600000F018F90028DEDB2B2800F0B7802D28D7
:1008700000F0B0803028049AD4D14FF0000B5D46D0
:1008800026E04846029C00F005F9031E464408F1A4
:10089000010112DB1AF80320150700F1F0800CB1FA
:1008A00004F8013BB14200F0F0804846884600F071
:1008B000F1F8031E08F10101ECDA02942346002B43
:1008C0003FF458AF00221A7054E74FF00A0B5D4610
:1008D000B6F1010800F0A9804846049200F0DAF869
:1008E0000028049A27DB0496464640F0200CBCF111
:1008F000780F44F0800402F1010800F09B80002D85
:1009000008BF082553E734463E46049F630616D5C4
:10091000DBF1000B66EB46025946029B002B3FF4CD
:1009200029AFE50602D583F800B023E7200718D5E4
:10093000C3E900121EE74FF0000B90465E463246B8
:100940005946EAE70B462D21B7E697F801B044F087
:100950003004023781E597F801B044F00C04023707
:100960007BE561070FD4A2060DD5A3F800B001E71F
:1009700008251CE710251AE73046A3E5200705D512
:10098000C3E9008231E6C3F800B0F3E6610749D459
:10099000A20647D5A3F8008027E64FF0080B5D4676
:1009A000731E04933FF4B3AE484600F073F800287A
:1009B000FFF6ADAE302808F1020223D0049E904627
:1009C000002D3FF430AFF2E64FF0000B102544F05D
:1009D0004004E5E74FF0000B5D46F8E74FF0000BF1
:1009E0005D46DDE74FF00A0B5D46D9E74FF00A0B95
:1009F0005D46ECE74FF0080B5D46E8E74FF0000B73
:100A00001025CDE7023E04D190464FF0000B5E4624
:100A10007CE74846059200F03DF80028059ABFF6AD
:100A200064AFF1E7C3F80080DFE541468B469046AE
:100A30000A4672E70592BBF1000F7FF4B8AE049B43
:100A40009E1EE2D0484600F025F80028059ADCDB1F
:100A500002F102081025AAE64946049200F054F873
:100A6000049A08F1FF38002D7FF46CAE4FE64FF08A
:100A7000000B10252CE74FF0080B5D4628E7494690
:100A8000029400F041F8029B19E70294884623463D
:100A900015E700BF10B58378DA07044648BF002287
:100AA0001BD5D4E85F3FC4E8512F0029F9D19BB290
:100AB00033B9A36898470028A8BFC0B203DB10BDB4
:100AC000581EC0B210BDA278013014BF0823042301
:100AD0001343A3704FF0FF3010BD43F00403837045
:100AE000F8E700BF02690346107810B101321A61BD
:100AF00070476FF001007047D1E90432934202D091
:100B00005A1C0A61187070478B78DA0716D5431C97
:100B100014D0BFF35B8FC0B2431CD1E85F2F002A13
:100B200004D1C1E85C3FBCF1000FF6D1BFF35B8F8D
:100B300004D18B7823F008038B7070474FF0FF309F
:100B4000704700BF80B400AF00BFBD4680BC704797
:100B500080B582B000AF786039607B689B681B68A5
:100B6000396878689847034618460837BD4680BDFF
:100B700080B582B000AF786039607B689B685B6845
:100B8000396878689847034618460837BD4680BDDF
:100B900080B582B000AF7860396039687868FFF757
:100BA000D7FF034618460837BD4680BD80B582B0E2
:100BB00000AF7860396039687868FFF7D9FF03467D
:100BC00018460837BD4680BD80B400AF00BFBD46A3
:100BD00080BC704780B483B000AF78607B6847F614
:100BE000FF7293428CBF01230023DBB218460C37FF
:100BF000BD4680BC704780B582B000AF78607B682E
:100C0000DB081846FFF7E6FF034618460837BD46DF
:100C100080BD80B582B000AF78607B689B68184665
:100C2000FFF7D8FF034618460837BD4680BD80B49D
:100C300083B000AF78607B6818460C37BD4680BC37
:100C4000704780B586B000AFF860B9601346FB719D
:100C5000F868FFF7ECFF7861BB68DB007A69134442
:100C60003B61F868FFF7D5FF0346002B05D0FB7901
:100C70009B003A6913441B6804E0FB795B003A6906
:100C800013441B8818461837BD4680BD80B586B012
:100C900000AFF860B9603B601346FB71F868FFF77E
:100CA000C6FF7861BB68DB007A6913443B61F86872
:100CB000FFF7AFFF0346002B06D0FB799B003A6994
:100CC00013443A681A6006E0FB795B003A69134402
:100CD0003A6892B21A8000BF1837BD4680BD80B511
:100CE00082B000AF78603960012239687868FFF718
:100CF000A8FF034603F00103002B14BF01230023C8
:100D0000DBB218460837BD4680BD80B582B000AF63
:100D100078603960012239687868FFF792FF0346EE
:100D20005B0818460837BD4680BD80B586B000AF69
:100D3000F860B9601346FB71F868FFF778FF7861D7
:100D4000BB68DB007A6913443B61F868FFF761FF19
:100D50000346002B14D0FB79002B08D03B690433E9
:100D60001A683B69043342F001021A601EE03B69D5
:100D700004331A683B69043322F001021A6015E05B
:100D8000FB79002B09D03B6902331A883B69023397
:100D900042F0010292B21A8008E03B6902331A88DD
:100DA0003B69023322F0010292B21A8000BF183769
:100DB000BD4680BD80B584B000AFF860B9607A6090
:100DC0007B685B000122B968F868FFF75FFF00BF2E
:100DD0001037BD4680BD80B582B000AF7860396005
:100DE000022239687868FFF72CFF03461846083757
:100DF000BD4680BD80B582B000AF78603960032207
:100E000039687868FFF71DFF034618460837BD4666
:100E100080BD80B584B000AFF860B9607A607B684F
:100E20000222B968F868FFF731FF00BF1037BD46EE
:100E300080BD80B584B000AFF860B9607A607B682F
:100E40000322B968F868FFF721FF00BF1037BD46DD
:100E500080BD80B582B000AF78603960002239680B
:100E60007868FFF7EEFE02463B689B1A1846083783
:100E7000BD4680BD80B582B000AF7860396039680A
:100E80007868FFF742FF02463B681344184608376C
:100E9000BD4680BD80B584B000AFF860B9607A60AF
:100EA0007B680022B968F868FFF7F0FE00BF1037D2
:100EB000BD4680BD80B582B000AF78607868FFF72E
:100EC000A8FE0346002B01D0082300E004231846A7
:100ED0000837BD4680BD80B582B000AF78607868C5
:100EE000FFF789FE0346002B01D0082300E004230E
:100EF00018460837BD4680BD80B483B000AF786027
:100F00007B680733DB0818460C37BD4680BC70474A
:100F100080B582B000AF78607868FFF7CBFF0346FA
:100F200001331846FFF7E8FF034618460837BD4669
:100F300080BD90B583B000AF786039607868FFF706
:100F400068FE0346002B0CD039687868FFF7DDFE99
:100F500004467868FFF7DCFF03469C4201D2012378
:100F600000E0002303F00103DBB218460C37BD4656
:100F700090BD80B584B000AF786039607868FFF7C5
:100F8000C7FF02463B689B1A0133FB60FB68B3FA5C
:100F900083F3C3F11F0318461037BD4680BD90B5DB
:100FA00085B000AF786039607868FFF740FEF86080
:100FB0003B68DC007868FFF77DFF03462344FA684E
:100FC0001344BB60BB6818461437BD4690BD80B55E
:100FD00088B000AFF860B9607A607B6804339B002A
:100FE000FA681344FB61B968F868FFF703FF02462B
:100FF000BB6893420DD1FB68DA6801217B6801FA76
:1010000003F3DB431A40FB68DA60FB6900221A60D5
:1010100016E0B968F868FFF7DEFEB861B968F868ED
:10102000FFF7E8FE7861FB697A691A607A69B96945
:10103000F868FFF7FEFEBA697969F868FFF7E9FE1C
:1010400000BF2037BD4680BD80B584B000AF78605A
:10105000396039687868FFF76CFF034683F0010355
:10106000DBB2002B0ED039687868FFF74EFE0346DE
:1010700019467868FFF77DFFF860FA683968786884
:10108000FFF7A5FF00BF1037BD4680BD80B588B013
:1010900000AFF860B9607A607B6804339B00FA683F
:1010A0001344FB61FB691B68002B16D1FB68DA68EF
:1010B00001217B6801FA03F31A43FB68DA60FB69DC
:1010C000BA681A60BA68B968F868FFF7A2FEBA6829
:1010D000B968F868FFF7ADFE1BE0FB691B68BB61F0
:1010E000B969F868FFF777FE78617A69B968F868D6
:1010F000FFF78FFEBA69B968F868FFF79AFEBA6819
:101100007969F868FFF795FEBA68B969F868FFF77A
:1011100080FE00BF2037BD4680BD80B584B000AFE3
:101120007860396039687868FFF703FF034683F019
:101130000103DBB2002B0ED039687868FFF7E5FDBC
:10114000034619467868FFF714FFF860FA683968B3
:101150007868FFF79BFF00BF1037BD4680BD80B4A5
:1011600085B000AFF860B9601346FB7100BF14375B
:10117000BD4680BC704780B588B000AFF860B960EC
:101180007A60B968F868FFF7C0FDF8617A68BB68F3
:10119000D31ABB61FA69BB69D31A7B61BA69B968B2
:1011A000F868FFF707FE7A697968F868FFF702FECA
:1011B000BA697968F868FFF76DFE7968F868FFF733
:1011C00059FE03467A691946F868FFF763FE00BFC7
:1011D0002037BD4680BD90B587B000AFF860B960DC
:1011E0007A60B968F868FFF790FD04467968F86896
:1011F000FFF78BFD034623447B617A69B968F86881
:10120000FFF7D8FD7968F868FFF734FE03467A697E
:101210001946F868FFF73EFE00BF1C37BD4690BD7B
:1012200080B584B000AF7860396039687868FFF7BE
:1012300021FEF860F9687868FFF751FD034683F0F6
:101240000103DBB2002B0DD00122F9687868FFF7AB
:1012500086FFF9687868FFF7F7FEFA6839687868FA
:10126000FFF7B9FF39687868FFF7F3FDB860B96830
:101270007868FFF734FD034683F00103DBB2002BEF
:101280000FD00022B9687868FFF769FFB9687868FD
:10129000FFF7DAFE3A68B9687868FFF79CFFBB6829
:1012A0003B6039687868FFF738FF00BF1037BD46EC
:1012B00080BD80B584B000AF786039603B68FB606A
:1012C0007868FFF7B4FCB8607868FFF7F3FD034671
:1012D0005B42FA681A44BB68D31ADB081846103719
:1012E000BD4680BD80B588B000AF786039603B688E
:1012F000002B48D07B681B68BB613968B869FFF771
:10130000D8FFF861F969B869FFF7E9FC034683F093
:101310000103DBB2002B0FD000BF00237B617B6990
:101320003B613B6983F3118800BFBFF36F8F00BF40
:1013300000BF0423184602DFF969B869FFF79AFD78
:1013400003461946B869FFF784FD0246FB699342DC
:101350000FD000BF0023FB60FB68BB60BB6883F35A
:10136000118800BFBFF36F8F00BF00BF0423184672
:1013700002DF0022F969B869FFF7D7FCF969B8699B
:10138000FFF74EFF00E000BF2037BD4680BD80B5AF
:101390008AB000AF7860396039687868FFF7E9FD96
:1013A00038623B6A04339B007A681344FB61FB6933
:1013B0001B68002B2DD0FB691B68BB6103237B627C
:1013C000FB691B687B6179697868FFF79EFC0246C0
:1013D0003B6893420BD8002279697868FFF7BFFE1B
:1013E0003A6A79697868FFF7F2FD7B6937E07969D5
:1013F0007868FFF7FFFC0246FB691A607B6A013BD5
:101400007B627B6A002B04D0FB691B68BA699A4235
:10141000D6D17B68DA683B6A0133012101FA03F314
:101420005B4213403B613B69002B17D03B6993FA49
:10143000A3F3B3FA83F3FB607B68FA68043253F8D2
:101440002230BB600022B9687868FFF788FEFA682E
:10145000B9687868FFF7BBFDBB6800E00023184659
:101460002837BD4680BD90B58FB000AF7860396039
:101470007B681B687B633B68002B01D1002354E031
:101480007B6B7B623B683B620023FB613B6ADA0853
:10149000FB69DB081344BB613B6A03F00702FB698D
:1014A00003F00703D418786AFFF704FD03462344CA
:1014B0000733DB087B61BA697B6913443B617B6A54
:1014C0009B68FB603A69FB68934228BF134600BFE4
:1014D0003B63396B786BFFF75AFFF862FB6A002BAE
:1014E00001D1002321E0F96A786BFFF70EFC024678
:1014F0003B6B93420ED2FA6A3B6B13441A46F96A6D
:10150000786BFFF738FEFA6A3B6B13441946786B29
:10151000FFF703FE0122F96A786BFFF706FCF96A10
:10152000786BFFF73CFDB862BB6A18463C37BD4696
:1015300090BD80B584B000AFF860B9607A6079681A
:10154000F868FFF790FF034618461037BD4680BD88
:1015500080B58CB000AFF860B9607A607868FFF74A
:10156000BAFC02467B689B1A7B60BB68073323F09A
:101570000703BB62BA687B68134423F007037B62EE
:101580007A6ABB6AD31ADB083B62BB6AFB61FB6801
:10159000FA691A60FB693A6A9A60FB690022DA60AC
:1015A000396AF869FFF7E5FC03460133BB61BB69A3
:1015B00004339B001846FFF79FFC78610023FB6211
:1015C00008E0FB69FA6A0432002143F82210FB6A42
:1015D0000133FB62FA6ABB699A42F2DB7A69002145
:1015E000F869FFF7E7FB00220021F869FFF752FCDA
:1015F00001220021F869FFF798FB3A6A7B69D31A48
:101600001A467969F869FFF7D5FB7A697969F8694B
:10161000FFF740FC0022396AF869FFF7CBFB3A6A12
:101620007B69D31A1A46396AF869FFF733FC01223D
:10163000396AF869FFF779FB7969F869FFF76DFD99
:1016400000BF3037BD4680BD80B400AF00231846D0
:10165000BD4680BC704790B587B000AFF860B960F8
:101660007A603B60BB6A7B61BC687B693A68796879
:10167000F868A047034618461C37BD4690BD80B5A4
:1016800090B002AFF860B9607A603B603B68FB6283
:101690003B68BB62FB6A002B02D16FF0150343E08D
:1016A000BB6A1B789B007B62BB6A5B783B62BB6A50
:1016B0009B78FB61BB6ADB78BB617A6AFB691A4481
:1016C000BB695B001344FA6A13447B6300233B63EA
:1016D00018E07B6B1B787B617B6B01337B637B69E1
:1016E0009B00FA6A13443B613B697A6B1A60786B22
:1016F000EEF786FD034601337A6B13447B633B6B45
:1017000001333B633A6B3B6A9A42E2D3FB6A08338C
:10171000FB62BB6A5A68FB6A009313467A68B96831
:10172000F868FFF798FF034618463837BD4680BD76
:1017300080B400AF00231846BD4680BC704780B51A
:1017400082B000AF786039603968786800F05EF880
:1017500000BF0837BD4680BD80B483B000AF78605D
:10176000002318460C37BD4680BC704780B400AFDC
:1017700000BFBD4680BC704780B582B000AF7860C6
:101780007B6803F114027B681B6919461046FFF75A
:10179000D6FF7B6800221A6100BF0837BD4680BDB6
:1017A00080B584B000AF786039603B68FB60FB684F
:1017B0001B697A68D1B2FA6813440A461A75FB6845
:1017C0001B695A1CFB681A61FB681B69002B02D15C
:1017D000F868FFF7D1FF7B6818461037BD4680BD1B
:1017E00080B582B000AF78603960FFF7A1FF034693
:1017F000002B04D039687868EFF758FC03E03968AB
:101800007868EFF735FC0837BD4680BD80B582B0FB
:1018100000AF7860396039687868EFF76DFC00BF19
:101820000837BD4680BD0FB480B582B000AF07F168
:1018300014037B6079683869FFF7D2FF00BF08376F
:10184000BD46BDE8804004B0704780B500AF04F0ED
:1018500090FA00BF80BD80B485B000AF78607B682F
:101860009A887B689B89D31AFB817B681A69FB89FC
:10187000D31A18461437BD4680BC704780B485B073
:1018800000AF78607B68DA887B685B89D31AFB815C
:10189000FB8918461437BD4680BC704780B586B0BA
:1018A00000AFF860B9607A60F868FFF7D4FF78613C
:1018B000FB68191D7A697B68934228BF1346BA6892
:1018C000F86800F042F8034618461837BD4680BD58
:1018D00080B582B000AF786039607B6804333A68C5
:1018E0001946786800F072F8034618460837BD4676
:1018F00080BD80B586B000AFF860B9607A60F868E6
:10190000FFF7BCFF7861FB6803F10A017A697B6825
:10191000934228BF1346BA68F86800F016F80346E9
:1019200018461837BD4680BD80B582B000AF7860DC
:1019300039607B680A333A681946786800F046F8DF
:10194000034618460837BD4680BD80B489B000AF55
:10195000F860B9607A603B60BB681A88BB689B8896
:10196000D31AFB83FA8BFB681B699A422CBF0123B5
:101970000023DBB2002B05D0FB681B699BB2FA8BFE
:10198000D31AFB83FB681B699AB2FB8BD31ABB8308
:101990003B68BB61BB8BFB82FA8ABB69934228BF61
:1019A00013463B60FB681A68FB8B1A447B681A601D
:1019B000BB681A883B689BB213449AB2BB681A8012
:1019C0003B6818462437BD4680BC704780B487B05A
:1019D00000AFF860B9607A60BB681A88BB685B8842
:1019E000D31AFB82FB8A7A689A428CBF01230023B8
:1019F000DBB2002B02D06FF0150325E0BB685A88DC
:101A00007B689BB213449AB2BB685A80BB685A8801
:101A1000BB681A80BB685A88BB689B88D31ABB8294
:101A2000BA8AFB681B699A422CBF01230023DBB2F0
:101A3000002B08D0BB689A88FB681B699BB21344D3
:101A40009AB2BB689A80002318461C37BD4680BCFA
:101A5000704780B588B000AFF860B9607A60002345
:101A6000FB6107F110037A681946F868FFF716FF63
:101A7000B861BB69002B15D03B69BA69B9681846D3
:101A8000EEF7FCFDFA69BB691344FB617A68BB6938
:101A9000D31A7B60BA68BB691344BB607B68002BB8
:101AA000DFD100E000BFF969F868FFF711FF786146
:101AB000FB6918462037BD4680BD80B588B000AFB1
:101AC000F860B9607A600023FB6107F110037A685F
:101AD0001946F868FFF70DFFB861BB69002B18D0F5
:101AE000BB68002B09D03B69BA691946B868EEF7A4
:101AF000C5FDBA68BB691344BB60FA69BB6913448E
:101B0000FB617A68BB69D31A7B607B68002BDCD1F0
:101B100000E000BFF969F868FFF706FF7861FB692C
:101B200018462037BD4680BD80B400AF00BFBD461B
:101B300080BC704780B500AFEFF788FCEFF778FC0A
:101B40000023184680BD80B485B000AFF860B9604E
:101B50007A60FB681968BB6803FB03F213465B00FD
:101B60001344DB4301EA0302BB6803FB03F3796818
:101B700001FB03F31A43FB681A6000BF1437BD462C
:101B800080BC704780B485B000AFF860B9607A60FF
:101B9000FB685A68BB68DB431A40BB68796801FB85
:101BA00003F31A43FB685A6000BF1437BD4680BC7C
:101BB000704780B485B000AFF860B9607A60FB68A8
:101BC0009968BB6803FB03F213465B001344DB43D5
:101BD00001EA0302BB6803FB03F3796801FB03F32B
:101BE0001A43FB689A6000BF1437BD4680BC70473B
:101BF00080B485B000AFF860B9607A60FB68D968DE
:101C0000BB6803FB03F213465B001344DB4301EAAA
:101C10000302BB6803FB03F3796801FB03F31A4378
:101C2000FB68DA6000BF1437BD4680BC704780B4E3
:101C300085B000AFF860B9607A60FB68196ABB686C
:101C400003FB03F3BA6802FB03F3BA6803FB02F277
:101C500013461B019B1ADB4301EA0302BB6803FB2B
:101C600003F3B96801FB03F3B96801FB03F3796877
:101C700001FB03F31A43FB681A6200BF1437BD4629
:101C800080BC704780B485B000AFF860B9607A60FE
:101C9000FB68596ABB681B0ABA68120A02FB03F3A5
:101CA000BA68120A02FB03F3BA68120A03FB02F2D3
:101CB00013461B019B1ADB4301EA0302BB681B0AA4
:101CC000B968090A01FB03F3B968090A01FB03F3C8
:101CD000B968090A01FB03F3796801FB03F31A43AE
:101CE000FB685A6200BF1437BD4680BC704780B4A1
:101CF00083B000AF786039607B683A689A6100BF52
:101D00000C37BD4680BC704780B483B000AF7860AC
:101D100039603B681A047B689A6100BF0C37BD4686
:101D200080BC704780B582B000AF7860786808F0FA
:101D3000AAFF034618460837BD4680BD80B483B06D
:101D400000AF7860396000BF0C37BD4680BC70477B
:101D500080B483B000AF786000BF0C37BD4680BC54
:101D6000704780B584B000AF786039607B689B684D
:101D7000FB60FB681B68002B02D16FF0570305E086
:101D8000FB681B683968786898470346184610371F
:101D9000BD4680BD80B584B000AF786039607B6897
:101DA0009B68FB60FB685B68002B02D16FF05703F8
:101DB00005E0FB685B683968786898470346184611
:101DC0001037BD4680BD80B485B000AF0346FB71BF
:101DD000FB79012202FA03F3FB60FB681846143713
:101DE000BD4680BC704780B584B000AF7860396074
:101DF0003B68032178689847F860FB68002B05DA98
:101E0000FB6813F1860F01D0FB680AE03B680121F3
:101E100078689847F860FB68002B01DAFB6800E0FF
:101E2000002318461037BD4680BD80B584B000AF92
:101E3000F860B9607A607A68B968F868FFF7D8FE28
:101E400000BF1037BD4680BD80B58AB000AFF860D6
:101E50007A601A460B46FB721346BB72FB685B68DE
:101E60007B627B6A1B683B62FB7A1846FFF7ABFF1D
:101E7000F8617B6803F4C043BB614FF4801100201C
:101E8000FFF75CFFBB69B3F5804F1CD17B685B0A31
:101E900003F00F033B61FB7A072B05D83A69F96918
:101EA000386AFFF7C4FE04E03A69F969386AFFF757
:101EB000E9FE7B68DB0B03F001031A46F969386A17
:101EC000FFF760FE20E0BB69B3F5005F1CD17B68C3
:101ED000DB0B03F001031A46F969386AFFF752FE7B
:101EE000BB7A002B10D07B681B0D03F001037B61D4
:101EF0007B69012B04D1F969386AFFF7F8FE03E02A
:101F0000F969386AFFF700FF7B681B0C03F00303D5
:101F10001A46F969386AFFF74CFE7B689B0C03F0A0
:101F200003031A46F969386AFFF77FFF7B685B0B8A
:101F300003F003031A46F969386AFFF704FE00202C
:101F4000FFF706FF002318462837BD4680BD90B432
:101F500084B000AFF860B9607A607C68FA6807F115
:101F600008031868BFF35B8F52E8001F814206D157
:101F700042E8004CBCF1000FBCF1000FF4D1BFF3FC
:101F80005B8F0CBF01220022002A00D1196013468A
:101F900018461037BD4690BC704780B500AF08F0BA
:101FA0004AFD0346184680BD80B500AFFFF7F5FF38
:101FB0000346184680BD80B584B000AFC7E9000174
:101FC000D7E9000100F044F8C7E90201D7E900238E
:101FD0004FF0FF304FF0FF318B4208BF824202D1F9
:101FE0004FF0FF3304E0D7E90201EFF7F3FB0346BC
:101FF00018461037BD4680BD2DE9B04F82B000AF06
:102000007860796821EAE171C817884681464046C0
:1020100049464FF000044FF000058D0045EA9075E9
:1020200084002046294610EB080241EB090312EB1D
:10203000020A43EB030B52465B4610461946FFF774
:10204000BAFF01460B4618460837BD46BDE8B08FBB
:1020500080B582B000AFC7E90001D7E90001FBF706
:10206000B7FA02460B46104619460837BD4680BDF2
:1020700080B500AF00F00FF802460B461046194637
:102080004FF00A024FF00003EEF7E2FB02460B4668
:102090001046194680BD80B500AF0AF032FD0246F9
:1020A0000B461046194680BD80B584B000AFF8607D
:1020B000B9607A600020EFF73DF880B584B000AFDA
:1020C000F860B9607A600120EFF734F880B485B029
:1020D00000AF786039603B68FB60FB681B687A681A
:1020E0009A4202D1FB6801221A7100BF1437BD4623
:1020F00080BC704780B582B000AF786039603968C5
:10210000786809F04CFF034618460837BD4680BD85
:1021100080B485B000AFEFF31183FB60FB68BB6058
:1021200010237B607B6883F3128800BFBFF36F8F3F
:1021300000BFBB683B603B6818461437BD4680BC97
:10214000704780B485B000AF78607B68FB60FB6847
:10215000BB60BB6883F3118800BFBFF36F8F00BF04
:1021600000BF00BF1437BD4680BC704780B483B049
:1021700000AF78607B68403318460C37BD4680BCA2
:10218000704780B582B000AF786039603968786890
:1021900009F005FF034618460837BD4680BD80B5E7
:1021A00082B000AF78607868F9F7E4FE00BF0837C6
:1021B000BD4680BD80B582B000AF78607868F9F721
:1021C00035FF00BF0837BD4680BD80B582B000AF87
:1021D00078607868F4F7D8F800BF0837BD4680BD4E
:1021E00080B483B000AF78607B68DB69002B01D1DD
:1021F000002302E07B68DB691B6818460C37BD468C
:1022000080BC704780B582B000AF7860786808F015
:102210003AFD034618460837BD4680BD80B582B0FA
:1022200000AF7860786808F017FD03461846083755
:10223000BD4680BD80B483B000AF78606FF05703B7
:1022400018460C37BD4680BC704780B483B000AFE1
:1022500003463960FB80FB88DAB23B681A70FB8862
:102260001B0A9AB23B680133D2B21A7000BF0C3716
:10227000BD4680BC704780B582B000AF78603960E1
:102280007B689BB239681846FFF7DFFF7B681B0C41
:102290009AB23B68023319461046FFF7D6FF00BFDB
:1022A0000837BD4680BD80B483B000AF0346FB71E4
:1022B000FB792F2B02D9FB79392B0BD9FB79602BBA
:1022C00002D9FB79662B05D9FB79402B04D9FB7920
:1022D000462B01D8012300E0002303F00103DBB209
:1022E00018460C37BD4680BC704780B483B000AF41
:1022F00078600B467B807B687A889A807B687A88D6
:10230000DA807B687A881A817B687A885A817B6850
:102310007A889A817B687A88DA8100BF0C37BD465B
:1023200080BC704780B584B000AFF860B9607A6057
:10233000FB68BA681A61FB687A681A600021F8685D
:10234000FFF7D3FF00BF1037BD4680BD80B485B016
:1023500000AF78607B689A887B689B89D31AFB8181
:102360007B681A69FB89D31A18461437BD4680BCAE
:10237000704780B485B000AF78607B68DA887B688E
:102380005B89D31AFB81FB8918461437BD4680BC94
:10239000704780B586B000AFF860B9607A60F868C1
:1023A000FFF7D4FF7861FB68191D7A697B68934257
:1023B00028BF1346BA68F868FFF7C7FA03461846FD
:1023C0001837BD4680BD80B582B000AF78603960F7
:1023D0007B6804333A6819467868FFF7F7FA0346D2
:1023E00018460837BD4680BD80B586B000AFF8609E
:1023F000B9607A60F868FFF7BCFF7861FB6803F1A9
:102400000A017A697B68934228BF1346BA68F86864
:10241000FFF79BFA034618461837BD4680BD80B5C6
:1024200082B000AF786039607B680A333A68194639
:102430007868FFF7CBFA034618460837BD4680BDDB
:1024400080B483B000AF786039603A687B68BFF3CE
:102450005B8F53E8001F43E800200028F9D1BFF349
:102460005B8F0B4618460C37BD4680BC704780B565
:1024700082B000AF7860786808F005FC0346184623
:102480000837BD4680BD80B586B002AFF860C7E9A9
:102490000023D7E90623CDE90023D7E90023F86814
:1024A000FCF7FCF800BF1037BD4680BD80B582B098
:1024B00000AF78607868FCF747F900BF0837BD4681
:1024C00080BD80B582B000AF78600B46FB707B6842
:1024D0009B68DB69FA7811467868984700BF08372F
:1024E000BD4680BD80B586B000AFF860B9607A6047
:1024F000FB689B687B617B69DB6A002B02D16FF014
:10250000570306E07B69DB6A7A68B968F868984720
:10251000034618461837BD4680BD80B586B000AF6B
:10252000F860B9607A60FB689B687B617B691B6BB4
:10253000002B02D16FF0570306E07B691B6B7A68B2
:10254000B968F8689847034618461837BD4680BDF5
:1025500080B584B000AF78607B689B68FB60FB68E7
:102560005B6B002B03D0FB685B6B7868984700BF00
:102570001037BD4680BD80B584B000AF78607B6801
:102580009B68FB60FB689B6B002B03D0FB689B6B1D
:102590007868984700BF1037BD4680BD80B584B0CD
:1025A00000AF78607B689B68FB60FB68DB6B002B8F
:1025B00002D16FF0570304E0FB68DB6B7868984743
:1025C000034618461037BD4680BD80B584B000AFC5
:1025D00078607B689B68FB60FB681B6C002B03D0FA
:1025E000FB681B6C7868984700BF1037BD4680BDFC
:1025F00080B584B000AF78607B689B68FB60FB6847
:102600005B6C002B03D0FB685B6C7868984700BF5D
:102610001037BD4680BD80B584B000AF78607B6860
:102620009B68FB60FB68DB6C002B02D16FF05703EB
:1026300004E0FB68DB6C786898470346184610375F
:10264000BD4680BD80B584B000AF78607B689B6874
:10265000FB60FB68DB6D002B03D0FB68DB6D7868EB
:10266000984700BF1037BD4680BD80B586B000AF2B
:10267000F860B9607A60FB689B687B617B69002BBE
:102680000BD07B691B6E002B07D07B691B6E7A68B1
:10269000B968F8689847002301E06FF057031846BF
:1026A0001837BD4680BD80B582B000AF78600B465C
:1026B000FB70FB7819467868FFF703FF00BF083707
:1026C000BD4680BD80B582B000AF78607868FFF706
:1026D0003FFF00BF0837BD4680BD80B582B000AF68
:1026E00078607868FFF747FF00BF0837BD4680BDB8
:1026F00080B582B000AF78607868FFF766FF00BFF2
:102700000837BD4680BD80B582B000AF786078687C
:10271000FFF76EFF00BF0837BD4680BD80B483B0B1
:1027200000AF7860002318460C37BD4680BC704768
:1027300080B483B000AF7860002318460C37BD46E4
:1027400080BC704780B588B000AF786039600023E6
:10275000FB773B6803F124003B685A6B07F10C03DD
:102760001946FFF716FE78617B69002B14D0FB68D1
:102770007A6919467868FFF7D0FE0346BB61BB69EA
:10278000002B01D00123FB773B682433B96918463D
:10279000FFF719FE386109E000BF07F10B030122C2
:1027A00019467868FFF7B9FE0346BB61BB69002B89
:1027B00003D0BA697B699A42CBD0FB7F002B06D04D
:1027C0003B685B683A68926811460020984700BFF2
:1027D0002037BD4680BD80B485B000AF786001234E
:1027E00018461437BD4680BC704790B589B002AF1B
:1027F000786039607868FFF7EEFF034683F00103E5
:10280000DBB2002B15D07868FFF767FF3B6803F158
:1028100080044FF47A704FF000014FF47A724FF059
:102820000003CDE9002302460B462046FFF72BFEAE
:102830002DE03B6803F110003B681A6A07F10C03B6
:102840001946FFF7D1FD78617B69002B0FD0FB683B
:102850007A6919467868FFF745FE03467B613B6855
:10286000103379691846FFF7DAFD386108E07868B7
:10287000FFF733FF3B68B83300211846FFF7E0FD50
:102880003B685B683A6892681146012098471C379C
:10289000BD4690BD80B584B000AF786039603B68BC
:1028A000FB607868FFF7CEFE7868FFF7B4FE03465A
:1028B000002B03D0F9687868FFF744FF7868FFF7CA
:1028C0006DFE0346002B03D0F9687868FFF78DFF93
:1028D00000BF1037BD4680BD80B586B000AFF86040
:1028E000B9607A603B60FB685B687B617B69BA6852
:1028F0001A607B697A685A607B693A689A607B697A
:102900001B681846FFF70AFF38613B69002B01DAA4
:102910003B6905E0FB685B681846EFF781FF002321
:1029200018461837BD4680BD80B584B000AF7860CA
:102930007B681B68FB607B6880331846FFF7B6FD39
:10294000F868FFF7CAFEF868FFF7DDFE00BF103732
:10295000BD4680BD80B584B000AF78607B685B68A1
:10296000FB607B685B681846FFF7DEFFFB681B684F
:102970001846FFF7DDFE034618461037BD4680BDFA
:1029800080B584B000AF78600B46FB707B685B68F5
:10299000FB60FB68FA781A73FB78002B04D0FB68A5
:1029A0001B681846FFF799FE002318461037BD46EE
:1029B00080BD80B586B000AFF860B9607A603B60DA
:1029C000BB683B6100237B610BE0FB6818683A69D8
:1029D0007B6913441B781946FFF765FE7B69013359
:1029E0007B617A697B689A42EFD33B687A681A60A8
:1029F000FB685B68FA6892681146012098470023DB
:102A000018461837BD4680BD80B584B000AFF86069
:102A1000B9607A603B60FB6810337A68B968184621
:102A2000FFF717F802463B681A60FB68B8330121CC
:102A30001846FFF705FD0346002B04D1FB681B6811
:102A40001846FFF73FFE002318461037BD4680BDED
:102A500080B586B000AFF860B9607A603B60FB6813
:102A60005B687B617B691B7B002B07D03B687A68C6
:102A7000B9687869FFF79DFF034607E0FB6858686F
:102A80003B687A68B968FFF7BFFF034618461837F6
:102A9000BD4680BD80B584B000AFF860B9607A6093
:102AA0003B60FB6824337A68B9681846FFF705F87D
:102AB00002463B681A60002318461037BD4680BDA9
:102AC00080B584B000AFF860B9607A603B60FB68A5
:102AD00058683B687A68B968FFF7DCFF0346184618
:102AE0001037BD4680BD90B482B000AF78603960C9
:102AF0003A687B68BFF35B8F53E8001F41EA02002E
:102B000043E80004002CF7D1BFF35B8F0B46184657
:102B10000837BD4690BC704790B482B000AF786073
:102B200039603A687B68BFF35B8F53E8001F01EAA6
:102B3000020043E80004002CF7D1BFF35B8F0B4683
:102B400018460837BD4690BC704780B584B002AFC8
:102B5000786039604FF000024FF00003CDE90023A8
:102B600000223968786800F066F801460B4618467E
:102B70000837BD4680BD80B58CB008AFF860B9603D
:102B80007A603B60D7E90C23CDE90623BB6A049346
:102B90007B6A03933B6A0293FB690193BB690093D1
:102BA0003B687A68B968F86809F092F903461846F4
:102BB0001037BD4680BD80B582B000AF78607868C0
:102BC000F3F7E2FB00BF0837BD4680BD80B582B099
:102BD00000AF7860396039687868F9F749F80346DA
:102BE00018460837BD4680BD80B582B000AF78601A
:102BF00078680AF027F900BF0837BD4680BD80B568
:102C000082B000AF78603960396878680AF080F97E
:102C1000034618460837BD4680BD80B582B000AF78
:102C200078603960396878680AF081F90346184697
:102C30000837BD4680BD80B586B002AFF860B96088
:102C40001346FB71F979D7E90623CDE900230A463B
:102C5000B968F8680AF017FA034618461037BD46F7
:102C600080BD80B584B000AFF860B9607A607A68E2
:102C7000B968F86808F085FA034618461037BD466B
:102C800080BD80B584B000AFF860C7E90023D7E904
:102C90000023F868F8F74EFB034618461037BD4688
:102CA00080BD80B582B000AF78607868F8F7A2FA8E
:102CB00000BF0837BD4680BD80B483B000AF7860E8
:102CC0007B68DB68002B14BF01230023DBB21846AE
:102CD0000C37BD4680BC704780B582B000AF7860CD
:102CE0007B68002B05D07868EDF78AFA03469BB223
:102CF00000E0002318460837BD4680BD80B582B08D
:102D000000AF78607B685B69184601F059F900BF35
:102D10000837BD4680BD80B483B000AF78607B6863
:102D20009B681B6B002B14BF01230023DBB21846EA
:102D30000C37BD4680BC70470EB480B585B000AF7F
:102D4000786007F12003FB60FA68F9697868F1F7A9
:102D500097F800BF1437BD46BDE8804003B0704708
:102D600080B483B000AF78607B689B68D3F8803212
:102D7000C3F30003DBB218460C37BD4680BC704776
:102D800080B586B000AF78600B46FB707B689B68AF
:102D900003F520737B610023FB603B7B43F0010361
:102DA0003B73FB78002B07D0FB6819467869FFF767
:102DB0009AFE0346FB6007E0FB68DB43194678692F
:102DC000FFF7AAFE0346FB603B7B03F00103FB74A5
:102DD000FB7C18461837BD4680BD80B483B000AF79
:102DE00078607B689B68D3F88032C3F34013DBB212
:102DF00018460C37BD4680BC704780B483B000AF26
:102E000078607B689B68D3F88032C3F34003DBB201
:102E100018460C37BD4680BC704780B483B000AF05
:102E200078607B689B68D3F88432C3F30023DBB2FD
:102E300018460C37BD4680BC704780B586B000AFE1
:102E400078600B46FB707B689B6803F521737B61A0
:102E50000023FB607B7B43F001037B73FB78002B3B
:102E600007D0FB6819467869FFF73DFE0346FB6013
:102E700007E0FB68DB4319467869FFF74DFE034620
:102E8000FB607B7B03F00103FB74FB7C1846183767
:102E9000BD4680BD80B586B000AF78600B46FB7044
:102EA0007B689B6803F521737B610023FB607B7B60
:102EB00043F002037B73FB78002B07D0FB681946B5
:102EC0007869FFF710FE0346FB6007E0FB68DB4311
:102ED00019467869FFF720FE0346FB607B7B03F011
:102EE0000203DBB2002B14BF01230023FB74FB7C25
:102EF00018461837BD4680BD80B483B000AF7860F7
:102F00007B689B68D3F88032C3F3C003DBB21846FA
:102F10000C37BD4680BC704780B483B000AF78608A
:102F20007B689B68D3F88432C3F38023DBB21846F6
:102F30000C37BD4680BC704780B586B000AF786066
:102F40000B46FB707B689B6803F521737B61002354
:102F5000FB607B7B43F004037B73FB78002B07D083
:102F6000FB6819467869FFF7BEFD0346FB6007E082
:102F7000FB68DB4319467869FFF7CEFD0346FB602B
:102F80007B7B03F00403DBB2002B14BF012300237F
:102F9000FB74FB7C18461837BD4680BD80B483B0F7
:102FA00000AF78607B689B68D3F88432C3F3C0239A
:102FB000DBB218460C37BD4680BC704780B586B082
:102FC00000AF78600B46FB707B689B6803F521734C
:102FD0007B610023FB607B7B43F008037B73FB7802
:102FE000002B07D0FB6819467869FFF77CFD034684
:102FF000FB6007E0FB68DB4319467869FFF78CFD4F
:103000000346FB607B7B03F00803DBB2002B14BF9D
:1030100001230023FB74FB7C18461837BD4680BD96
:1030200080B483B000AF78607B689B68D3F884324B
:10303000DBB218460C37BD4680BC704780B483B005
:1030400000AF78607B689B68D3F8A83218460C37CD
:10305000BD4680BC704780B483B000AF78600B463B
:10306000FB707B689A68F978D2F8843261F30703C1
:10307000C2F8843200BF0C37BD4680BC704780B4B4
:1030800083B000AF78607B689B68D3F88432C3F369
:103090000033DBB218460C37BD4680BC704780B5A4
:1030A00086B000AF78600B46FB707B689B6803F5C9
:1030B00021737B610023FB607B7B43F010037B73F8
:1030C000FB78002B07D0FB6819467869FFF70BFDEA
:1030D0000346FB6007E0FB68DB4319467869FFF7AE
:1030E0001BFD0346FB607B7B03F01003DBB2002B70
:1030F00014BF01230023FB74FB7C18461837BD4620
:1031000080BD80B586B000AF78600B46FB707B68F1
:103110009B6803F521737B610023FB607B7B43F09D
:1031200040037B73FB78002B07D0FB681946786956
:10313000FFF7D9FC0346FB6007E0FB68DB43194659
:103140007869FFF7E9FC0346FB607B7B03F04003F3
:10315000DBB2002B14BF01230023FB74FB7C184659
:103160001837BD4680BD80B584B000AFF860C7E9B0
:103170000023FB689B6803F52571D7E90023084607
:10318000FFF77FFD0346002B0CBF01230023DBB2BA
:1031900018461037BD4680BD80B582B000AF78605C
:1031A0007B689B6803F525714FF0FF324FF0FF33CA
:1031B0000846FFF766FD00BF0837BD4680BD80B5F5
:1031C00082B000AF78607B689B6803F52573184672
:1031D000FFF767FD00BF0837BD4680BD80B483B0F0
:1031E00000AF78600B46FB707B689B68FA785A7575
:1031F00000BF0C37BD4680BC704780B483B000AFC1
:1032000078607B689B68002283F860207B689B68FD
:103210000022A3F85A207B689B680022A3F858205C
:1032200000BF0C37BD4680BC704780B483B000AF90
:1032300078607B689B681B7D18460C37BD4680BC58
:10324000704780B483B000AF78600023002B03D0B8
:103250007B689B681B6B00E0002318460C37BD465B
:1032600080BC704780B582B000AF78607B68DB6857
:10327000184602F06FFB0837BD4680BD80B582B0AE
:1032800000AF786000217868FFF756FE7B68DB6846
:10329000184602F087FA0837BD4680BD80B584B075
:1032A00000AFF860B9607A60FB68DB687A68B9687B
:1032B000184602F0F5FA1037BD4680BD80B584B0DF
:1032C00000AF78600B46FB707B689B689B7D002B92
:1032D00076D17868FFF720FE0346002B08D0002146
:1032E0007868FFF729FE7B68DB68184602F05AFA17
:1032F0007B68DB681846FFF7DFFC034683F00103B9
:10330000DBB2002B1ED0FB78002B5BD07B689B6868
:1033100060331846FFF7E0FC0346FB81FB89002B76
:103320000BD07B689B6803F5B0727B689B68603349
:1033300019461046EDF744F904E07B689B680022CB
:1033400083F860217B68D8687B689B6803F1600222
:1033500007F10A03F97802F031FA03467B737B7BAD
:1033600083F00103DBB2002B13D07B689B6803F171
:1033700060027B689B6803F5B07319461046EDF751
:103380001FF97B689B6860331846FFF7A5FC03466E
:103390007B81786801F0CEFB7868EFF7ADFA78684A
:1033A000F1F790FB7B689B687A89A3F85A207B68C9
:1033B0009B687A89A3F85820786801F0D0FA02E077
:1033C00000BF00E000BF1037BD4680BD80B485B0AF
:1033D00000AF78607B689B68B3F85830C3F1FF0397
:1033E000FB81FB8918461437BD4680BC704780B509
:1033F00084B000AFF860B9607A607B68002B01D1BF
:1034000001230AE07A68B968F868FBF79FFE034673
:10341000002B0CBF01230023DBB218461037BD463A
:1034200080BD80B58EB000AFF860B9607A603B6057
:10343000B868FFF751FC03463B6300237B637B685E
:1034400000221A603B6C00221A803B6800221A603E
:103450002CE0FB6A1B683A6BB9681846FFF7C7FF98
:10346000034683F00103DBB2002B1ED1FB6A1B680D
:103470001846ECF7C5FEB8623B6C1B88FB84FA8CDF
:10348000BB6A934238BF13469AB23B6C1A803B68C2
:103490001B68002B03D1FB6A1A687B681A603B68C3
:1034A0001B685A1C3B681A6000E000BF7B6B5A1C0B
:1034B0007A6307F110021946F86800F0D1FEF8624D
:1034C000FB6A002BC5D100BF00BF3837BD4680BDA9
:1034D00080B590B000AFF860B9607A603B600023BF
:1034E000FB637868FFF7F8FB0346BB63FB6C0022C5
:1034F0001A80BB6C00221A602DE07B6B1B68BA6BD4
:1035000079681846FFF773FF034687F8333097F85A
:103510003330002B1CD07B6B1B681846ECF770FE19
:10352000F862FB6C1B887B857A8DFB6A934238BFFF
:1035300013469AB2FB6C1A80BB6C1B68002B02D13D
:103540003B68FA6B1A60BB6C1B685A1CBB6C1A6038
:10355000FB6B0133FB6307F114031A46F96BB86880
:1035600000F07EFE78637B6B002BC6D100BF00BFEE
:103570004037BD4680BD80B487B000AFF860B96009
:103580007A6000237B610BE0FB680133FB60BB6862
:103590000133BB607B68013B7B607B6901337B61EE
:1035A0007B68002B09D0FB681A78BB681B789A42AD
:1035B00003D1FB681B78002BE6D17B6918461C37CA
:1035C000BD4680BC704780B588B000AFF860B96078
:1035D0007A603B607868FFF77FFB0346BB613B681E
:1035E000FB61BB8D1A460021F868EFF719FA2BE052
:1035F000FB689B681C331A46F969B86800F030FE16
:103600007861FB690133FB617B68002B10D07B691B
:103610001B68002B0CD07B691B68BA697968184657
:10362000FFF7E5FE034683F00103DBB2002B0AD16E
:103630007B691B68BA8D1946F868EFF7F1F9BB6A28
:10364000013BBB6200E000BFBB6A002BD0D1F86831
:10365000EFF76CF9F86801F0FAFB00BF2037BD46C0
:1036600080BD80B58CB000AFF860B9607A607B80B7
:103670007868FFF731FB0346BB620023FB627B885F
:103680001A460021F868EFF7CBF915E07B6A1B6852
:10369000BA6A79681846FFF7AAFE034683F0010369
:1036A000DBB2002B07D17B6A1B687A881946F86861
:1036B000EFF7B6F900E000BFFB6A5A1CFA6207F1A7
:1036C00010021946B86800F0CBFD78627B6A002BC7
:1036D000DCD1F868EFF72AF9F86801F0B8FB00BF11
:1036E0003037BD4680BD80B594B000AFF860B9609A
:1036F0007A603B604FF6FF73A7F84E303B680133AA
:10370000BB6407F128031A463968B86800F0A8FDC1
:103710007864FB689B6803F5B0707B6C1B68FF22C4
:103720001946FBF74FFD7B6C1A687B681A602DE029
:10373000BB6C5A1CBA6407F114021946B86800F051
:103740008FFD38643B6C002B24D0FB689B6803F52D
:10375000B0703B6C1B684FF6FF721946FFF70BFF0A
:103760000346FB63B7F85C30002B04D0B7F85C303D
:10377000FA6B9A420ADBBB6D013BBB65B7F84E2082
:10378000FB6B9342A8BF1346A7F84E30BB6D012BCD
:10379000CED800E000BFB7F84E3018465037BD46CF
:1037A00080BD80B58EB000AFF860B9607A603B60D4
:1037B0003868FFF791FA0346FB6200237B634FF6FC
:1037C000FF737B86012387F8313043E0BB6A1B68B7
:1037D000FA6A39681846FFF70AFE034683F00103C8
:1037E000DBB2002B35D197F83130002B16D0FB68B7
:1037F0009B6803F5B070BB6A1B68FF221946FBF794
:10380000E1FCFB689B68002283F85F22BB6A1A68B0
:103810007B681A60002387F831301BE0FB689B68E7
:1038200003F5B070BB6A1B684FF6FF721946FFF7CD
:10383000A2FE03467B62FB6A002B03D07B6AFA6A16
:103840009A4207D87A8E7B6A9342A8BF13467B863A
:1038500000E000BF7B6B5A1C7A6307F11002194627
:10386000B86800F0FDFCB862BB6A002BAED17B8E5D
:103870004FF6FF72934201D07B8E00E00023184682
:103880003837BD4680BD80B588B002AFF860B960FA
:103890007A603B607868FFF71FFA0346FB8207F106
:1038A0001002FB8A01933B6A00933B68B968F86891
:1038B000FFF719FF0346BB82BB8A002B0AD03A6987
:1038C000FB8AD118BA8AFB8AD31A9BB21A46F868C7
:1038D00001F081FA1837BD4680BD80B586B000AFD3
:1038E000F860B9607A6000233B617868FFF7F4F90B
:1038F0000346FB8207F110027B68B968F868FFF79E
:1039000050FF0346BB82BB8A002B0AD03A69FB8A70
:10391000D118BA8AFB8AD31A9BB21A46F86801F00A
:103920005AFA1837BD4680BDB0B485B000AFF86014
:10393000B9607A603B60FB68DB68002B19D03B689C
:103940001A683B6A1A60BA68FB6814461D460FCDB8
:103950000FC42B682360FB689B68002B09D1FB68B0
:103960005B7CFE2B05D1FB681B7C013B1A467B6A06
:103970001A60FB685B68002B07D07A68FB68144606
:103980001D460FCD0FC42B68236000BF1437BD4602
:10399000B0BC704780B485B000AF78607B68DB69ED
:1039A000FB6000BF1437BD4680BC704790B5ABB01C
:1039B00004AF786007F140037B6200233B62002381
:1039C000FB617B689B689B7D002B40F09A8007F130
:1039D000100007F1240207F1280107F12C030293DC
:1039E00007F10B03019307F118030093034678686E
:1039F000EFF714F9034687F8973097F8973083F07C
:103A00000103DBB2002B7ED1FB7A002B38D0BB69DF
:103A1000002B35D1B86A7A6ABB699B0013441968D8
:103A200007F10C0407F1200207F116030093234667
:103A3000FFF7F7FCFB68012B0AD17A6ABB699B0090
:103A400013441B683A6A19467868EFF7FBF95CE0A3
:103A5000FB68012B59D9B96A7A6ABB699B00134488
:103A60001A68FB8A7868FFF7FCFDB96A7A6ABB6955
:103A70009B0013441B681A467868FFF72EFF44E04A
:103A8000B96A7A6ABB699B0013441A6807F11C0083
:103A900007F11603019307F10C03009303467868BE
:103AA000FFF716FDFB68012B0AD1B96A7A6ABB6978
:103AB0009B0013441A68FB697868EFF715FA25E054
:103AC000FB68012B22D9B96A7A6ABB699B0013444F
:103AD0001868FC69FB68FA8A019200932346024643
:103AE0007868FFF770FDB96A7A6ABB699B00134476
:103AF0001A68F869FB68009303467868FFF7C3FE0D
:103B000004E000BF02E000BF00E000BF9C37BD46FC
:103B100090BD80B582B000AF78600B46FB70FB783B
:103B2000622B05D14FF0FF31786800F0C5FF06E049
:103B3000FB78662B03D10121786800F0BDFF0837C0
:103B4000BD4680BD80B582B000AF78600B46FB708B
:103B5000FB780D2B08D0FB780A2B05D00021786864
:103B6000FFF779FA002315E07868FFF759FA034662
:103B7000002B07D07868FFF753FA03461A46FB7804
:103B8000934206D1FB7819467868FFF764FA01235F
:103B900000E0002318460837BD4680BD80B483B0DE
:103BA00000AF0346FB7197F90730002B02DA6FF084
:103BB000150300E0002318460C37BD4680BC704753
:103BC00080B584B000AF03463960FB713B68FB6091
:103BD000FB79002B01D1012300E00823FB72FB6875
:103BE0009B6803F52273FA7A11461846FFF707F827
:103BF00000BF1037BD4680BD80B584B000AF78608F
:103C00007868FFF70AF90346002B02D06FF00F0324
:103C100015E07B685B681B685B687A6852681046D1
:103C20009847F860FB68002B01D0FB6807E07868D4
:103C3000FFF718FB00217868EEF7C2FE0023184654
:103C40001037BD4680BD80B584B000AFF8600B462C
:103C50007A60FB72FB689B6803F52273FA7A11465F
:103C60001846FEF772FF0346002B0CD0FB689B68DA
:103C700003F52273FA7A11461846FEF7CEFF7B68E9
:103C8000F868984700E000BF1037BD4680BD80B59A
:103C900084B000AF78607868FFF7AEFFF8607B68AB
:103CA0009B689B6C002B05D07B689B689B6CF968BC
:103CB000786898477B689B680022C3F8A422EEF7D7
:103CC0000FFE03461846FEF776FF80B582B000AFC0
:103CD00078607868FFF7A9FA0346012B02D06FF0ED
:103CE000850121E04FF4FA724FF000037868FFF786
:103CF0003AFA034683F00103DBB2002B02D06FF0E7
:103D00000F0111E008217868F0F77AFF786801F078
:103D1000CFF97868EEF70AFE02217868EEF750FED8
:103D20007868FFF74CFA00210B4618460837BD4665
:103D300080BD80B582B000AF786001217868FFF760
:103D40007CF87B689B681B7D012B02DC002B07DA6B
:103D500007E0022B00D004E07868EFF703FD00E0F5
:103D600000BF00217868FFF768F800BF0837BD463C
:103D700080BD80B584B000AFF8607B600B46FB72FD
:103D80001346BB72F8F744FA034683F00103DBB233
:103D9000002B5DD1F868FFF748FA0346022B04D0E8
:103DA0000121F868FFF77BF953E04FF4FA724FF006
:103DB0000003F868FFF7D7F9034683F00103DBB28D
:103DC000002B00D045E0F868FFF7E8F8034683F0E1
:103DD0000103DBB2002B0DD0FB689B68DB6C002B72
:103DE00008D1F868FEF7F9FF0346002B02D0F86807
:103DF00001F002F8BB7A002B06D0FB7A7A681946EC
:103E0000F86801F015F905E0F97ABB697A68F86895
:103E100001F023F9F868FFF7C1F8034683F00103C6
:103E2000DBB2002B0DD0FB689B68DB6C002B08D14C
:103E3000F868FEF7D2FF0346002B02D0F86801F0C5
:103E400006F8F868FEF75AFFF868FFF7B8F900E0DF
:103E500000BF1037BD4680BD0CB480B586B002AF40
:103E600078600B46FB7007F11C03FB60F978FB6878
:103E70000093BB6900227868FFF77BFF00BF103713
:103E8000BD46BDE8804002B0704780B584B000AF49
:103E9000786039603B68002B02D16FF015012EE08D
:103EA0003868FEF719FF0346FB604FF4FA724FF0D3
:103EB00000037868FFF757F9034683F00103DBB28C
:103EC000002B02D06FF00F0119E0FB680133142BB7
:103ED00005D97868FFF773F96FF015010FE07B687B
:103EE0009B6839681846ECF76BFB7B689B68FA683F
:103EF000D2B283F840207868FFF761F900210B46C1
:103F000018461037BD4680BD80B582B000AF7860DE
:103F10007B68002B02D16FF0150303E07868FFF790
:103F20008DF8034618460837BD4680BD80B584B07D
:103F300000AFF860B9607A60FB689B68BA68DA64C1
:103F4000FB689B687A681A65BB68002B02D1F86829
:103F5000FFF753F900BF1037BD4680BD80B584B070
:103F600000AF786039603B68FB60FB68DB68BB6072
:103F7000BB681B7C022B06D17B680A2B03D13968F6
:103F80000D20FFF7EBFFFB681A68FB681B691B68D5
:103F900013447A68D2B21A70FB681B691A6801323E
:103FA0001A60FB681B691A68FB685B689A4202D159
:103FB000F86800F005F8002318461037BD4680BDAC
:103FC00080B582B000AF78607B689B687A68D06803
:103FD0007A6811687A681269126898477B681B6969
:103FE00000221A6000BF0837BD4680BD80B483B090
:103FF00000AF78607B68DB69002B01D1002302E011
:104000007B68DB691B6818460C37BD4680BC70476F
:1040100080B582B000AF7860786806F034FE034661
:1040200018460837BD4680BD80B582B000AF7860C5
:104030007B68002B05D07868ECF7E2F803469BB26A
:1040400000E0002318460837BD4680BD80B483B029
:1040500000AF78600B467B807B887A68127B1344C4
:104060007A68528993FBF2F318460C37BD4680BC40
:10407000704780B483B000AF78600B467B807B884C
:104080007A68127B13447A68528993FBF2F101FB40
:1040900002F29B1A013318460C37BD4680BC7047AC
:1040A00090B583B000AF78600B467B8013463B80B1
:1040B0003B8819467868FFF7DCFF04467B88194681
:1040C0007868FFF7D6FF0346E31A18460C37BD465B
:1040D00090BD90B583B000AF78600B467B801346EF
:1040E0003B803B8819467868FFF7B0FF04467B8821
:1040F00019467868FFF7AAFF0346E31A18460C37FB
:10410000BD4690BD80B483B000AF78600B467B8025
:1041100013463B807B887A68127B13447A68528905
:1041200093FBF2F101FB02F29B1A9BB201339AB2AC
:104130007B681A807B887A68127B13447A6852897C
:1041400093FBF2F39BB201339AB27B689A803B886F
:104150007A68127B13447A68528993FBF2F39BB21C
:1041600001339AB27B68DA803B887A68127B134409
:104170007A68528993FBF2F101FB02F29B1A9BB21F
:1041800001339AB27B685A8000BF0C37BD4680BCB1
:10419000704780B586B000AFF860B9607A60796822
:1041A000F868FBF7ADF978617868FFF73DFF0346E3
:1041B0007B827B69002B28D07A69FB689A420AD9F6
:1041C0007B69013B1B78202B05D17B8A01337B82E5
:1041D0007B69013B7B617869FFF726FF03461A463E
:1041E0007B8AD31A9BB201333B82BB681A887B8AD5
:1041F000D31A9AB2BB681A807B8A7A6913443A8AC6
:1042000019467869FAF794FB00E000BF1837BD46FD
:1042100080BD80B586B000AF7860F0F71BF83861DC
:1042200000237B6113E07869EFF75CFEF860FB68C0
:104230001B681B6819467868ECF752F80346002B98
:1042400002D1FB681B6807E07B6901337B617A69F7
:104250003B699A42E7D3002318461837BD4680BD14
:1042600080B586B000AFF860B9607A6000237B61EA
:10427000FB68002B0DD1EFF7EDFF0246BB689342C0
:1042800005D2B868EFF72EFE03461B6847E000230F
:1042900045E0FB689B68002B40D0FB689B68184694
:1042A000EFF732FE0346002B11D07A68937C23F09F
:1042B00003039374FB689B681B687968B868984728
:1042C0007B681B68002B29D07B687B6126E0FB683C
:1042D0009B681846EFF734FE0346002B06D0FB68B8
:1042E0009B683B61BB680133BB6003E0FB689B6874
:1042F0001B683B61BA6813469B0013449B001A4637
:104300003B6913441B68002B08D0BA6813469B0016
:1043100013449B001A463B6913447B617B69184632
:104320001837BD4680BD80B58CB000AFF860B9606D
:104330007A600023FB62FB68002B15D007F11403A1
:104340001422F9681846ECF799F907F11403FB6099
:104350000AE0BB6A1B681946B868EBF7C1FF034661
:10436000002B01D1BB6A0CE0FB6A5A1CFA627A6826
:104370001946F868FFF774FFB862BB6A002BE8D1F2
:10438000002318463037BD4680BD80B483B000AFEF
:10439000786039606FF0850318460C37BD4680BCE5
:1043A000704780B586B000AFF860B9607A603B6056
:1043B00000237B613B6800221A603AE03B681B687F
:1043C0009B007A6813441B68184601F02EFB0346D5
:1043D000002B05D03B681B685A1C3B681A6028E01C
:1043E000FB687B613B681B689B007A6813441B6811
:1043F0003A6A1946F868FFF796FFF860FB68002BE9
:1044000009D03B681B685A1C3B681A6097F8243037
:10441000002B0ED002E07B69FB600FE0FA683B6A7C
:104420009A4206D13B681B685A1E3B681A600023FB
:1044300005E03B681B68BA689A42BFD8FB6818461B
:104440001837BD4680BD80B582B000AF78607B680C
:104450009B6803F160027B689B68583319461046DD
:10446000EFF76CFF7B689A687B689B68B2F858200E
:10447000A3F85A2000BF0837BD4680BD90B589B06B
:1044800000AFF860B9607A60FB700023FB6107F150
:1044900010031846F6F726FBB8613A69BB695B0161
:1044A00013447B6149E0FB78002B16D0FB78012B8D
:1044B00006D13B691846FFF7ABFD0346002B0CD134
:1044C000FB78022B36D13B691846FFF7A1FD034666
:1044D00083F00103DBB2002B2CD03B691B68002B5F
:1044E00028D03B691B681B78002B23D0BB68002BAE
:1044F0000DD03B691C68B868EBF782FE03461A468C
:104500002146B868FAF722FE0346002B12D17B68D9
:10451000002B06D03A697B68104698470346002B6B
:1045200008D0FA69FB689A4201D13B690AE0FB694D
:104530000133FB613B6920333B613B697A699A42F5
:10454000B1D8002318462437BD4690BD80B582B04F
:1045500000AF786039600023002239687868FFF77F
:104560008DFF034618460837BD4680BD80B582B032
:1045700000AF786039600223002239687868FFF75D
:104580007DFF034618460837BD4680BD90B587B00D
:1045900000AF786039607868FFF728FD38613B69C3
:1045A000002B23D000237B611BE03A697B699B00D1
:1045B00013445B68FB60F868EBF722FE044638683A
:1045C000EBF71EFE03469C4208D1F9683868EBF70A
:1045D00087FE0346002B01D1012308E07B690133EC
:1045E0007B613B691B687A699A42DED300231846D7
:1045F0001C37BD4690BD90B587B000AF786007F11D
:104600000C031846F6F76EFA7861FA687B695B016D
:1046100013443B617B68002B2AD025E0FB681B68B4
:10462000002B14D0FB681B681846EBF7E9FD044625
:104630007868EBF7E5FD03469C4208D1FB681B68F0
:1046400019467868EBF74CFE0346002B07D0FB6851
:1046500079681846FFF79AFF0346002B01D0FB68E4
:1046600007E0FB682033FB60FB683A699A42D5D8C3
:10467000002318461C37BD4690BD90B482B000AFF1
:10468000786039603A687B68BFF35B8F53E8001F3E
:1046900041EA020043E80004002CF7D1BFF35B8F2E
:1046A0000B4618460837BD4690BC704790B482B0A0
:1046B00000AF786039603A687B68BFF35B8F53E87E
:1046C000001F01EA020043E80004002CF7D1BFF309
:1046D0005B8F0B4618460837BD4690BC704780B5C7
:1046E00082B000AF786039603968786808F01FFCE4
:1046F000034618460837BD4680BD80B586B002AF78
:10470000F860B9601346FB71F979D7E90623CDE962
:1047100000230A46B968F86808F0B5FC0346184655
:104720001037BD4680BD80B582B000AF78607B6831
:10473000002B05D07868EBF763FD03469BB200E0E1
:10474000002318460837BD4680BD0EB480B585B03D
:1047500000AF786007F12003FB60FA68F9697868B8
:10476000EFF78EFB00BF1437BD46BDE8804003B0B5
:10477000704780B483B000AF78607B689B68D3F8E3
:104780008032C3F30003DBB218460C37BD4680BC51
:10479000704780B483B000AF78607B689B68D3F8C3
:1047A0008032C3F30013DBB218460C37BD4680BC21
:1047B000704780B483B000AF78607B689B68D3F8A3
:1047C0008032C3F34013DBB218460C37BD4680BCC1
:1047D000704780B483B000AF78607B689B68D3F883
:1047E0008032C3F34003DBB218460C37BD4680BCB1
:1047F000704780B483B000AF78607B689B68D3F863
:104800008032C3F38003DBB218460C37BD4680BC50
:10481000704780B483B000AF78607B689B68D3F842
:104820008432C3F34023DBB218460C37BD4680BC4C
:10483000704780B586B000AF78600B46FB707B6830
:104840009B6803F521737B610023FB607B7B43F056
:1048500002037B73FB78002B07D0FB68194678694D
:10486000FFF70BFF0346FB6007E0FB68DB431946DD
:104870007869FFF71BFF0346FB607B7B03F00203B5
:10488000DBB2002B14BF01230023FB74FB7C184612
:104890001837BD4680BD80B483B000AF7860396002
:1048A0007B689B6842331B889AB23B681A8000BFC2
:1048B0000C37BD4680BC704790B585B000AF7860BE
:1048C0007B689B68B3F858301C467B689B68184629
:1048D000FFF729FF03462344FB60FB68002B01D14F
:1048E00000230EE07B689B68DB8F1A46FB68B3FBF6
:1048F000F2F101FB02F29B1A002B0CBF01230023F3
:10490000DBB218461437BD4690BD90B583B000AFFA
:1049100078607B689B68B3F85A301A467B689B685E
:10492000D3F88032C3F34003DBB203FB02F47B68AD
:104930009B681846FFF7F7FE034623447A6892689F
:10494000D28F93FBF2F101FB02F29B1A002B0CBFFA
:1049500001230023DBB218460C37BD4690BD80B55D
:1049600082B000AF78607868FFF7CFFF0346002B76
:1049700005D17868FFF7A0FF0346002B02D07868C6
:10498000EFF75CFE00BF0837BD4680BD80B584B040
:1049900000AF78607B689B683433FB607B689B6802
:1049A000B3F85A107B689B68B3F858301A46F86819
:1049B000FFF7A8FBFB689A88FB68DB889A420CBF6C
:1049C00001230023FB727868FFF776FF0346002B74
:1049D00002D07868EFF732FEFB7A002B0AD0FB6832
:1049E0001B881A46FB685B88D31A19467868EFF76C
:1049F00061FE13E0FB68DB881A46FB689B88D31ACC
:104A000019467868EFF72AFEFB681B881A46FB6890
:104A10005B88D31A19467868EFF74CFE00BF103751
:104A2000BD4680BD80B586B000AF78600B467B8008
:104A30007B689B6834337B617B689B68B3F85A2042
:104A40007B8813447B827B689B68B3F85A107B6831
:104A50009B68B3F858301A467869FFF753FB7B68B8
:104A60009B6803F134007B689B68B3F85A307A8AFC
:104A70001946FFF72EFBF8607B689B6803F1340052
:104A80007B689B68B3F85A307A8A1946FFF708FBAF
:104A9000B860FB685B4219467868EFF7DFFDB968DC
:104AA0007868EFF707FE7B689B687A8AA3F85A203C
:104AB00000BF1837BD4680BD80B584B000AF7860B8
:104AC0000B467B80B7F90230002B07DA7B885B420C
:104AD0009BB27B804FF6FF73FB811EE00123FB81BD
:104AE0001BE07B689B6803F160007B689B68B3F800
:104AF0005A107B689B68B3F85820B7F90E30EFF76F
:104B000005FE0346BB81FA89BB8912FB03F39BB206
:104B10001BB219467868FFF785FFB7F902309AB2E1
:104B2000013A92B27A80002BDBD100BF00BF103770
:104B3000BD4680BD80B582B000AF78607B689B6861
:104B4000B3F85A305B429BB21BB219467868FFF744
:104B500069FF00BF0837BD4680BD80B582B000AF99
:104B600078607B689B68B3F858207B689B68B3F8D3
:104B70005A30D31A9BB21BB219467868FFF752FF1E
:104B800000BF0837BD4680BD80B582B000AF7860F9
:104B90007B689B68B3F85A30002B04D04FF0FF318C
:104BA0007868FFF73FFF00BF0837BD4680BD80B57E
:104BB00082B000AF78607B689B68B3F85A207B684E
:104BC0009B68B3F858309A4203D201217868FFF706
:104BD00029FF00BF0837BD4680BD80B586B000AF55
:104BE000F860B9601346FB80FB689B68B3F85820F7
:104BF000FB689B68B3F85A30D31AFB82FB689A684B
:104C0000FB689B68B3F85A30603313443B61FB6820
:104C10009B68B3F858301A46FB881344FF2B3EDCE0
:104C2000FB883A691344FA8A39691846F9F780FE15
:104C3000FB881A46B9683869EBF720FDFB689B686A
:104C4000B3F85810FB689B68FA880A4492B2A3F83C
:104C50005820FB689B68FA689268B2F858201344A1
:104C6000002283F86020F868FFF7B3FD034683F065
:104C70000103DBB2002B0BD0FB689B68B3F85A1022
:104C8000FB689B68FA880A4492B2A3F85A2007E0AE
:104C9000FB8A00221946F868EFF702FE00E000BF29
:104CA0001837BD4680BD80B582B000AF78600B4636
:104CB000FB707868FFF75DFD0346002B0FD07B6823
:104CC0009B68B3F858207B689B68B3F85A309A42C7
:104CD00005D0FB7819467868EFF79EFE06E0FB1CCE
:104CE000012219467868FFF778FF00BF00BF083738
:104CF000BD4680BD80B582B000AF78607B689B68A0
:104D0000B3F85830002B0ED07B689B68B3F85A304C
:104D1000002B08D04FF0FF317868FFF783FE7868EA
:104D200000F005F800E000BF0837BD4680BD80B543
:104D300084B000AF78607B689B68B3F858207B68CC
:104D40009B68B3F85A30D31AFB817B689A687B68FA
:104D50009B68B3F85A3060331344BB60FB89002B67
:104D600018D0BB680133FA891946B868F9F7E0FD35
:104D70007B689B68B3F85820013A92B2A3F8582098
:104D8000FB89013BFB81FB89012219467868EFF71B
:104D900087FD00E000BF1037BD4680BD80B582B002
:104DA00000AF78607B689A687B689B68B2F85A208D
:104DB000A3F858207B689B687A689268B2F85A20FA
:104DC0001344002283F860207868EFF7E9FB00BF06
:104DD0000837BD4680BD80B584B000AFF860B960CB
:104DE0001346FB80FB881A46B968F868FFF7F5FEA2
:104DF00000BF1037BD4680BD80B582B000AF78607F
:104E00007B689B6803F134007B689B68B3F85A1099
:104E10007B689B68B3F858301A46FFF773F97B68D4
:104E20009B689B8EC3F1010319467868EFF742FC3B
:104E30007B689B681B8F013B19467868EFF70EFC77
:104E40007868EFF7ADFB00BF0837BD4680BD80B581
:104E500082B000AF78607868EFF71CFE7868FFF7E3
:104E6000B8FC0346002B05D07868EFF72BFE786876
:104E7000FFF78CFD00BF0837BD4680BD80B584B00C
:104E800002AF78607B689B681B7D022B16D87B681D
:104E90009B6803F522704FF0FF324FF0FF33CDE9EE
:104EA000002300220821FFF728FC7B689B6803F59C
:104EB000227308211846FFF712FC0DE000BF786846
:104EC000FFF7A7FC034683F00103DBB2002BF6D10A
:104ED00000217868FFF7ADFC00BF0837BD4680BDF4
:104EE00090B589B000AFF860B9607A600023FB61CB
:104EF00023E0FB685B681B68DC68FB685868BA687D
:104F0000FB69D11807F114037A68A047B861BB693F
:104F1000002B16DB7B69FA691344FB617B697A68B5
:104F2000D31A7B607B69002B07D1FB689B681B7DD4
:104F3000032B02D0F868FFF7A1FF7B68002BD8D1C4
:104F400000E000BF00BF2437BD4690BD80B584B0EF
:104F500000AFF860B9607A607A68B968F868FFF7FE
:104F6000BFFF00BF1037BD4680BD80B582B000AF27
:104F7000786039603B681B7819467868EFF740FE27
:104F80003B685B7819467868EFF708FE0837BD463E
:104F900080BD80B586B000AFF8607B600B46FB72C9
:104FA0001346BB72F868FFF7F4FB0346002B2AD0C8
:104FB000FB689B6893F84230FA7A9A4223D007F153
:104FC00014031946F868FFF766FCFB7A1946F8687F
:104FD000EFF716FEBB7A002B06D0FB685B69796899
:104FE0001846EEF767FF06E0FB685B693A6A796886
:104FF0001846EEF745FF07F114031946F868FFF766
:10500000B4FF00BF10E0BB7A002B06D0FB685B69E1
:1050100079681846EEF74EFF06E0FB685B693A6A6E
:1050200079681846EEF72CFF00BF1837BD4680BDE3
:1050300080B588B002AFF8600B467A60FB7200233F
:105040007B61F97A7B6900937B680122F868FFF73E
:10505000A0FF00BF1837BD4680BD80B586B002AF47
:10506000F8607A603B600B46FB72F97A3B6800930C
:105070007B680022F868FFF78CFF00BF1037BD4641
:1050800080BD0CB480B584B000AF78600B46FB7077
:1050900007F11C03FB60F978FB68BA697868FFF7D1
:1050A000DCFF00BF1037BD46BDE8804002B070474E
:1050B00090B597B000AF78604FF47A737B650023AA
:1050C000FB607B685B681B681C697B68586807F13C
:1050D0000C0307F110014022A0473865FB68002B44
:1050E00008D03B6D002B05D17B6D013B7B657B6D53
:1050F000002BE6DC00BF5C37BD4690BD80B582B0BA
:1051000000AF78607B68002B05D07868EBF778F803
:1051100003469BB200E0002318460837BD4680BD19
:1051200080B582B000AF78607B685B691846FEF797
:1051300047FF00BF0837BD4680BD0EB480B585B0BF
:1051400000AF786007F12003FB60FA68F9697868BE
:10515000EEF796FE00BF1437BD46BDE8804003B0B1
:10516000704780B58EB000AFF860B9607A600023F8
:10517000FB620023FB8600233B630FE0FB8E7B85F5
:10518000FB6A1B681846FFF7B9FF03463B853A8D5B
:105190007B8D934238BF13469BB2FB863B6B5A1CF8
:1051A0003A6307F114021946B868FFF759F8F86234
:1051B000FB6A002BE2D1FB8E002B20D07B68002BFA
:1051C00004D07A680821F868FFF75BFF00233B638F
:1051D00007E0FB6A1968FB6A5B68FA8EF868EFF70C
:1051E000B1FE3B6B5A1C3A6307F114021946B868CA
:1051F000FFF736F8F862FB6A002BEAD100E000BF47
:105200003837BD4680BD90B482B000AF7860396059
:105210003A687B68BFF35B8F53E8001F41EA0200E6
:1052200043E80004002CF7D1BFF35B8F0B46184610
:105230000837BD4690BC704790B482B000AF78602C
:1052400039603A687B68BFF35B8F53E8001F01EA5F
:10525000020043E80004002CF7D1BFF35B8F0B463C
:1052600018460837BD4690BC704780B582B000AF85
:105270007860786805F092FC00BF0837BD4680BDB5
:1052800080B582B000AF78607B685B691846FEF736
:1052900097FE00BF0837BD4680BD0EB480B585B00F
:1052A00000AF786007F12003FB60FA68F96978685D
:1052B000EEF7E6FD00BF1437BD46BDE8804003B001
:1052C000704780B586B000AF78600B46FB707B6896
:1052D0009B6803F520737B610023FB603B7B43F0FD
:1052E00010033B73FB78002B07D0FB6819467869E5
:1052F000FFF789FF0346FB6007E0FB68DB431946C5
:105300007869FFF799FF0346FB603B7B03F01003CE
:10531000DBB2002B14BF01230023FB74FB7C184677
:105320001837BD4680BD80B483B000AF78607B681D
:105330009B68D3F88032C3F34013DBB218460C37B6
:10534000BD4680BC704780B586B000AF78600B4624
:10535000FB707B689B6803F520737B610023FB6017
:105360003B7B43F020033B73FB78002B07D0FB68AB
:1053700019467869FFF747FF0346FB6007E0FB68C3
:10538000DB4319467869FFF757FF0346FB603B7B19
:1053900003F02003DBB2002B14BF01230023FB74B6
:1053A000FB7C18461837BD4680BD80B483B000AF83
:1053B00078607B689B68D3F88032C3F34003DBB22C
:1053C00018460C37BD4680BC704780B586B000AF2C
:1053D00078600B46FB707B689B6803F520737B61EC
:1053E0000023FB603B7B43F002033B73FB78002B05
:1053F00007D0FB6819467869FFF705FF0346FB6095
:1054000007E0FB68DB4319467869FFF715FF0346A1
:10541000FB603B7B03F00203DBB2002B14BF0123D4
:105420000023FB74FB7C18461837BD4680BD80B551
:1054300086B000AF78600B46FB707B689B6803F515
:1054400020737B610023FB603B7B43F008033B73CD
:10545000FB78002B07D0FB6819467869FFF7D3FE6D
:105460000346FB6007E0FB68DB4319467869FFF7FA
:10547000E3FE0346FB603B7B03F00803DBB2002B3B
:1054800014BF01230023FB74FB7C18461837BD466C
:1054900080BD80B584B000AF78600023FB60786881
:1054A000EFF702FE6FF0F9017868EFF7D7F8FA210D
:1054B0007868EFF7FFF807F1080207F10A031946C9
:1054C0007868EFF725FE0346002B0ED17B89002B71
:1054D0000BD03B89002B08D07B689B687A89DA87E0
:1054E0007B689B683A899A8702E06FF08503FB60CE
:1054F0007868EFF7F3FDFB6818461037BD4680BDAE
:1055000080B485B000AFF860B9607A6000231846B7
:105510001437BD4680BC704780B584B000AFF860DA
:10552000B9607A600021F868FFF781FF0023184610
:105530001037BD4680BD80B584B000AFF860B9605B
:105540007A600121F868FFF772FF002318461037D0
:10555000BD4680BD80B584B000AFF860B9607A60A8
:105560000021F868FFF7ADFE002318461037BD464E
:1055700080BD80B584B000AFF860B9607A60012169
:10558000F868FFF79EFE002318461037BD4680BD21
:1055900080B584B000AFF860B9607A600021F86827
:1055A000FFF7D1FE002318461037BD4680BD80B5F9
:1055B00084B000AFF860B9607A600121F868FFF745
:1055C000C2FE002318461037BD4680BD80B584B0AA
:1055D00000AFF860B9607A60FB681B681946F8682C
:1055E000FEF753FC002318461037BD4680BD80B53A
:1055F00084B000AFF860B9607A600021F868FFF706
:10560000E4FE002318461037BD4680BD80B584B047
:1056100000AFF860B9607A600121F868FFF7D5FE45
:10562000002318461037BD4680BD80B485B000AF5A
:10563000F860B9607A60FB689B6900221A600023F9
:1056400018461437BD4680BC704780B483B000AFA5
:1056500078607B6800221A607B6800225A6000BF75
:105660000C37BD4680BC704780B483B000AF786013
:105670007B681B687A689A420CBF01230023DBB267
:1056800018460C37BD4680BC704780B582B000AF6D
:1056900078607868FFF7E8FF0346002B02D17B684B
:1056A0001B6800E0002318460837BD4680BD80B463
:1056B00083B000AF786039607B685B683A689A4273
:1056C00002D03B681B6800E0002318460C37BD463B
:1056D00080BC704780B483B000AF786039607B686D
:1056E0001B683A689A4202D03B685B6800E000237E
:1056F00018460C37BD4680BC704780B582B000AFFD
:10570000786039603B68002B05D039687868FFF70E
:10571000E1FF034600E0002318460837BD4680BD80
:1057200080B582B000AF78607868FFF79DFF0346D0
:10573000002B02D17B685B6800E000231846083725
:10574000BD4680BD80B485B000AF786039607B68AD
:105750001B68FB603B68FA681A603B687A685A60AD
:10576000FB683A685A607B683A681A6000BF143771
:10577000BD4680BC704780B584B000AF78607B6860
:105780005B68FB607B681B68BB60FB68BA681A607B
:10579000BB68FA685A607868FFF757FF00BF103798
:1057A000BD4680BD80B483B000AF78607B680022C6
:1057B000DA6000BF0C37BD4680BC704780B586B04C
:1057C00000AFF8607A603B600B46FB72FB7A002BFF
:1057D00015D0FB68DB68002B06D1FB680433184644
:1057E000FFF753FF034608E0FB681A1DFB68DB6800
:1057F00019461046FFF75BFF03467B6108E0FB6834
:105800001A1DFB68DB6819461046FFF776FF7861C2
:10581000FB687A69DA607B69002B04D13B6800225F
:105820001A80002316E07B693B613B6903F10A01A2
:105830003B691B891A467868EAF720FF3B691A8999
:105840003B681A803B681B881A467B681344002219
:105850001A70012318461837BD4680BD80B584B044
:1058600000AF78607B6804331846FFF7FDFE0346FF
:10587000002B01D000230FE07B6804331846FFF7AC
:105880004FFFF860F868FFF776FF7B681B68F968E0
:10589000184605F05FFB012318461037BD4680BD52
:1058A00080B588B000AFF860B9607A607B680A3371
:1058B000FB61F868FFF776FF7B68002B46D0FB683A
:1058C00004331846FFF7E1FEB861BB69002B00D135
:1058D00012E0BB697B617B691B891A467B68934236
:1058E0000AD17B690A337A68B9681846F9F766F90C
:1058F0000346002B00D12AE0FB6818684FF0000235
:105900004FF00003F969F5F75BFC38613B69002B48
:1059100012D07B689AB23B691A813B690A337A6874
:10592000B9681846EAF7AAFEFB6804333A691146DB
:105930001846FFF707FF0AE0F868FFF78FFF0346F6
:1059400083F00103DBB2002BD6D000E000BF20378C
:10595000BD4680BD80B582B000AF786000BF78687A
:10596000FFF77CFF0346002BF9D17B680022DA6049
:1059700000BF0837BD4680BD80B582B000AF7860FB
:105980007B68002B05D07868EAF73AFC03469BB2A7
:1059900000E0002318460837BD4680BD80B588B0BA
:1059A00000AFF860B9607A603B607868FFF7E4FFA9
:1059B0000346FB83BB681B881A46FB8B1344FF2BF3
:1059C00001DD01232DE03968F868F9F799FDB86128
:1059D000BB69002B01D1022323E0B869FFF7CCFF9C
:1059E0000346FB82FB8B0133BA69D018FB8A013373
:1059F0001A46B969F8F79CFFFB8B1A467968B869B3
:105A0000EAF73CFEFB8BBA69134420221A70BB688C
:105A10001A88FB8B13449BB201339AB2BB681A807D
:105A2000002318462037BD4680BD80B584B000AF46
:105A300078607868FFF7A0FF03467B810023FB6056
:105A400010E07A68FB6813441B783F2B05D07A6816
:105A5000FB6813441B782A2B01D1012307E0FB6864
:105A60000133FB607B89FA689A42EAD30023184627
:105A70001037BD4680BD80B582B000AF78607B68CE
:105A80009B6803F5B0734FF4807200211846F9F754
:105A900033F87B689B6803F5B0707B689B6803F103
:105AA00060017B689B68B3F858301A46EAF7E6FD58
:105AB0007B689B6803F5B0731846EEF7DDFB7B68E7
:105AC0009B6803F5B0731846FFF756FF03461A4666
:105AD0007B689B68013292B2A3F85C2000BF083754
:105AE000BD4680BD80B586B000AFF860B9607A6011
:105AF0000323FB75BB68002B01D1FB7D12E07868A6
:105B0000FFF793FF034683F00103DBB2002B01D0C4
:105B1000FB7D07E07A68B968F868EFF75FFD034638
:105B2000FB75FB7D18461837BD4680BD80B582B039
:105B300000AF78607B689B6803F160007B689B68BE
:105B400003F5B0717B689B68B3F85C301A46EAF7DE
:105B500095FD7B689A687B689B68B2F85C20A3F827
:105B6000582000BF0837BD4680BD80B500AFF7F7AD
:105B70002DFE0346184680BD80B582B000AF786028
:105B80007868F0F701FC00BF0837BD4680BD80B5DE
:105B900084B000AFF860B9607A607A68B968F86874
:105BA000F8F7AAFF00BF1037BD4680BD80B584B0AE
:105BB00000AFF860B9607A607A68B968F868EAF7A7
:105BC0005DFD00BF1037BD4680BD80B588B000AF19
:105BD000F860B9607A60FB681B68FB61FB68BB61B9
:105BE0007B687B6100BFF968F869EFF701FE00BFD1
:105BF0002037BD4680BD80B500AFEFF71DFEF0F742
:105C0000ADFB00BF80BD80B584B000AF7860396067
:105C1000EFF716FE03465B423A6813443B60386870
:105C2000EFF720FE0023FB600823FB60FB685B426C
:105C30003A6813443B603A687B68C3F8AC20EFF7DE
:105C4000FFFD0246FB68134418461037BD4680BD71
:105C500080B483B000AF7860396000BF0C37BD46B8
:105C600080BC704780B483B000AF78600B46FB7097
:105C7000002318460C37BD4680BC704780B582B003
:105C800000AF7860F0F712FA80B582B000AF7860AC
:105C90007B681BB21846F0F731FA00BF0837BD46E3
:105CA00080BD80B584B000AFF860B9607A60BB6831
:105CB0000133BB60FB681BB2B9681846F0F73AFACB
:105CC00000BF1037BD4680BD80B582B000AF7860A0
:105CD00000210120EFF78CFD00BF0837BD4680BDD5
:105CE00080B500AFF0F750FAF0F768FAEFF700FD73
:105CF000EFF71AFD00F059F800F06EF8F5F7C0F96B
:105D000080B584B000AF7860396039687868F0F7A2
:105D1000A9FAF860FB6818461037BD4680BD80B40C
:105D200083B000AF78606FF0850318460C37BD462E
:105D300080BC704780B400AF00BFBD4680BC7047D8
:105D400080B485B000AF786061B600BF62B600BFB6
:105D50007B68FB60FB68BB60BB6883F3118800BF96
:105D6000BFF36F8F00BF00BF00BF1437BD4680BCBC
:105D7000704780B483B000AF72B600BF00237B6071
:105D80007B6883F3118800BFBFF36F8F00BFBFF341
:105D90004F8F00BF30BF62B600BFBFF36F8F00BF31
:105DA00000BF0C37BD4680BC704780B582B000AFE5
:105DB00000237B6008E07B681BB201211846F0F7E6
:105DC00041FB7B6801337B607B68662BF3DD00BFA2
:105DD00000BF0837BD4680BD80B400AF00BFBD46E0
:105DE00080BC704780B400AF00BFBD4680BC704728
:105DF00080B485B000AF78607B685A687B685B6868
:105E0000013B1340002B0DD17B685B681F2B09D928
:105E10007B681A687B685B68013B1340002B01D1EB
:105E2000012300E00023FB60FB6818461437BD46E1
:105E300080BC704780B483B000AF78607B68202B53
:105E400001D808230EE07B68B3F1004F01D93E234F
:105E500008E07B68013BB3FA83F3C3F11F035B00E7
:105E600003F03E0318460C37BD4680BC704790B522
:105E700085B000AFF860B9607A603B60BB681C68B1
:105E80003868FFF7D7FF034644EA0302FB681A604D
:105E900000BF1437BD4690BD80B582B000AF7860BA
:105EA0007868F0F7B5FB00BF0837BD4680BD90B5F8
:105EB00083B000AF03463960FB71FC79F0F7BAFBA1
:105EC0000346013B9C4203D900BF6FF0150306E077
:105ED00000BFFB7939681846F0F7CEFBFB7918460E
:105EE0000C37BD4690BD90B587B000AF0346396012
:105EF000FB7100BF3B681B68FB603B6803F1080156
:105F00003B681A683B685C6807F10C0303F1080002
:105F10002346FFF7ACFF07F10C02FB791146184648
:105F2000FFF7C5FF034618461C37BD4690BD80B538
:105F300084B000AF7860084611461A460346FB70ED
:105F40000B46BB7013467B70BB78FB600023BB60C5
:105F50003BE0BA6813465B0013449B001A467B681B
:105F600013445B68002B2CD07B78002B11D0BA68CF
:105F700013465B0013449B001A467B681344184683
:105F8000FFF736FF0346002B03D100BF6FF0150368
:105F900020E0FB68D8B2BA6813465B0013449B004C
:105FA0001A467B6813441946FFF79DFFF860FB68AB
:105FB00013F1160F01D1FB680CE0FB680133FB60A5
:105FC00000E000BFBB680133BB60FB78BA689A424F
:105FD000BFDBFB6818461037BD4680BD80B584B076
:105FE00000AFF8607A603B600B46FB72F97A3B6861
:105FF0007A68F868F0F760FB00BF1037BD4680BDD7
:1060000080B582B000AF78600B46FB70FB78194614
:106010007868F0F76FFB00BF0837BD4680BD80B5DC
:1060200084B000AF03463960FB713B68FB60FB68DE
:106030001B69F879FA685269114698470023184697
:106040001037BD4680BD80B582B000AF7860396042
:1060500039687868F0F73EFD034618460837BD46B4
:1060600080BD80B582B000AF03463960FB71FB791B
:1060700039681846FFF7E7FF002318460837BD4682
:1060800080BD80B58AB000AFF8600B467A60FB72C5
:10609000FB681B683B613B691B78212B03D03B6984
:1060A0001B785E2B01D1012300E00023FB61FB691B
:1060B000002B02D03B6901333B61FB7A79681846BB
:1060C000F0F750FF0346FB7200233B623B69BB6164
:1060D0003B691B785D2B0DD13B69BA699A4209D2A5
:1060E0003B6901333B6100BF3A6AFB699A4200F0A9
:1060F000A3809CE03B691B78002B02D14FF0FF335B
:106100009BE03B691B782F2B06D17B6803F00203D1
:10611000002B01D0012390E03B691B785C2B0ED152
:106120007B6803F00103002B09D13B6901333B611C
:106130003B691B78002B17D14FF0FF337DE0FA7AD3
:1061400007F1100311461846F0F70EFD0346012B28
:1061500069D0012B08DCB3F1FF3F04D0002B03D141
:1061600001233B6262E000BF3B695A1C3A611B7825
:1061700079681846F0F7F6FE0346FB753B691B7815
:106180002D2B48D13B6901331B78002B43D03B6951
:1061900001331B785D2B3ED03B6901333B613B698A
:1061A0001B785C2B0BD17B6803F00103002B06D11D
:1061B0003B691B78002B02D03B6901333B613B6993
:1061C0001B7879681846F0F7CDFE034687F827302C
:1061D0003B6901333B6197F82730002B02D14FF028
:1061E000FF332AE07B6803F00803002B07D097F801
:1061F00027301846F8F7D8FC034687F82730FA7D91
:10620000FB7A9A4211D8FA7A97F827309A420CD83A
:1062100001233B6209E0FA7DFB7A9A427FF458AF92
:1062200001233B6254E700BF52E700BF50E73A69E1
:10623000FB681A60002300E0012318462837BD469A
:1062400080BD80B588B002AFF860B9607A603B600D
:106250003B6A5A1E3A62002B01D103234AE1FB68D4
:106260005A1CFA601B7839681846F0F77BFE034623
:10627000BB75BB681B7839681846F0F773FE034698
:106280007B75BB7D5C2B00F010815C2B00F32681BD
:106290005B2B00F0CC805B2B00F320813F2B18D0D0
:1062A0003F2B00F31B81002B02D02A2B3CD015E1A1
:1062B0003B6803F01003002B04D07B7D2F2B01D112
:1062C000002317E17B7D002B01D1002312E1012384
:1062D00010E17B7D002B01D101230BE17B7D2F2B76
:1062E00006D13B6803F00203002B01D0012301E13A
:1062F0007B7D2E2B14D13B6803F00403002B0FD0C1
:10630000BA687B689A4209D03B6803F00203002B0D
:1063100006D0BB68013B1B782F2B01D10123E9E09C
:10632000BB680133BB60E4E0FB681B783968184642
:10633000F0F718FE0346FB750AE0FB680133FB60CB
:10634000FB681B7839681846F0F70CFE0346FB75AE
:10635000FB7D2A2BF1D07B7D2E2B14D13B6803F0E3
:106360000403002B0FD0BA687B689A4209D03B68BF
:1063700003F00203002B06D0BB68013B1B782F2BD8
:1063800001D10123B6E0FB7D002B16D13B6803F061
:106390000203002B01D10023ACE03B6803F01003A3
:1063A000002B06D12F21B868F8F736FC0346002BE6
:1063B00001D100239EE001239CE0FB7D2F2B2FD1F8
:1063C0003B6803F00203002B2AD02F21B868F8F7AE
:1063D00023FCB860BB68002B40F08A80012389E071
:1063E000F8683B6A00933B687A68B968FFF729FF51
:1063F0000346002B01D100237CE0BB681B78396881
:106400001846F0F7AFFD03467B757B7D2F2B04D13B
:106410003B6803F00203002B06D1BB680133BB606D
:106420007B7D002BDCD100E000BF012362E07B7D9F
:10643000002B01D101235DE07B7D2F2B06D13B6832
:1064400003F00203002B01D0012353E07B7D2E2BB0
:1064500014D13B6803F00403002B0FD0BA687B68AB
:106460009A4209D03B6803F00203002B06D0BB68B8
:10647000013B1B782F2B01D101233BE0797D07F1F4
:106480000C033A681846FFF7FCFD0346012B06D0C3
:10649000012B06DCB3F1FF3F1DD0002B01E00123EF
:1064A00028E0BB680133BB6023E03B6803F00103D5
:1064B000002B12D1FB681B78002B01D1012319E0BE
:1064C000FB685A1CFA601B7839681846F0F74AFDD9
:1064D0000346BB7502E000BF00E000BFBA7D7B7DD4
:1064E0009A4201D0012305E0BB680133BB6000E0A4
:1064F00000BFB4E618461837BD4680BD80B586B0EB
:1065000002AFF860B9607A60402300937B68BA6894
:10651000B968F868FFF795FE034618461037BD4680
:1065200080BD80B584B000AF786039607B689B68BF
:10653000FB60FB681B68002B02D16FF0570305E07E
:10654000FB681B6839687868984703461846103717
:10655000BD4680BD80B483B000AF7860396000BFB5
:106560000C37BD4680BC704780B483B000AF786004
:1065700000BF0C37BD4680BC704780B483B000AF0D
:1065800078604FF0B043D3F888207B6813407A6876
:106590009A4201D1012300E0002318460C37BD4682
:1065A00080BC704780B483B000AF78604FF0B043D8
:1065B000D3F898207B6813407A689A4201D101236E
:1065C00000E0002318460C37BD4680BC704780B4FD
:1065D00083B000AF78604FF0B043D3F8A8207B6859
:1065E00013407A689A4201D1012300E00023184643
:1065F0000C37BD4680BC704780B483B000AF786074
:106600004FF0B0427B68C2F8883000BF0C37BD46FF
:1066100080BC704780B483B000AF78604FF0B04268
:106620007B68C2F8983000BF0C37BD4680BC70470D
:1066300080B483B000AF78604FF0B0427B68C2F89E
:10664000A83000BF0C37BD4680BC704780B483B013
:1066500000AF78607B6803F01F03012202FA03F3A6
:1066600018460C37BD4680BC704780B584B000AF7B
:1066700078600023FB727868FFF7E8FFF8607B68BA
:106680005F2B02D900BF002333E04FF480110020BC
:10669000FFF760FF7B681F2B0AD8F868FFF76DFFD4
:1066A0000346002B14BF01230023DBB2FB721CE066
:1066B0007B683F2B0AD8F868FFF774FF0346002B6E
:1066C00014BF01230023DBB2FB720EE07B685F2B5B
:1066D0000AD8F868FFF77BFF0346002B14BF01239D
:1066E0000023DBB2FB7200E000BF0020FFF73CFF9D
:1066F000FB7A18461037BD4680BD80B584B000AF28
:1067000078607868FFF7A2FFF8607B685F2B03D999
:1067100000BF6FF015031EE04FF480110020FFF75B
:1067200019FF7B681F2B03D8F868FFF765FF0EE0A1
:106730007B683F2B03D8F868FFF76CFF07E07B68A6
:106740005F2B03D8F868FFF773FF00E000BF00205D
:10675000FFF70AFF002318461037BD4680BD80B5FD
:1067600082B000AF7860F0F73FFC03461846083768
:10677000BD4680BD80B483B000AF78607B6803F015
:106780001F03012202FA03F318460C37BD4680BCF2
:10679000704780B483B000AF7860396000BF0C37B9
:1067A000BD4680BC704780B483B000AF786000BF46
:1067B0000C37BD4680BC704780B483B000AF7860B2
:1067C00039607A683B68B2FBF3F318460C37BD4674
:1067D00080BC70472DE9B04F8CB000AF7862396251
:1067E000FA61BB61FB6900223B607A60D7E9002354
:1067F000C7E90A237A6A3B6AB2FBF3F300229A469E
:106800009346D7E90A014FF000024FF000034B0313
:1068100043EAD0434203B969002039617861D7E97E
:106820000401844612EB0C0843EB010908FB0BF250
:106830000AFB09F31344AAFB08452B441D464FF0FD
:1068400000004FF00001600B40EAC540690B3B6D52
:106850000022BB60FA60D7E90223E9F7F9FF02469C
:106860000B46134618463037BD46BDE8B08F80B59D
:1068700082B002AFF1F780F9022300930023C02217
:106880000521FFF7A7FF03461846BD4680BD80B52A
:1068900082B000AF78604FF44040F0F7D7FC00BF03
:1068A000F0F7E8FC0346002BFAD00023184608371F
:1068B000BD4680BD80B483B000AF78607B68002B9C
:1068C00001D1012300E0002318460C37BD4680BCEF
:1068D000704780B483B000AF78607B68012B2CD008
:1068E0007B68042B29D07B68052B26D07B68022B84
:1068F00023D07B68032B20D07B68082B1DD07B68BE
:10690000092B1AD07B680A2B17D07B680B2B14D06D
:106910007B680C2B11D07B680D2B0ED07B680E2B67
:106920000BD07B680F2B08D07B68122B05D07B68BF
:10693000132B02D07B68102B01D1002301E06FF0F4
:10694000850318460C37BD4680BC704780B500AF44
:10695000F0F7A2FCF0F7AEFC00BFF0F7B9FC03467D
:10696000012BFAD1F0F73AFD00BFF0F745FD0346E1
:10697000012BFAD1EAF702FE0020F0F709FDF0F74B
:10698000F9FC00BFF0F718FD0346012BFAD1EAF736
:106990003DFEF0F7CFFC00BFF0F7DAFC0346012B19
:1069A000FAD100BF00BF80BD80B500AFF0F7B0FCEA
:1069B0000346012B07D0F0F79DFC00BFF0F7A8FCC1
:1069C0000346012BFAD10020F0F728FD00BFF0F7B5
:1069D00039FD0346002BFAD100BF00BF80BD80B552
:1069E00084B000AFF0F72EFD0346182B04D1FFF75B
:1069F000DBFF0020F0F746FDF0F7DEFDF0F7D6FEF6
:106A0000F0F7CEFF0220F0F7B5FD3B1D194605203B
:106A1000F1F744F9F860FB68002B01DAFB6897E0B6
:106A20007B681846FFF746FFB8600520F0F75AFE6E
:106A30007B681846F0F72CFEB868F0F715FEC0200A
:106A4000F0F73AFEF0F702FE0220F0F75FFEF0F7F3
:106A5000D3FD0220F0F770FEF0F7DCFD0220F0F726
:106A600081FEF0F7E5FDF0F799FD00BFF0F7B2FD0C
:106A70000346012BFAD13B1D19461020F1F70EF900
:106A8000F860FB68002B01DAFB6861E07B68184660
:106A9000FFF710FFB8601020F0F71EFF7B68184664
:106AA000F0F7F0FEB868F0F7D9FE8020F0F7FEFEB0
:106AB000F0F7C6FE0220F0F723FFF0F797FE022062
:106AC000F0F734FFF0F7A0FE0220F0F745FFF0F7F3
:106AD000A9FEF0F75DFE00BFF0F776FE0346012B3E
:106AE000FAD13B1D19461020F1F7D8F8F860FB6881
:106AF000002B01DAFB682BE07B681846FFF7DAFE13
:106B0000B8601020F0F7E2FF7B681846F0F7B4FF9A
:106B1000B868F0F79DFF8020F0F7C2FFF0F78AFF1A
:106B20000220F0F7E7FFF0F75BFF0220F0F7F8FF35
:106B3000F0F764FF0220F1F709F8F0F76DFFF0F7C6
:106B400021FF00BFF0F73AFF0346012BFAD10023E3
:106B500018461037BD4680BD80B582B000AF786062
:106B6000786804F090F8034618460837BD4680BDA3
:106B700080B582B000AF78600B46FB707B689B6885
:106B8000DB69FA7811467868984700BF0837BD4638
:106B900080BD80B582B000AF78600B46FB70FB789B
:106BA00019467868FFF7E4FF00BF0837BD4680BD8F
:106BB00080B483B000AF7860002318460C37BD4620
:106BC00080BC704780B485B000AFF860C7E900238F
:106BD000002318461437BD4680BC704780B487B088
:106BE00000AFF860B9607A60FB687B61BB689A00AF
:106BF0007B6913441B6823F0FF02BB6899007B6923
:106C00000B4419467B6813430B6000BF1C37BD461D
:106C100080BC704780B582B000AF7860786804F0BF
:106C200032F8034618460837BD4680BD80B584B0AB
:106C300000AFF860B9607A60FB689B681B687A688F
:106C4000B968F8689847034618461037BD4680BDB6
:106C500090B589B002AFF860B9607A603B60FB68BC
:106C60009B687B617B695B68002B0AD07B695C68F1
:106C7000BB6A00933B687A68B968F868A047034626
:106C800001E06FF0570318461C37BD4690BD80B534
:106C900082B000AF786039607B689B689B68396818
:106CA00078689847034618460837BD4680BD80B5CA
:106CB00084B000AF786039607B689B68FB60FB68DC
:106CC000DB68002B02D16FF0570305E0FB68DB683F
:106CD000396878689847034618461037BD4680BD26
:106CE00080B586B000AFF860B9607A60FB689B68D9
:106CF0007B617B699B69002B07D07B699B697A6804
:106D0000B968F8689847034601E06FF057031846E2
:106D10001837BD4680BD80B584B000AF786039605B
:106D20007B689B68FB60FB681B68002B02D16FF0DF
:106D3000570305E0FB681B68396878689847034685
:106D400018461037BD4680BD80B58AB000AFF860E8
:106D5000B9607A60FB685B687B617B681B78BB61AC
:106D60007B699B7B1A467B695B7B1344BA699A42B9
:106D700003DD00BF6FF015032DE07B691B7B1A4616
:106D8000BB68934203D300BF6FF0150323E07B6918
:106D90001A69BB68DB0013441B68FB617B691A69D5
:106DA000BB68DB0013441B793B627A68396AF86977
:106DB000FFF73CFF0346002B03D000BF6FF0150325
:106DC00009E07B699B687B62BB691A46B968786A8F
:106DD000FFF704FF002318462837BD4680BD80B565
:106DE00086B000AF786039607B685B68FB60FB68E9
:106DF0001B7B1A463B68934203D300BF6FF0150319
:106E000019E0FB681A693B68DB0013441B687B616F
:106E1000FB681A693B68DB0013441B793B613969E5
:106E20007869FFF734FF0346002B03D000BF6FF0F3
:106E3000150300E0002318461837BD4680BD80B515
:106E400086B000AF786039607B685B68FB60FB6888
:106E50001B7B1A463B68934203D300BF6FF01503B8
:106E600019E0FB681A693B68DB0013441B687B610F
:106E7000FB681A693B68DB0013441B793B61396985
:106E80007869FFF714FF0346002B03D000BF6FF0B3
:106E9000150300E0002318461837BD4680BD80B5B5
:106EA0008AB002AFF860B9607A603B60FB685B68EB
:106EB0007B617B691B7B1A46BB68934203D300BF8F
:106EC0006FF015031DE07B691A69BB68DB00134492
:106ED0001B68FB617B691A69BB68DB0013441B7983
:106EE000BB61BB6A00933B687A68B969F869FFF7D0
:106EF000AFFE0346002B03D000BF6FF0150300E088
:106F0000002318462037BD4680BD80B588B000AF4D
:106F1000F860B9607A60FB685B687B617B691B7BAA
:106F20001A46BB68934203D300BF6FF015031AE003
:106F30007B691A69BB68DB0013441B68FB617B69D2
:106F40001A69BB68DB0013441B79BB617A68B969B5
:106F5000F869FFF7C5FE0346002B03D000BF6FF0B2
:106F6000150300E0002318462037BD4680BD80B5DC
:106F700084B000AFC7E90001D7E9000100F018F8BC
:106F8000C7E90201D7E900234FF0FF304FF0FF318E
:106F90008B4208BF824202D14FF0FF3304E0D7E9B1
:106FA0000201F1F7A7FB034618461037BD4680BD26
:106FB00080B582B000AFC7E90001D7E90001F6F75C
:106FC00007FB02460B46104619460837BD4680BDF2
:106FD00080B584B000AF786039607B689B68FB60E7
:106FE000FB681B68002B02D16FF0570305E0FB68BC
:106FF0001B68396878689847034618461037BD46BD
:1070000080BD80B584B000AF786039607B685B6814
:10701000FB60FB681B69BB603968B86800F090FFD3
:1070200000BF1037BD4680BD80B584B000AF78602A
:1070300039607B685B68FB60FB681B69BB60396813
:10704000B868F1F743FF3968B868F1F72DFF396880
:10705000B86800F0C2FF00BF1037BD4680BD90B5D4
:1070600089B000AF786039607B685B68BB61BB69E1
:107070001B697B61BB69DA693B685B0113443B6157
:107080003B695B7A83F00103DBB2002B0CD03B69D8
:107090009B7ADBB283F00103DBB2002B04D03968AA
:1070A0007868FFF7C1FF73E03B695B68FB60396894
:1070B000786900F071FF0346002B0DD03B695B7AC5
:1070C00083F00103DBB2002B03D039687869F1F754
:1070D000EBFE0123FB614FE03968786900F03BFF6C
:1070E0000346002B17D03B691B7F83F00103DBB203
:1070F000002B02D03B6900229A723B695B7A83F0D5
:107100000103DBB2002B03D039687869F1F7DEFEAA
:107110000023FB6130E03968786900F073FF0346B3
:10712000002B13D03B695B7A83F00103DBB2002BA9
:1071300008D000BF3968786900F002FF39687869C3
:1071400000F04BFF6FF00403FB6115E03B695B7AD5
:1071500083F00103DBB2002B0BD000BF3B690022A0
:107160009A7239687868FFF74CFF39687868FFF7DA
:107170005BFF6FF00403FB613B699B69002B07D049
:107180003B699C693B695969FB69FA687868A04763
:107190002437BD4690BD80B483B000AF034639604C
:1071A000FB71FB79022B0ED0022B10DC002B02D0DE
:1071B000012B04D00BE03B6880221A600BE03B6897
:1071C00040221A6007E03B6800221A6003E000BF1B
:1071D0006FF0150300E0002318460C37BD4680BC55
:1071E000704780B483B000AF03463960FB71FB7910
:1071F000022B0BD0022B10DC002B02D0012B09D06C
:107200000BE03B684FF480621A600AE03B680022A2
:107210001A6006E06FF0850304E000BF6FF015030D
:1072200000E0002318460C37BD4680BC704780B490
:1072300083B000AF03463960FB71FB79022B0BD0A2
:10724000022B10DC002B02D0012B09D00BE03B6895
:107250004FF400721A600AE03B6800221A6006E0F0
:107260006FF0850304E000BF6FF0150300E000231A
:1072700018460C37BD4680BC704780B584B000AF5F
:10728000786039600023FB603968786800F001FF9E
:107290000346002B01D1002112E0FB685A1CFA6062
:1072A00041F28832934202DD6FF00F0108E04FF0A7
:1072B0000A024FF0000310461946FFF758FEE3E7B5
:1072C0000B4618461037BD4680BD80B588B000AF6C
:1072D000F860B9607A603B60FB685B68FB61FB69E2
:1072E0001B69BB61BB68013BBB60FB695B69BA683A
:1072F0009A4202D36FF0150369E0FB69DA69BB6853
:107300005B0113447B61B968B869FFF7B6FF0346B8
:10731000002B02D06FF00F0359E07B691B68022B32
:1073200018D0022B29D8002B14D0012B25D1B868F6
:10733000F1F7AAFD03467A681946B869F1F706F92C
:10734000B868F1F7A1FD03463A681946B869F1F744
:1073500017F915E0B868F1F797FD03467A68194602
:10736000B869F1F70DF9B868F1F78EFD03463A6890
:107370001946B869F1F7EAF802E06FF0150326E064
:107380007B691B7A002B0DD0B868F1F77DFD0146B3
:107390007B69DB68BA6AB2FBF3F31A46B869F1F7A6
:1073A00057F80CE0B868F1F76FFD01467B691B697F
:1073B000BA6AB2FBF3F31A46B869F1F749F87B6988
:1073C00001229A72B968B86900F03BFE00231846A2
:1073D0002037BD4680BD80B586B000AF786039608B
:1073E0007B685B687B617B691B693B613B68013B38
:1073F0003B607B695B693A689A4202D36FF0150380
:107400001AE03968386900F02DFE0346002B01D0E0
:10741000002311E07B69DA693B685B011344FB6080
:10742000FB6801229A7239687868FFF7FDFD3968B8
:10743000386900F006FE002318461837BD4680BDA7
:1074400080B586B000AF786039607B685B687B612F
:107450007B691B693B613B68013B3B607B695B6906
:107460003A689A4202D36FF0150332E07B69DA6919
:107470003B685B011344FB60FB685B7A002B04D024
:10748000FB6800229A72002323E03968386900F013
:10749000E9FD034683F00103DBB2002B01D000239A
:1074A00017E03868F1F7F0FC034619463869F1F740
:1074B000E1F83968386900F00AFE39687868FFF742
:1074C000B3FD39683869FFF7D8FEFB6800229A726D
:1074D000002318461837BD4680BD80B588B000AF80
:1074E000F860B9607A60FB685B68FB61FB691B69E7
:1074F000BB61BB68013BBB60FB695B69BA689A42D0
:1075000002D36FF015031BE0FB69DA69BB685B010E
:1075100013447B61B868F1F7B7FC03461946B869B4
:10752000F0F7BCFF02467B685A607B691B68DAB2E1
:107530007B685A707B699B7ADAB27B681A70002389
:1075400018462037BD4680BD80B582B000AF786058
:1075500000217868FFF783FD0837BD4680BD80B500
:1075600082B000AF786001217868FFF778FD0837B6
:10757000BD4680BD80B582B000AF786002217868DA
:10758000FFF76DFD0837BD4680BD80B582B000AF06
:10759000786003217868FFF762FD0837BD4680BD3B
:1075A00080B582B000AF786004217868FFF757FD9E
:1075B0000837BD4680BD80B582B000AF7860052138
:1075C0007868FFF74CFD0837BD4680BD80B582B0B6
:1075D00000AF786006217868FFF741FD0837BD46A7
:1075E00080BD80B582B000AF786007217868FFF772
:1075F00036FD0837BD4680BD80B582B000AF7860EB
:10760000002200210B20FEF74CFB0B20FEF73CFB79
:10761000002200210C20FEF744FB0C20FEF734FB77
:10762000002200210D20FEF73CFB0D20FEF72CFB75
:10763000002200210E20FEF734FB0E20FEF724FB73
:10764000002200210F20FEF72CFB0F20FEF71CFB71
:10765000002200211020FEF724FB1020FEF714FB6F
:10766000002200211120FEF71CFB1120FEF70CFB6D
:10767000002200212F20FEF714FB2F20FEF704FB31
:1076800000BF0837BD4680BD80B582B000AF7860CE
:1076900000217868FFF7E3FC0837BD4680BD80B560
:1076A00082B000AF786001217868FFF7D8FC083716
:1076B000BD4680BD80B582B000AF78600221786899
:1076C000FFF7CDFC0837BD4680BD80B582B000AF66
:1076D000786003217868FFF7C2FC0837BD4680BD9B
:1076E00080B582B000AF786004217868FFF7B7FCFE
:1076F0000837BD4680BD80B582B000AF78600521F7
:107700007868FFF7ACFC0837BD4680BD80B582B015
:1077100000AF786006217868FFF7A1FC0837BD4606
:1077200080BD80B582B000AF786007217868FFF730
:1077300096FC0837BD4680BD80B582B000AF78604A
:10774000002200213820FEF7ACFA3820FEF79CFA20
:10775000002200213920FEF7A4FA3920FEF794FA1E
:10776000002200213A20FEF79CFA3A20FEF78CFA1C
:10777000002200213B20FEF794FA3B20FEF784FA1A
:10778000002200213C20FEF78CFA3C20FEF77CFA18
:10779000002200214420FEF784FA4420FEF774FA08
:1077A000002200214520FEF77CFA4520FEF76CFA06
:1077B000002200214620FEF774FA4620FEF764FA04
:1077C00000BF0837BD4680BD80B483B000AF78608D
:1077D0007B681B6803F01003102B01D1012300E02C
:1077E000002318460C37BD4680BC704780B483B078
:1077F00000AF78607B681B6803F48063B3F5806F2B
:1078000001D1012300E0002318460C37BD4680BC9F
:10781000704780B483B000AF78607B681B6803F466
:107820008013B3F5801F01D1012300E00023184627
:107830000C37BD4680BC704780B483B000AF786021
:107840007B681B6803F08063B3F1806F01D1012373
:1078500000E0002318460C37BD4680BC704780B45A
:1078600083B000AF78607B685B6803F01003102B77
:1078700001D1012300E0002318460C37BD4680BC2F
:10788000704780B483B000AF78607B685B6803F4B6
:107890008063B3F5806F01D1012300E00023184617
:1078A0000C37BD4680BC704780B483B000AF7860B1
:1078B0007B685B6803F48013B3F5801F01D101235B
:1078C00000E0002318460C37BD4680BC704780B4EA
:1078D00083B000AF78607B685B6803F08063B3F1CE
:1078E000806F01D1012300E0002318460C37BD460C
:1078F00080BC704780B483B000AF78607B681B6841
:1079000003F02003202B01D1012300E000231846BF
:107910000C37BD4680BC704780B483B000AF786040
:107920007B681B6803F40063B3F5006F01D101238A
:1079300000E0002318460C37BD4680BC704780B479
:1079400083B000AF78607B681B6803F40013B3F565
:10795000001F01D1012300E0002318460C37BD466B
:1079600080BC704780B483B000AF78607B681B68D0
:1079700003F00063B3F1006F01D1012300E00023A5
:1079800018460C37BD4680BC704780B483B000AF4A
:1079900078607B685B6803F02003202B01D1012312
:1079A00000E0002318460C37BD4680BC704780B409
:1079B00083B000AF78607B685B6803F40063B3F565
:1079C000006F01D1012300E0002318460C37BD46AB
:1079D00080BC704780B483B000AF78607B685B6820
:1079E00003F40013B3F5001F01D1012300E00023CD
:1079F00018460C37BD4680BC704780B483B000AFDA
:107A000078607B685B6803F00063B3F1006F01D1BD
:107A1000012300E0002318460C37BD4680BC7047A8
:107A200080B483B000AF78607B681B6803F001030B
:107A3000012B01D1012300E0002318460C37BD467D
:107A400080BC704780B483B000AF78607B681B68EF
:107A500003F04003402B01D1012300E0002318462E
:107A60000C37BD4680BC704780B483B000AF7860EF
:107A70007B681B6803F48033B3F5803F01D1012399
:107A800000E0002318460C37BD4680BC704780B428
:107A900083B000AF78607B681B6803F48003B3F5A4
:107AA000800F01D1012300E0002318460C37BD46AA
:107AB00080BC704780B483B000AF78607B685B683F
:107AC00003F00103012B01D1012300E0002318463C
:107AD0000C37BD4680BC704780B483B000AF78607F
:107AE0007B685B6803F04003402B01D1012300E079
:107AF000002318460C37BD4680BC704780B483B065
:107B000000AF78607B685B6803F48033B3F5803F37
:107B100001D1012300E0002318460C37BD4680BC8C
:107B2000704780B483B000AF78607B685B6803F413
:107B30008003B3F5800F01D1012300E00023184634
:107B40000C37BD4680BC704780B483B000AF78600E
:107B50007B6810229A6000BF0C37BD4680BC70471E
:107B600080B483B000AF78607B684FF480629A6025
:107B700000BF0C37BD4680BC704780B483B000AFF7
:107B800078607B684FF480129A6000BF0C37BD4666
:107B900080BC704780B483B000AF78607B684FF0E2
:107BA00080629A6000BF0C37BD4680BC704780B4CD
:107BB00083B000AF78607B681022DA6000BF0C37BA
:107BC000BD4680BC704780B483B000AF78607B68EE
:107BD0004FF48062DA6000BF0C37BD4680BC70474E
:107BE00080B483B000AF78607B684FF48012DA60B5
:107BF00000BF0C37BD4680BC704780B483B000AF77
:107C000078607B684FF08062DA6000BF0C37BD4659
:107C100080BC704780B483B000AF78607B6820225E
:107C20009A6000BF0C37BD4680BC704780B483B0FB
:107C300000AF78607B684FF400629A6000BF0C3739
:107C4000BD4680BC704780B483B000AF78607B686D
:107C50004FF400129A6000BF0C37BD4680BC7047DD
:107C600080B483B000AF78607B684FF000629A60A8
:107C700000BF0C37BD4680BC704780B483B000AFF6
:107C800078607B682022DA6000BF0C37BD4680BC7C
:107C9000704780B483B000AF78607B684FF40062B7
:107CA000DA6000BF0C37BD4680BC704780B483B03B
:107CB00000AF78607B684FF40012DA6000BF0C37C9
:107CC000BD4680BC704780B483B000AF78607B68ED
:107CD0004FF00062DA6000BF0C37BD4680BC7047D1
:107CE00080B483B000AF78607B6808229A6000BFE0
:107CF0000C37BD4680BC704780B483B000AF78605D
:107D00007B684FF400729A6000BF0C37BD4680BCA0
:107D1000704780B483B000AF78607B684FF4002276
:107D20009A6000BF0C37BD4680BC704780B483B0FA
:107D300000AF78607B684FF000729A6000BF0C372C
:107D4000BD4680BC704780B483B000AF78607B686C
:107D50000822DA6000BF0C37BD4680BC704780B493
:107D600083B000AF78607B684FF40072DA6000BFC8
:107D70000C37BD4680BC704780B483B000AF7860DC
:107D80007B684FF40022DA6000BF0C37BD4680BC30
:107D9000704780B483B000AF78607B684FF00072AA
:107DA000DA6000BF0C37BD4680BC704780B483B03A
:107DB00000AF78607B6804229A6000BF0C37BD4634
:107DC00080BC704780B483B000AF78607B684FF4AC
:107DD00080729A6000BF0C37BD4680BC704780B48B
:107DE00083B000AF78607B684FF480229A6000BF58
:107DF0000C37BD4680BC704780B483B000AF78605C
:107E00007B684FF080729A6000BF0C37BD4680BC23
:107E1000704780B483B000AF78607B680422DA607A
:107E200000BF0C37BD4680BC704780B483B000AF44
:107E300078607B684FF48072DA6000BF0C37BD4613
:107E400080BC704780B483B000AF78607B684FF42B
:107E50008022DA6000BF0C37BD4680BC704780B41A
:107E600083B000AF78607B684FF08072DA6000BF4B
:107E70000C37BD4680BC704780B483B000AF7860DB
:107E80007B6801229A6000BF0C37BD4680BC7047FA
:107E900080B483B000AF78607B6840229A6000BFF6
:107EA0000C37BD4680BC704780B483B000AF7860AB
:107EB0007B684FF480329A6000BF0C37BD4680BCAF
:107EC000704780B483B000AF78607B684FF4800265
:107ED0009A6000BF0C37BD4680BC704780B483B049
:107EE00000AF78607B680122DA6000BF0C37BD46C6
:107EF00080BC704780B483B000AF78607B6840225C
:107F0000DA6000BF0C37BD4680BC704780B483B0D8
:107F100000AF78607B684FF48032DA6000BF0C37C6
:107F2000BD4680BC704780B483B000AF78607B688A
:107F30004FF48002DA6000BF0C37BD4680BC70474A
:107F400080B483B000AF7860396000BF00BF0C37E9
:107F5000BD4680BC704780B582B000AF78603960A4
:107F60003868F0F791FF034619467868F0F750FF3C
:107F70000346002B08D039687868F0F7D1FF034634
:107F8000002B01D0012300E0002303F00103DBB24A
:107F900018460837BD4680BD80B582B000AF786016
:107FA00039603868F0F770FF034619467868F0F7D3
:107FB00011FF0346002B08D039687868F0F798FF66
:107FC0000346002B01D0012300E0002303F001034E
:107FD000DBB218460837BD4680BD80B582B000AF21
:107FE0007860396039687868F0F7B2FF3968786886
:107FF000F0F7C0FF39687868F0F7CEFF00BF0837A8
:10800000BD4680BD80B582B000AF78603960386809
:10801000F0F73AFF034619467868F0F717FF034672
:10802000002B09D039687868F0F7C8FF0346002BA9
:1080300002D000BF012300E0002318460837BD46E8
:1080400080BD80B582B000AF786039603868F0F7E5
:108050001BFF034619467868F0F73EFE00BF08375D
:10806000BD4680BD80B582B000AF786039603868A9
:10807000F0F70AFF034619467868F0F76DFE0346ED
:10808000012B01D1012300E0002318460837BD462B
:1080900080BD80B582B000AF786039603868F0F795
:1080A000F3FE034619467868F0F736FE00BF3968DC
:1080B0007868FFF7D7FF0346002BF8D13968786856
:1080C000F0F704FF002318460837BD4680BD80B591
:1080D00082B000AF786039603868F0F7D5FE0346AB
:1080E00019467868F0F756FE00BF0837BD4680BDD8
:1080F00080B487B000AF78607B68DB697B617B68A8
:108100001B6B3B617B685B6BFB607B69B3F5804FEE
:1081100049D07B69B3F5804F4FD87B69002B04D0E1
:108120007B69B3F5005F24D047E0FB68B3F1C07F03
:1081300016D0FB68B3F1C07F3ED8FB68B3F5000FE3
:1081400004D0FB68B3F1807F02D035E0012335E035
:108150003B69012B02D03B69032B06D101232DE0A3
:108160003B69032B03D1012328E000BF24E000BFBB
:1081700022E0FB68B3F5000F04D0FB68B3F1807F09
:1081800008D01AE03B69012B02D03B69032B06D1D2
:10819000012313E03B69032B03D101230EE000BF51
:1081A0000BE000BF09E0FB68B3F5000F05D13B69A8
:1081B000032B02D1012301E000BF002318461C3726
:1081C000BD4680BC704780B485B000AFF8600B46F8
:1081D0007A60FB72FB681A687B681A600DE07B6846
:1081E0001B685B79FA7A9A4201D1002311E07B681F
:1081F0001B6803F108027B681A607B681A68FB68D9
:108200001968FB681B79DB000B449A42E7D36FF0D7
:10821000010318461437BD4680BC704780B483B054
:1082200000AF7860002318460C37BD4680BC70470D
:1082300080B483B000AF7860002318460C37BD4689
:1082400080BC704780B58AB000AFF8600B467A609A
:10825000FB7200233B62002387F827303CE097F84D
:1082600027309B00FA6813441B68FB61FB695B09BC
:10827000DBB203F00F03FB76FB6903F01F03184624
:10828000E9F7F2F878617B69002B02D16FF01203F5
:1082900028E07869FFF7C2FF38623B6A002B01DAF9
:1082A0003B6A1FE0F97E0123FA697869F9F7CCFD92
:1082B00038617869FFF7BCFF38623B6A002B01DA4E
:1082C0003B6A0FE03B69002B01DA3B690AE097F853
:1082D0002730013387F8273097F82720FB7A9A4216
:1082E000BDD3002318462837BD4680BD80B489B071
:1082F00000AFF860B9607A60FB685B68FB61FB699E
:108300001A68BB685B09C3F30B031A44BB6803F02C
:108310001F03BA617B61BB691B683B6101227B69FA
:108320009A403B691340002B14BF01230023DBB2AA
:108330001A467B681A70002318462437BD4680BC55
:10834000704780B487B000AF786039607B685B6845
:108350007B617B691A683B685B09C3F30B031A44B2
:108360003B6803F01F033A61FB603B691B68BB601D
:108370000122FB6802FA03F13B69BA680A431A60FA
:1083800000BF002318461C37BD4680BC704780B430
:1083900087B000AF786039607B685B687B617B6920
:1083A0001A683B685B09C3F30B031A443B6803F08C
:1083B0001F033A61FB603B691B68BB600122FB68DD
:1083C00002FA03F3D9433B69BA680A401A6000BF56
:1083D000002318461C37BD4680BC704780B582B06C
:1083E00000AF7860396039687868FFF7AAFF3968AC
:1083F0007868FFF7CCFF002318460837BD4680BDDC
:1084000080B483B000AF0346FB71FB791B09DBB27C
:108410001A46920013445B00DAB2FB7903F00F03B3
:10842000DBB21344DBB218460C37BD4680BC704744
:1084300080B500AF02F0FFFA0346184680BD80B554
:1084400000AFFFF7F5FF0346184680BD80B584B046
:1084500000AF786039607B689B68FB60FB681B68D5
:10846000002B02D16FF0570305E0FB681B683968E9
:1084700078689847034618461037BD4680BD80B5DA
:1084800086B000AFF860B9607A60FB689B687B617A
:108490007B699B69002B02D16FF0570306E07B6973
:1084A0009B697A68B968F868984703461846183790
:1084B000BD4680BD80B483B000AF786039607B6812
:1084C0009B6823F040023B681A437B689A6000BFB8
:1084D0000C37BD4680BC704780B483B000AF786075
:1084E0007B689B6803F0400318460C37BD4680BC90
:1084F000704780B483B000AF78607B684FF0FF3284
:10850000DA6000BF0C37BD4680BC704780B483B0D2
:1085100000AF78607B686FF08002DA6000BF0C37D4
:10852000BD4680BC704780B483B000AF78607B6884
:108530009B6843F020027B689A6000BF0C37BD4601
:1085400080BC704780B483B000AF786039607B68CE
:108550001B6923F4FE023B681B041A437B681A6103
:1085600000BF0C37BD4680BC704780B483B000AFFD
:1085700078607B681B691B0C03F07F0318460C377F
:10858000BD4680BC704780B483B000AF78607B6824
:108590001B69C3F30E0318460C37BD4680BC7047F9
:1085A00080B483B000AF78607B68FF225A6200BF5E
:1085B0000C37BD4680BC704780B483B000AF786094
:1085C0007B68CA225A627B6853225A6200BF0C370A
:1085D000BD4680BC704780B483B000AF78607B68D4
:1085E0009B6A9BB218460C37BD4680BC704780B46E
:1085F00083B000AF786039607B689B6823F4080221
:108600003B681A437B689A6000BF0C37BD4680BC4C
:10861000704780B483B000AF78607B68DB6803F09C
:108620004003402B01D1012300E0002318460C3702
:10863000BD4680BC704780B483B000AF78607B6873
:10864000DB6803F01003102B01D1012300E00023AD
:1086500018460C37BD4680BC704780B483B000AF6D
:108660007860396000BF0C37BD4680BC704780B46D
:1086700083B000AF786000BF0C37BD4680BC704748
:1086800080B582B000AF7860786802F0FCFA0346EB
:1086900018460837BD4680BD80B483B000AF78600F
:1086A0007B6818460C37BD4680BC704780B483B0E9
:1086B00000AF78603960012318460C37BD4680BC96
:1086C000704780B584B000AF786039607B689B6884
:1086D000FB60FB681B68002B02D16FF0570305E0BD
:1086E000FB681B6839687868984703461846103756
:1086F000BD4680BD80B586B000AFF860B9607A60D5
:10870000FB689B687B617B69DB68002B02D16FF0A3
:10871000570306E07B69DB687A68B968F8689847B0
:10872000034618461837BD4680BD80B584B000AFFB
:10873000F860B9607A60FB689B681B687A68B96802
:10874000F8689847034618461037BD4680BD80B587
:1087500082B000AF786039607B689B689B6839683D
:1087600078689847034618460837BD4680BD80B5EF
:1087700084B000AF786039607B689B68FB60FB6801
:10878000DB68002B02D16FF0570305E0FB68DB6864
:10879000396878689847034618461037BD4680BD4B
:1087A00080B586B000AFF860B9607A60FB689B68FE
:1087B0007B617B699B69002B07D07B699B697A6829
:1087C000B968F8689847034601E06FF05703184608
:1087D0001837BD4680BD80B584B000AF7860396081
:1087E0000023FB603B6818683B681B79FA681946F0
:1087F000FFF728FD034618461037BD4680BD80B5FB
:1088000084B000AF78600B46FB7007F10802FB787C
:1088100019467868FFF7D7FCF860FB68002B01DA8F
:10882000FB6805E0BB6819467868FFF7D4FF03468C
:1088300018461037BD4680BD80B584B000AF786063
:1088400039607B689B68FB60FB68DB68002B02D1AA
:108850006FF0570305E0FB68DB6839687868984774
:10886000034618461037BD4680BD80B582B000AFC4
:1088700078607B681A687B685B681946104600F070
:1088800005F8034618460837BD4680BD80B582B05E
:1088900000AF7860396039687868FFF7CDFF03462C
:1088A00018460837BD4680BD80B483B000AF7860FD
:1088B0007B681B6843F001027B681A6000BF0C37BD
:1088C000BD4680BC704780B483B000AF78607B68E1
:1088D0001B6823F001027B681A6000BF0C37BD469D
:1088E00080BC704780B483B000AF78607B681B6841
:1088F00043F000527B681A6000BF0C37BD4680BC55
:10890000704780B489B000AF786039607B68FB60E5
:10891000FB6853E8003FBB60BB6823F00C033A6878
:108920001343FB617B68FA69BA617B617969BA6953
:1089300041E800233B613B69002BE7D100BF00BF4A
:108940002437BD4680BC704780B483B000AF7860E8
:1089500039607B681B6823F4C0623B681A437B68FC
:108960001A6000BF0C37BD4680BC704780B483B02E
:1089700000AF78607B681B6803F4C06318460C374F
:10898000BD4680BC704780B483B000AF786039606A
:108990007B681B6823F010223B681A437B681A60CF
:1089A00000BF0C37BD4680BC704780B483B000AFB9
:1089B00078607B681B6803F0102318460C37BD46AF
:1089C00080BC704780B483B000AF786039607B684A
:1089D0001B6823F400423B681A437B681A6000BF9F
:1089E0000C37BD4680BC704780B483B000AF786060
:1089F00039607B685B6823F440523B681A437B68AC
:108A00005A6000BF0C37BD4680BC704780B483B04D
:108A100000AF78607B685B6803F4405318460C37FE
:108A2000BD4680BC704780B483B000AF78603960C9
:108A30007B685B6823F400423B681A437B685A609A
:108A400000BF0C37BD4680BC704780B483B000AF18
:108A5000786039607B685B6823F480323B681A4336
:108A60007B685A6000BF0C37BD4680BC704780B43D
:108A700083B000AF786039607B685B6823F40032B4
:108A80003B681A437B685A6000BF0C37BD4680BC08
:108A9000704780B483B000AF78607B685B6843F454
:108AA00000027B685A6000BF0C37BD4680BC70472F
:108AB00080B483B000AF78607B685B6823F4000209
:108AC0007B685A6000BF0C37BD4680BC704780B4DD
:108AD00083B000AF786039607B689B6823F4407294
:108AE0003B681A437B689A6000BF0C37BD4680BC68
:108AF000704780B483B000AF78607B689B6803F4F4
:108B0000407318460C37BD4680BC704780B483B0B4
:108B100000AF786039607B685B6903F07F423B6837
:108B20001A437B685A6100BF0C37BD4680BC704752
:108B300080B483B000AF78607B685B6923F07F43CB
:108B400018460C37BD4680BC704780B483B000AF78
:108B500078607B689B6843F008027B689A6000BF7E
:108B60000C37BD4680BC704780B483B000AF7860DE
:108B700039607B681B6823F4F8123B681B041A43B6
:108B80007B681A6000BF0C37BD4680BC704780B45C
:108B900083B000AF786039607B681B6823F078721F
:108BA0003B685B051A437B681A6000BF0C37BD4603
:108BB00080BC704780B483B000AF78607B689B68EE
:108BC00043F480427B689A6000BF0C37BD4680BC8E
:108BD000704780B483B000AF78607B689B6823F4F3
:108BE00080427B689A6000BF0C37BD4680BC7047EE
:108BF00080B483B000AF78607B689B6803F48043E7
:108C0000B3F5804F01D1012300E0002318460C3753
:108C1000BD4680BC704780B483B000AF78603960D7
:108C20007B689B6823F400423B681A437B689A6028
:108C300000BF0C37BD4680BC704780B483B000AF26
:108C400078607B68DB6903F00103012B01D101230C
:108C500000E0002318460C37BD4680BC704780B446
:108C600083B000AF78607B68DB6903F00203022BFE
:108C700001D1012300E0002318460C37BD4680BC1B
:108C8000704780B483B000AF78607B68DB6903F025
:108C90000403042B01D1012300E0002318460C3704
:108CA000BD4680BC704780B483B000AF78607B68FD
:108CB000DB6903F00803082B01D1012300E0002346
:108CC00018460C37BD4680BC704780B483B000AFF7
:108CD00078607B68DB6903F01003102B01D101235E
:108CE00000E0002318460C37BD4680BC704780B4B6
:108CF00083B000AF78607B68DB6903F02003202B32
:108D000001D1012300E0002318460C37BD4680BC8A
:108D1000704780B483B000AF78607B68DB6903F094
:108D20004003402B01D1012300E0002318460C37FB
:108D3000BD4680BC704780B483B000AF78607B686C
:108D4000DB6903F08003802B01D1012300E00023C5
:108D500018460C37BD4680BC704780B483B000AF66
:108D600078607B68DB6903F48073B3F5807F01D1A1
:108D7000012300E0002318460C37BD4680BC704735
:108D800080B483B000AF78607B68DB6903F4006374
:108D9000B3F5006F01D1012300E0002318460C3722
:108DA000BD4680BC704780B483B000AF78607B68FC
:108DB000DB6903F40013B3F5001F01D1012300E0C8
:108DC000002318460C37BD4680BC704780B483B082
:108DD00000AF78607B68DB6903F48003B3F5800F34
:108DE00001D1012300E0002318460C37BD4680BCAA
:108DF000704780B483B000AF78607B6801221A624C
:108E000000BF0C37BD4680BC704780B483B000AF54
:108E100078607B6802221A6200BF0C37BD4680BCB6
:108E2000704780B483B000AF78607B6804221A6218
:108E300000BF0C37BD4680BC704780B483B000AF24
:108E400078607B6808221A6200BF0C37BD4680BC80
:108E5000704780B483B000AF78607B6810221A62DC
:108E600000BF0C37BD4680BC704780B483B000AFF4
:108E700078607B6840221A6200BF0C37BD4680BC18
:108E8000704780B483B000AF78607B684FF4807225
:108E90001A6200BF0C37BD4680BC704780B483B0F7
:108EA00000AF78607B684FF400621A6200BF0C3735
:108EB000BD4680BC704780B489B000AF78607B68E5
:108EC000FB60FB6853E8003FBB60BB6843F01003E6
:108ED000FB617B68FA69BA617B617969BA6941E8CB
:108EE00000233B613B69002BE9D100BF00BF243761
:108EF000BD4680BC704780B489B000AF78607B68A5
:108F0000FB60FB6853E8003FBB60BB6843F0200395
:108F1000FB617B68FA69BA617B617969BA6941E88A
:108F200000233B613B69002BE9D100BF00BF243720
:108F3000BD4680BC704780B489B000AF78607B6864
:108F4000FB60FB6853E8003FBB60BB6843F0400335
:108F5000FB617B68FA69BA617B617969BA6941E84A
:108F600000233B613B69002BE9D100BF00BF2437E0
:108F7000BD4680BC704780B489B000AF78607B6824
:108F8000FB60FB6853E8003FBB60BB6843F4807341
:108F9000FB617B68FA69BA617B617969BA6941E80A
:108FA00000233B613B69002BE9D100BF00BF2437A0
:108FB000BD4680BC704780B489B000AF78607B68E4
:108FC000FB60FB6853E8003FBB60BB6843F0806315
:108FD000FB617B68FA69BA617B617969BA6941E8CA
:108FE00000233B613B69002BE9D100BF00BF243760
:108FF000BD4680BC704780B483B000AF78607B68AA
:109000005B6843F040027B685A6000BF0C37BD4686
:1090100080BC704780B489B000AF78607B6808334B
:10902000FB60FB6853E8003FBB60BB6843F0010393
:10903000FB617B680833FA69BA617B617969BA6957
:1090400041E800233B613B69002BE7D100BF00BF33
:109050002437BD4680BC704780B489B000AF7860CB
:109060007B68FB60FB6853E8003FBB60BB6823F094
:109070001003FB617B68FA69BA617B617969BA693F
:1090800041E800233B613B69002BE9D100BF00BFF1
:109090002437BD4680BC704780B489B000AF78608B
:1090A0007B68FB60FB6853E8003FBB60BB6823F054
:1090B0002003FB617B68FA69BA617B617969BA69EF
:1090C00041E800233B613B69002BE9D100BF00BFB1
:1090D0002437BD4680BC704780B489B000AF78604B
:1090E0007B68FB60FB6853E8003FBB60BB6823F014
:1090F0004003FB617B68FA69BA617B617969BA698F
:1091000041E800233B613B69002BE9D100BF00BF70
:109110002437BD4680BC704780B489B000AF78600A
:109120007B68FB60FB6853E8003FBB60BB6823F4CF
:109130008073FB617B68FA69BA617B617969BA699E
:1091400041E800233B613B69002BE9D100BF00BF30
:109150002437BD4680BC704780B489B000AF7860CA
:109160007B68FB60FB6853E8003FBB60BB6823F093
:109170008063FB617B68FA69BA617B617969BA696E
:1091800041E800233B613B69002BE9D100BF00BFF0
:109190002437BD4680BC704780B483B000AF786090
:1091A0007B685B6823F040027B685A6000BF0C3725
:1091B000BD4680BC704780B489B000AF78607B68E2
:1091C0000833FB60FB6853E8003FBB60BB6823F0DB
:1091D0000103FB617B680833FA69BA617B617969D5
:1091E000BA6941E800233B613B69002BE7D100BF2E
:1091F00000BF2437BD4680BC704780B483B000AF49
:1092000078607B681B6803F01003102B01D10123E9
:1092100000E0002318460C37BD4680BC704780B480
:1092200083B000AF78607B681B6803F02003202BBD
:1092300001D1012300E0002318460C37BD4680BC55
:10924000704780B483B000AF78607B681B6803F020
:109250004003402B01D1012300E0002318460C37C6
:10926000BD4680BC704780B483B000AF78607B6837
:109270001B6803F08063B3F1806F01D1012300E02C
:10928000002318460C37BD4680BC704780B489B0B7
:1092900000AF78607B680833FB60FB6853E8003FF1
:1092A000BB60BB6843F04003FB617B680833FA692D
:1092B000BA617B617969BA6941E800233B613B6926
:1092C000002BE7D100BF00BF2437BD4680BC7047EC
:1092D00080B489B000AF78607B680833FB60FB68BE
:1092E00053E8003FBB60BB6823F04003FB617B6831
:1092F0000833FA69BA617B617969BA6941E8002388
:109300003B613B69002BE7D100BF00BF2437BD465E
:1093100080BC704780B489B000AF78607B68083348
:10932000FB60FB6853E8003FBB60BB6843F0800311
:10933000FB617B680833FA69BA617B617969BA6954
:1093400041E800233B613B69002BE7D100BF00BF30
:109350002437BD4680BC704780B489B000AF7860C8
:109360007B680833FB60FB6853E8003FBB60BB6869
:1093700023F08003FB617B680833FA69BA617B6183
:109380007969BA6941E800233B613B69002BE7D169
:1093900000BF00BF2437BD4680BC704780B485B095
:1093A00000AF786039603B68002B03D17B682833BD
:1093B000FB6002E07B682433FB60FB6818461437CF
:1093C000BD4680BC704780B483B000AF78607B68D6
:1093D0005B6ADBB218460C37BD4680BC704780B470
:1093E00083B000AF78600B46FB70FA787B689A62B6
:1093F00000BF0C37BD4680BC704780B483B000AF5F
:1094000078607B689B6943F008027B689A6100BFC3
:109410000C37BD4680BC704780B582B000AF786025
:109420007868FFF788FC034618460837BD4680BDBC
:1094300080B582B000AF78607868FFF75CFD00BF50
:109440000837BD4680BD80B582B000AF78607868CF
:10945000FFF722FE00BF0837BD4680BD80B582B051
:1094600000AF78607868FFF742FC0346184608377B
:10947000BD4680BD80B582B000AF78607868FFF7E8
:10948000CEFE034618460837BD4680BD80B58AB07B
:1094900002AF786039607B685B687B617B691B68C1
:1094A0003B613B68002B02D16FF015032EE07B6916
:1094B00058687B691B6907F10C021946FFF71AF916
:1094C000B861BB69002B02DA00BFBB691EE0002156
:1094D0003869FFF777FAFB680122B3FBF2F23B68C9
:1094E0005B081A443B68B2FBF3F3FB61FB690F2B8B
:1094F00003D800BF6FF0150308E0F9683B680093DC
:10950000002300223869F0F7CFF9002318462037EE
:10951000BD4680BD80B584B000AF786039607B689F
:109520005B68FB60FB681B6839681846FFF70CFA3C
:1095300000BF1037BD4680BD80B584B000AF7860F5
:109540007B685B68FB60FB681B681846FFF70EFAD8
:10955000034618461037BD4680BD80B584B000AFC5
:10956000786039607B685B68FB60FB681B68396802
:109570001846FFF739FA00BF1037BD4680BD80B5E9
:1095800084B000AF78607B685B68FB60FB681B6839
:109590001846FFF73BFA034618461037BD4680BD14
:1095A00080B584B000AF786039607B685B68FB6031
:1095B000FB681B6839681846FFF7E5F900BF1037EC
:1095C000BD4680BD80B584B000AF78607B685B68C5
:1095D000FB60FB681B681846FFF7E7F9034618466F
:1095E0001037BD4680BD80B584B000AF786039606B
:1095F0007B685B68FB60FB681B6839681846FFF78F
:1096000066FA00BF1037BD4680BD80B584B000AF9C
:1096100078607B685B68FB60FB681B681846FFF737
:1096200068FA034618461037BD4680BD80B584B041
:1096300000AF78600B46FB707B685B68FB60FB7873
:10964000002B05D0FB681B681846FFF7B3FA04E04F
:10965000FB681B681846FFF7BCFA00BF1037BD4611
:1096600080BD80B584B000AF78607B685B68FB60CC
:10967000FB681B681846FFF7BBFA0346002B14BFB4
:1096800001230023DBB218461037BD4680BD80B4ED
:1096900083B000AF0346FB71FB79012B02D0022B94
:1096A00003D005E04FF4C06303E04FF4806300E0B3
:1096B000002318460C37BD4680BC704780B483B089
:1096C00000AF78607B68B3F5806F05D07B68B3F539
:1096D000C06F03D1012302E0022300E000231846FB
:1096E0000C37BD4680BC704780B483B000AF786053
:1096F0000B46FB70FB78022B0BD0022B0CDC002BF3
:1097000002D0012B03D007E04FF4805306E0002382
:1097100004E04FF4405301E04FF4005318460C3777
:10972000BD4680BC704780B483B000AF78607B6872
:10973000B3F5405F0ED07B68B3F5405F0CD87B6813
:10974000002B05D07B68B3F5805F05D1002304E0D2
:10975000012302E0022300E0032318460C37BD4634
:1097600080BC704780B483B000AF03460A46FB71EB
:109770001346BB71FB79022B02D0042B08D00AE000
:10978000BB79002B02D14FF080530BE0002309E09E
:109790004FF4805306E0BB79002B02D04FF4805386
:1097A00000E0002318460C37BD4680BC704780B4EB
:1097B00083B000AF786039607B68B3F5805F0AD012
:1097C0007B68B3F1805F0DD13B68002B01D1022390
:1097D0000EE001230CE03B68002B01D1042307E0DD
:1097E000032305E03B68002B01D1032300E00223A3
:1097F00018460C37BD4680BC704780B483B000AFBC
:109800000346FB71FB79012B02D14FF4407305E055
:10981000FB79032B01D1002300E0002318460C370D
:10982000BD4680BC704780B483B000AF78607B6871
:10983000B3F5407F01D1012300E0002318460C3727
:10984000BD4680BC704780B58CB000AF7860396091
:109850007B685B68FB627B681B69BB62BB6A1B68D9
:109860007B623B681B791846FFF711FF38623B6843
:109870005B791946F86AFFF737FFF8613B689A7918
:109880003B681B7919461046FFF76CFFB8613B68CF
:10989000DB791846FFF7B1FF78613B68DB79032B72
:1098A0000CBF01230023FB740023FB603A687B6A32
:1098B0009A4216D1FB6A1868FB693A6AB969EFF7F0
:1098C000D3FF79697868FFF78EFE3B681B681946FD
:1098D0007868FFF7DBFDF860FB68002B50DAFB6867
:1098E0004FE07868FFF728FE02463B6A934203D0B8
:1098F000396A7868FFF70EFE7868FFF740FE024687
:10990000FB69934203D0F9697868FFF726FE78680F
:10991000FFF758FE0246BB69934203D0B9697868E5
:10992000FFF73EFE7868FFF770FE02467B699342C0
:1099300003D079697868FFF756FE7868FFF791FEE3
:1099400003461A46FB7C934204D0FB7C1946786898
:10995000FFF76CFE3B681A687B6A1B689A420FD05F
:109960003B681B6819467868FFF790FDF860FB6854
:10997000002B01DAFB6804E03B681A687B6A1A6016
:10998000002318463037BD4680BD90B585B000AF86
:10999000786039607B681B69FB60FB681B68BB6093
:1099A000BB681A683B681A607868FFF7C5FD034614
:1099B0001846FFF783FE03461A463B681A7178681B
:1099C000FFF7DDFD03461846FFF7ADFE03461A46D6
:1099D0003B685A717868FFF7F5FD04467868FFF731
:1099E000ABFD034619462046FFF7E1FE03461A4643
:1099F0003B689A717868FFF708FE03461846FFF740
:109A000012FF03461A463B68DA717868FFF729FEB1
:109A10000346002B02D03B680322DA71002318466C
:109A20001437BD4690BD80B586B000AFF860B96010
:109A30007A60FB685B687B617B691B683B613869A6
:109A4000FFF731F90346002B02D03869FFF7F5F92B
:109A50003869FFF703FD0346002B02D14FF0FF33B7
:109A600004E07B68B96838699847002318461837BE
:109A7000BD4680BD80B58EB000AFF8600B467A6001
:109A80007B81FB685B687B637B6B1B683B63386B2C
:109A9000FFF7C2FC0346002BF9D0EFF31183BB6242
:109AA000BB6A7B6210233B623B6A83F3128800BF70
:109AB000BFF36F8F00BF7B6AFB62386BFFF7ACFCB4
:109AC0000346002B0CD1FB6AFB61FB69BB61BB69E0
:109AD00083F3118800BFBFF36F8F00BF00BFD6E7CD
:109AE00000BF7A897B681146386B9847FB6A7B61B7
:109AF0007B693B613B6983F3118800BFBFF36F8FC4
:109B000000BF00BF00BF3837BD4680BD80B582B002
:109B100000AF786039607868FFF755FC03461A4655
:109B20003B681A7000BF0837BD4680BD80B582B063
:109B300000AF78600B467B807B88DBB21946786883
:109B4000FFF74DFC00BF0837BD4680BD80B586B02D
:109B500000AF78607B685B683B613B691B68FB60BA
:109B600000237B61F868FFF79EF80346002B03D0C3
:109B70007B6943F001037B61F868FFF75EF80346F9
:109B8000002B03D07B6943F002037B61F868FFF789
:109B900066F80346002B03D07B6943F004037B6126
:109BA000F868FFF76EF80346002B03D07B6943F09B
:109BB00020037B61F868FFF7D0F80346002B03D041
:109BC0007B6943F008037B617B6903F00803002B8A
:109BD00002D0F868FFF755F97B6903F00103002B09
:109BE00002D0F868FFF729F97B6903F00203002B24
:109BF00002D0F868FFF7FDF87B6903F00403002B3F
:109C000002D0F868FFF701F97B6903F02003002B0D
:109C100002D0F868FFF705F97B6918461837BD468A
:109C200080BD80B58EB000AFF860B9607A603B60EF
:109C3000FB685B683B633B6B1B68FB6200237B63D9
:109C4000F86AFFF7E9FB0346002B01D17B6B30E09C
:109C5000EFF311837B627B6A3B621023FB61FB693C
:109C600083F3128800BFBFF36F8F00BF3B6ABB62F4
:109C700007E03B687A6BB968F86A98477B6B0133F9
:109C80007B637A687B6BD31A002B05DDF86AFFF7DC
:109C9000C3FB0346002BECD1BB6ABB61BB697B6194
:109CA0007B6983F3118800BFBFF36F8F00BF00BFD4
:109CB0007B6B18463837BD4680BD80B586B000AF97
:109CC000F860B9607A60BB687B617B687A6913442D
:109CD0001B781946F868FFF782FB00BF1837BD46AE
:109CE00080BD80B588B000AFF860B9607A603B6035
:109CF000FB685B68BB61BB691B687B610023FB6120
:109D000010E03B68FA69B96878699847FB690133E4
:109D1000FB617869FEF7C7FF0346002B02D0786924
:109D2000FFF78BF87A68FB69D31A002B05DD786999
:109D3000FFF794FB0346002BE3D1FB69184620375D
:109D4000BD4680BD90B587B000AFF860B9607A605D
:109D5000BB687B617B687A69D418F868FFF733FBCE
:109D60000346237000BF1C37BD4690BD80B584B04C
:109D700000AF78607B685B68FB60FB681B68184617
:109D8000FFF7D9F800BF1037BD4680BD80B584B05D
:109D900000AF78607B685B68FB60FB681B681846F7
:109DA000FFF79AF900BF1037BD4680BD80B584B07B
:109DB00000AF78607B685B68FB60FB681B681846D7
:109DC000FFF72AFB0346002B09D0FB681B681846E7
:109DD000FFF737FA0346002B01D0012300E00023F0
:109DE00018461037BD4680BD80B584B000AF78609E
:109DF0007B685B68FB60FB681B681846FEF789FFA1
:109E0000034618461037BD4680BD80B584B000AF0C
:109E100078607B685B68FB60FB681B681846FFF72F
:109E200007FB00BF1037BD4680BD80B584B000AFD2
:109E300078607B685B68FB60FB681B681846FFF70F
:109E400002FB00BF1037BD4680BD80B584B000AFB7
:109E500078607B685B68FB60FB681B681846FFF7EF
:109E6000FDFA034618461037BD4680BD80B584B064
:109E700000AF78607B685B68FB60FB681B68BB6059
:109E8000B868FFF7EBFA0346002B05D0B868FFF778
:109E9000F1FA0346002B0BD1B868FEF73AFF0346F0
:109EA000002B07D0B868FFF7CCF90346002B01D090
:109EB000012300E0002318461037BD4680BD80B462
:109EC00087B000AFF860B9607A60FB681B697B619E
:109ED0007B69BA685A607B697A689A607B690022FC
:109EE0001A617B6900225A6100BF1C37BD4680BCE5
:109EF000704780B582B000AF786039607B681B69BD
:109F0000002B07D07B681B697A68D0687A68526931
:109F10003968984700BF0837BD4680BD80B588B016
:109F200000AF786000BF07F10C0300221A605A608E
:109F30009A60DA601A6102233B737B685B6E3B6157
:109F40007B68DB6E7B617B681A6F7B68DB6ED31A84
:109F5000BB617B6893F8233003F02003DBB2002B56
:109F60000DD17B681A6F7B68DA66BB69002B0CD059
:109F700007F10C0319467868FFF7BBFF05E007F10E
:109F80000C0319467868FFF7B4FF00BF2037BD46C1
:109F900080BD80B588B000AF786000BF07F10C03CA
:109FA00000221A605A609A60DA601A617B68D3F8FE
:109FB000FC303B617B68D3F808317B617B68002211
:109FC000C3F800217B680022C3F8082107F10C03C5
:109FD00019467868FFF78DFF00BF2037BD4680BD6A
:109FE00080B588B000AF786000BF07F10C03002295
:109FF0001A605A609A60DA601A6101233B737B68C9
:10A00000D3F8FC303B617B68D3F808317B617B6817
:10A010000022C3F800217B680022C3F8082107F161
:10A020000C0319467868FFF764FF00BF2037BD4670
:10A0300080BD80B588B000AF786007F10C030022C6
:10A040001A605A609A60DA601A6103233B7307F161
:10A050000C0319467868FFF74CFF00BF2037BD4658
:10A0600080BD80B588B000AF786007F10C03002296
:10A070001A605A609A60DA601A6104233B737B6845
:10A080005B6E3B6107F10C0319467868FFF731FFFF
:10A0900000BF2037BD4680BDB0B582B000AF78604C
:10A0A00039603968B1F1FF3F1AD03968002917D0FB
:10A0B00000BF396821EAE171C8170A46034612F168
:10A0C000630443F100054FF064024FF000032046A3
:10A0D0002946E6F7BDFB02460B467868F1F738FDE6
:10A0E00000BF0837BD46B0BD80B58EB000AF786008
:10A0F00039607B681B693B6300237B633B68002BF3
:10A1000003D03B68012B0FD01BE03B6BDA6E3B6B3F
:10A110009B6E9A4203D33B6B0022DA6654E03B6BA2
:10A120009A6E3B6B1A6730E03B6B9B6E5B08FB6281
:10A130003B6BDB6EFA6A9A4245D93B6BFA6A1A6747
:10A1400023E03B6B98693B6BDB6907F1080219461A
:10A15000FEF726FB0346002B16D13B6B9A6EFB687D
:10A16000D31A7B633B6BDB6E7A6B9A4209D23B6BF3
:10A170009A6E3B6B1A67386BFFF7D0FE3B6B002281
:10A18000DA663B6B7A6B1A6700BF3B6B1A6F3B6BEF
:10A19000DB6E9A4202D9386BFFF7C0FE3B68002B9A
:10A1A00003D03B68012B04D009E03B6B0022DA6648
:10A1B0000AE03B6B9B6E5A083B6BDA6604E03B6B34
:10A1C0007A6BDA6600E000BF3837BD4680BD80B5E7
:10A1D00086B000AF78607B681B697B617B685B68D9
:10A1E0003B613B691B68FB60F868FFF72AF8034690
:10A1F000002B07D0F868FEF78CFD0346002B01D03A
:10A20000012300E00023FB72FB7A03F00103FB72E1
:10A210007B695B68002B06D07B695B687A69926812
:10A220001146786898477B695B68002B54D1F868C1
:10A23000FEF7E3FF0346002B1CD0F868FEF745FD50
:10A240000346002B16D0F868FEF703FE00BF7B69BB
:10A250005B6F002B04D102217868FFF745FF37E0E0
:10A260007B6903F178027B695B6F19461046FFF743
:10A2700013FF2DE0FB7A002B06D0F868FEF72CFFC9
:10A280007869FFF786FE23E0F868FFF7F3F80346E6
:10A29000002B09D0F868FFF7E1F80346002B03D044
:10A2A000F868FFF7AAF813E0F868FEF7DCFF03464A
:10A2B000002B0DD0F868FEF763FD0346002B07D096
:10A2C00000BFF868FEF7EAFD02217868FFF70CFF8F
:10A2D0007868FFF73BFC00E000BF1837BD4680BD43
:10A2E00080B487B000AFF860B9607A60FB681B6922
:10A2F0007B617B69BA681A617B697A685A617B699C
:10A3000000225A607B6900229A60002318461C379D
:10A31000BD4680BC704780B584B000AF78607B6874
:10A320005B68FB60FB681B681846FEF7F3FF00BF25
:10A330001037BD4680BD80B584B000AF78607B68C3
:10A340005B68FB60FB681B681846FFF705F800BFF9
:10A350001037BD4680BD80B586B000AF78607B68A1
:10A360005B687B617B681B693B617B691B68FB6089
:10A37000F868FEF78BFF3B69012283F8A82000BF35
:10A380001837BD4680BD80B584B000AF78607B686B
:10A390005B68FB607B681B69BB60FB681B681846D9
:10A3A000FEF796FFBB68002283F8A82000BF103795
:10A3B000BD4680BD80B590B000AF78607B685B68BB
:10A3C000FB63FB6B1B68BB637B681B697B6307F1EB
:10A3D000200300221A605A609A60DA601A6105232D
:10A3E00087F820307B6B93F8A83083F00103DBB251
:10A3F000002B08D007F120031946786BFFF779FD91
:10A400006FF00D034FE0B86BFEF72DFF0346002BF6
:10A4100003D0B86BFEF7A0FE02E0B86BFEF71CFE9F
:10A42000B86BFEF7C8FE02217868FFF75DFE786B17
:10A43000FFF717FE7868FFF7A6FF7B6B78331846A7
:10A44000F1F79AFB7B6B9A697B6BDB6919461046C7
:10A45000FEF78DF97B6BD3F84831002B13D007F151
:10A460000C0300221A605A609A60DA601A610423B1
:10A470003B737B6BD3F848313B6107F10C03194602
:10A48000786BFFF736FD7B6B0022C3F848217B6BAE
:10A490000022C3F84C2100BF07F120031946786B56
:10A4A000FFF727FD002318464037BD4680BD80B525
:10A4B0008AB000AFF860B9607A603B60FB685B68A7
:10A4C0007B617B691B68BB61FB681B693B62012385
:10A4D000FB613B6AD3F8B030002B02D16FF012035E
:10A4E00068E03B6AD3F80031002B02D06FF00F0315
:10A4F00060E0BB6879681846FEF7D8F8034683F039
:10A500000103DBB2002B03D000BF6FF00D0351E05D
:10A510003B6ABA68C3F8FC203B6A7A68C3F800213A
:10A520003B6A3A68C3F80C2100BFB869FEF79DFC8E
:10A53000B869FEF700FD3B6AD3F8FC301A463B6A67
:10A54000C3F8DC203B6AD3F800213B6AC3F8F02053
:10A550003B6AD3F8B0003B6AD3F8B4103B6AB83317
:10A560001A46FEF7E2F878627B6A002B03D000BF40
:10A570006FF015031EE03B6AD3F8B0203B6AD3F8B6
:10A58000B43019461046FEF7E2F80346002B03D01C
:10A5900000BF6FF00D030DE03B6A03F588723B6A64
:10A5A000D3F80C3119461046FFF776FDF868FFF72F
:10A5B000B2FE002318462837BD4680BD80B588B05E
:10A5C00000AFF860B9607A603B60FB685B687B61F4
:10A5D0007B691B68BB61FB681B69FB61FB699B694D
:10A5E000002B02D16FF0120367E0FB6993F8A830EB
:10A5F000002B03D000BF6FF00F035EE0BB687968EB
:10A600001846FEF753F8034683F00103DBB2002B34
:10A6100003D000BF6FF00D034FE0FB690022DA6644
:10A62000FB69BA685A66FB697A689A66FB69002218
:10A630001A67FB693A685A67B869FEF704FFFB6955
:10A640007A689A65FB695B6E1A46FB699A64FB69D6
:10A650009869FB69D969FB6920331A46FEF765F8EA
:10A6600038613B69002B03D000BF6FF0150324E075
:10A67000FB699A69FB69DB6919461046FEF767F8C2
:10A680000346002B03D000BF6FF00D0315E0B8693F
:10A69000FEF7B3FEF868FFF75EFEFB691B681B68F8
:10A6A0003A681946B869EFF729FBB869FEF7B2FCBA
:10A6B000F869FFF7BEFC00BF3B6918462037BD466E
:10A6C00080BD80B58CB000AF78607B681B69FB6291
:10A6D000FB6AD3F80031BB62BB6A002B02D16FF07A
:10A6E0000D0327E0FB6A03F588731846F1F744FA77
:10A6F000FB6AD3F8B000FB6AD3F8B43007F1080264
:10A700001946FEF74DF80346002B05D1FB68BA6ADF
:10A71000D21AFB6AC3F80821FB6AD3F8B020FB6A9F
:10A72000D3F8B43019461046FEF721F8F86AFFF75F
:10A7300057FC002318463037BD4680BD80B58CB02D
:10A7400000AF78607868FDF7A7FFF862FB6A603BAE
:10A75000BB62BB6A183B7B627B6ADB683B6200BF03
:10A76000EFF31183BB61BB697B6110233B613B69E4
:10A7700083F3128800BFBFF36F8F00BF7B69FB615B
:10A780007B6A93F8233003F02003DBB2002B09D15E
:10A790007B6A1A6F7B6A9B6E9A4203D1386AFFF715
:10A7A00009FE03E00221386AFFF79EFCFB69FB60AB
:10A7B000FB68BB60BB6883F3118800BFBFF36F8F7A
:10A7C00000BF00BF00BF3037BD4680BD80B586B03A
:10A7D00000AF78607868FDF75FFF78617B69603B68
:10A7E0003B613B69B03BFB60FB68DB68BB60B86802
:10A7F000FFF767FF00BF00BF1837BD4680BD80B5BB
:10A800008CB000AFF860B9607A60FB681B69FB62CE
:10A810000023BB6200BFBB6879681846FDF746FF9E
:10A82000034683F00103DBB2002B03D000BF6FF0BF
:10A830000D0339E0EFF311833B623B6AFB611023A8
:10A84000BB61BB6983F3128800BFBFF36F8F00BF8A
:10A85000FB697B62FB6AD3F84831002B03D06FF0B1
:10A860000F03BB6213E0FB6A93F8A83083F0010387
:10A87000DBB2002B03D06FF00C03BB6207E0FB6A76
:10A88000BA68C3F84821FB6A7A68C3F84C217B6A2E
:10A890007B617B693B613B6983F3118800BFBFF338
:10A8A0006F8F00BF00BFBB6A18463037BD4680BD02
:10A8B00080B584B000AF78607B685B68BB60BB68C4
:10A8C0005A68BB681B6919461046FDF7FAFEF86026
:10A8D000FB68002B02D000BFFB6800E00023184695
:10A8E0001037BD4680BD80B584B000AF78607B680E
:10A8F0005B68FB607868FFF7DBFFB860BB68002B24
:10A9000001DABB681CE0FB685B6A00211846FDF7B2
:10A9100076FFB860BB68002B01DABB6810E078688E
:10A92000EFF786FBB860BB68002B01DABB6807E075
:10A93000FB689B6A786898477868EFF747FA0346A0
:10A9400018461037BD4680BD80B582B000AF786034
:10A95000002200212520FBF7A4F92520FBF794F91C
:10A960000837BD4680BD80B485B000AFEFF31183DA
:10A97000FB60FB68BB6010237B607B6883F31288FD
:10A9800000BFBFF36F8F00BFBB683B603B681846DA
:10A990001437BD4680BC704780B485B000AF786086
:10A9A0007B68FB60FB68BB60BB6883F3118800BFFA
:10A9B000BFF36F8F00BF00BF00BF1437BD4680BC20
:10A9C000704780B483B000AF00237B607B68002BAE
:10A9D00001D07B6801E04FF496533B603B68022B4B
:10A9E00038BF022318460C37BD4680BC704780B57F
:10A9F00082B000AFC7E90001EFF754FC02463B68A4
:10AA0000D31A18460837BD4680BD80B483B000AF66
:10AA100078607B6818460C37BD4680BC704780B5AF
:10AA200082B000AF78600B46FB707868EFF7ACFC43
:10AA30000837BD4680BD80B500AFEFF781FD024607
:10AA40000B461346184680BD80B584B000AFF86051
:10AA5000B9607A607B689A687B68DB681A437B68B8
:10AA60001B691A437B685B691A437B689B691A43BD
:10AA70007B68DB691A437B689B6A1A437B68DB6BE4
:10AA80001A437B681B6C13431A46B968F868EFF7E2
:10AA900017FE7B68DB6A002B15D07B68DA6A7B685F
:10AAA0001B6BB968F868EFF7CDFE7B685B6B1A46E5
:10AAB000B968F868EFF77EFE7B689B6B1A46B96849
:10AAC000F868EFF79BFE7B685B681A46B968F86820
:10AAD000EFF7DEFE7B681B681A46B968F868EFF787
:10AAE000F1FE7B681B6A1A46B968F868EFF70EFE3C
:10AAF0007B685B6A1A46B968F868EFF72DFE002399
:10AB000018461037BD4680BD80B483B000AF786072
:10AB10007B6800221A607B6800225A607B680022F2
:10AB20009A607B680022DA607B6800221A617B6889
:10AB300000225A617B6800229A617B680022DA61F8
:10AB40007B6800221A627B6800225A627B680022BE
:10AB50009A627B680022DA627B6800221A637B6853
:10AB600000225A637B6800229A637B680022DA63C2
:10AB70007B6800221A6400BF0C37BD4680BC70475A
:10AB800080B500AFFFF757FF0346184680BD80B57C
:10AB900000AFFFF7F5FF0346184680BD80B586B0CD
:10ABA00000AF78607B68002B12D0FFF7F0FF786170
:10ABB0007A6813461B019B1A5B013B61FFF7E7FFB5
:10ABC000F860FA687B69D31A3A699A4202D9F5E7C4
:10ABD00000BF00E000BF1837BD4680BD80B483B021
:10ABE00000AF7860002318460C37BD4680BC704724
:10ABF00080B584B000AF78600023FB607B685B6940
:10AC0000002B17D07B685B6978689847F860FB6811
:10AC1000002B0FD0FB68002B02DAFB685B42FB6065
:10AC2000FB68FF2B01DDFF23FB607B68DB68FA68B4
:10AC3000D2B21A707B68DA68537843F0010353701C
:10AC4000FB68002B02D17868FFF7C8FFFB685B4206
:10AC500018461037BD4680BD80B582B000AF786021
:10AC60007B68DB685B7803F00103DBB2002B02D06A
:10AC70006FF0770303E07868FFF7BAFF03461846E2
:10AC80000837BD4680BD80B483B000AF78607B6874
:10AC9000002B01D1002312E07B68DB685B7803F0B6
:10ACA0000103DBB2002B06D07B68DB681B78002B2E
:10ACB00001D1012300E0002303F00103DBB21846B9
:10ACC0000C37BD4680BC704780B582B000AF78605D
:10ACD0007868EBF759FB00BF0837BD4680BD80B4EC
:10ACE00085B000AFF860B9607A6000BF1437BD4628
:10ACF00080BC704780B487B000AF7860EFF31183F9
:10AD00007B617B693B611023FB60FB6883F31288E6
:10AD100000BFBFF36F8F00BF00BFFDE782B001909F
:10AD2000019B4033184602B0704782B0019000BFCB
:10AD300002B0704700B583B00190019800F004F8AC
:10AD400000BF03B05DF804FB00B583B0019001982B
:10AD5000F1F7B6F900BF03B05DF804FB00B585B0AC
:10AD60000390CDE90023DDE900234FF000004FF010
:10AD700000018B4208BF824203D10398FFF7DAFF3C
:10AD800004E0DDE900230398EFF7BCFF00BF05B046
:10AD90005DF804FB82B00190019B1B7C23F004034F
:10ADA000DAB2019B1A7400BF02B0704782B0019002
:10ADB000019B9B8923F001039AB2019B9A8100BFFA
:10ADC00002B0704700BF704780B483B000AF7860B6
:10ADD0007B687A681A607B687A685A6000BF0C37B3
:10ADE000BD4680BC704780B582B000AF78607B689C
:10ADF0001846FFF7E9FF00BF0837BD4680BD80B5A4
:10AE000084B000AFF860B9607A60FB680C33184614
:10AE1000FFF7E9FFFB687A68B9681846F6F798FB10
:10AE200000BF1037BD4680BD80B59EB002AFF86050
:10AE3000B9607A6007F12001D7E91E23084601F0C6
:10AE400069FE0023FB66FB6814337B66EFF3118316
:10AE50003B663B6EFB651023BB65BB6D83F31288BD
:10AE600000BFBFF36F8F00BFFB6D3B617B6E7B65E7
:10AE700000BF7B6E3B6500BF3B69FB61002387F829
:10AE80006B304DE0F868D7F880307A68B968984739
:10AE9000F866FB6E002B46D1D7E91E234FF0000069
:10AEA0004FF000018B4208BF82423CD097F86B30D4
:10AEB00083F00103DBB2002B00D102E0012387F80D
:10AEC0006B30D7E9082307F1780001F089FEFB68B1
:10AED00003F11400FB6803F10C01D7E91E23CDE94F
:10AEE00000230A46F969F2F76FF9FB681433FB6433
:10AEF000EFF31183BB64BB6C7B6410233B643B6C3E
:10AF000083F3128800BFBFF36F8F00BF7B6C7B6140
:10AF1000FB6CFB6300BFFB6CBB6300BF7B69FB6129
:10AF2000FB6E002BAED0FB681433FA69BA617B6309
:10AF3000BB693B633B6BFB62FB6A83F3118800BF19
:10AF4000BFF36F8F00BF00BF00BFFB6E18467037A6
:10AF5000BD4680BD80B58EB000AF786039607B683B
:10AF600014337B63EFF311833B633B6BFB62102372
:10AF7000BB62BB6A83F3128800BFBFF36F8F00BF51
:10AF8000FB6ABB607B6B7B6200BF7B6B3B6200BF7D
:10AF9000BB683B617B6839681846F6F7A3F97B68A4
:10AFA0000C331846F2F7B8F90346002B06D07B683D
:10AFB00014333969184601F01CFA11E07B68143328
:10AFC0003A69FA60FB61FB68BB61BB697B617B69C5
:10AFD00083F3118800BFBFF36F8F00BF00BF00BFB6
:10AFE00000BF3837BD4680BD80B500AFFAF7C1FE5F
:10AFF00000BF80BD80B58AB000AFF860B9607A60EC
:10B00000EFF311833B623B6AFB611023BB61BB69B9
:10B0100083F3128800BFBFF36F8F00BFFB697B62B1
:10B02000FFF7E2FFECE780B400AF00BF00BF00BF56
:10B03000BD4680BC704780B483B000AF78607B6849
:10B040007A681A607B687A685A6000BF0C37BD4620
:10B0500080BC704780B483B000AF78607B6800220A
:10B060001A607B6800225A6000BF0C37BD4680BC66
:10B07000704780B483B000AF78607B681B687A68E3
:10B080009A420CBF01230023DBB218460C37BD46A1
:10B0900080BC704780B582B000AF78607868FFF7F9
:10B0A000E8FF0346002B02D17B681B6800E0002309
:10B0B00018460837BD4680BD80B584B000AF7860C3
:10B0C0007B685B68FB607B681B68BB60FB68BA6879
:10B0D0001A60BB68FA685A607868FFF7BBFF00BF68
:10B0E0001037BD4680BD80B483B000AF786000BF2C
:10B0F0000C37BD4680BC704780B582B000AF786029
:10B100007B6818331846F3F701F8034618460837EA
:10B11000BD4680BD80B582B000AF78607B681846C0
:10B12000FFF789FF00BF0837BD4680BD80B483B0FC
:10B1300000AF78607B681B7C23F00203DAB27B6887
:10B140001A7400BF0C37BD4680BC704780B586B00E
:10B1500000AF78607B68FB60FB689B681A467B6881
:10B160007B613A617B691846FFF7A6FF00BF7868EC
:10B17000FFF7DCFF7B6800229A6000BF1837BD46EE
:10B1800080BD80B584B000AFF860B9607A607B683C
:10B19000002B03D0BA687B689A4202D96FF015037E
:10B1A0000DE0FB68BA689A60FB687A68DA60FB6851
:10B1B0001846FFF7AFFFF868FFF795FF0023184622
:10B1C0001037BD4680BD80B483B000AF78600023E7
:10B1D00018460C37BD4680BC704780B483B000AFC2
:10B1E00078607B687A681A607B687A685A6000BF0A
:10B1F0000C37BD4680BC704780B483B000AF786028
:10B200007B6800221A607B6800225A6000BF0C37FE
:10B21000BD4680BC704780B483B000AF78607B6867
:10B220001B687A689A420CBF01230023DBB21846E0
:10B230000C37BD4680BC704780B582B000AF7860E7
:10B240007868FFF7E8FF0346002B02D17B681B6894
:10B2500000E0002318460837BD4680BD80B584B0A5
:10B2600000AF78607B685B68FB607B681B68BB60D5
:10B27000FB68BA681A60BB68FA685A607868FFF7BA
:10B28000BBFF00BF1037BD4680BD80B483B000AFA8
:10B2900078607B6800221A607B6800225A6000BFD9
:10B2A0000C37BD4680BC704780B483B000AF786077
:10B2B0007B681B6818460C37BD4680BC704780B45D
:10B2C00083B000AF786039607B683A681A6000BF6D
:10B2D0000C37BD4680BC704780B483B000AF786047
:10B2E00039607B683A681A6000BF0C37BD4680BC85
:10B2F000704780B483B000AF786039607B683A688B
:10B300005A6000BF0C37BD4680BC704780B483B024
:10B3100000AF78607B681B6818460C37BD4680BC60
:10B32000704780B483B000AF78607B685B68184674
:10B330000C37BD4680BC704780B582B000AF7860E6
:10B340007868FFF7E3FF0346002B0CBF01230023BF
:10B35000DBB218460837BD4680BD80B582B000AF6D
:10B3600078607868FFF7A0FF034618460837BD46A7
:10B3700080BD80B582B000AF78607B68002B04D0C0
:10B380007868FFF7EAFF034600E000231846083715
:10B39000BD4680BD80B582B000AF786039600021C5
:10B3A0003868FFF78CFF7868FFF7BBFF0346002B78
:10B3B00008D139687868FFF79CFF39687868FFF72B
:10B3C0008BFF0BE07868FFF7ACFF0346396818463F
:10B3D000FFF775FF39687868FFF78BFF0837BD46C0
:10B3E00080BD80B584B000AF78607868FFF78EFFCD
:10B3F000F860F868FFF758FF034619467868FFF7CA
:10B400006BFF7868FFF78DFF0246FB68934207D118
:10B410007868FFF77BFF034619467868FFF769FFF6
:10B42000FB6818461037BD4680BD80B582B000AFBE
:10B4300078607868FFF780FF0346002B04D17868B6
:10B44000FFF7CFFF034600E0002318460837BD464C
:10B4500080BD80B584B000AFF860B9607A60BB6829
:10B46000002B17D17868FFF71FFF03461946F868CD
:10B47000FFF732FFF868FFF754FF02467B689342FC
:10B480001BD1F868FFF742FF03461946F868FFF73B
:10B4900030FF12E07868FFF707FF03461946B868E7
:10B4A000FFF70DFFF868FFF73CFF02467B68934209
:10B4B00003D1B968F868FFF71CFF00217868FFF72F
:10B4C000FEFE1037BD4680BD80B584B000AF786009
:10B4D00039600023FB607868FFF718FFB86010E060
:10B4E000BA683B689A4206D13A68F9687868FFF70B
:10B4F000B0FF012309E0BB68FB60B868FFF739FFC4
:10B50000B860BB68002BEBD1002318461037BD464E
:10B5100080BD80B582B000AF7860786800F02AF80E
:10B5200000BF0837BD4680BD80B58CB008AFF8605D
:10B53000B9607A603B60D7E90C23CDE90623BB6A8A
:10B5400004937B6A03933B6A0293FB690193BB6993
:10B5500000933B687A68B968F86800F0B9FC034664
:10B5600018461037BD4680BD80B500AF00F02BFDFA
:10B5700000BF80BD80B582B000AF78607868F0F71A
:10B580009FFD00BF0837BD4680BD80B582B000AFCB
:10B590007860396039687868F0F76AFB03461846C6
:10B5A0000837BD4680BD80B582B000AF786078684E
:10B5B000EFF720FE00BF0837BD4680BD80B582B0E2
:10B5C00000AF78607B681846FFF716FE79684FF089
:10B5D00000024FF00003C1E9022300BF0837BD4657
:10B5E00080BD80B582B000AF78607B6818331846A4
:10B5F000F2F78CFD034618460837BD4680BD80B57E
:10B6000082B000AF78607B681846FFF7E6FD00BFA8
:10B610000837BD4680BD80B483B000AF78607B68DA
:10B620001B7C23F00203DAB27B681A7400BF0C376C
:10B63000BD4680BC704780B586B000AF78607B683F
:10B64000FB60FB689B681A467B687B613A617B699B
:10B650001846FFF703FE00BF7868FFF7DCFF7B6842
:10B6600000229A6000BF1837BD4680BD80B594B0F7
:10B6700000AFF860B9607A60002387F84F3002E0CD
:10B68000012387F84F30FB68BB64BB687B647B6831
:10B690003B64002387F83F30BB6CBB63BB6B7B63B1
:10B6A00000233B63786BFFF7C7FDF862FB6A002B52
:10B6B00001D0FB6A3B633B6BBB62BB6A002B14BFD0
:10B6C00001230023DBB2002B05D0B86AFFF7B3FFDC
:10B6D000B86AFFF786FFBB6A7B627B6A002B18D0D3
:10B6E0007B6C7A6A3A62FB613B6CBB613B6A7B6153
:10B6F000FB693B617B693A69C3F8C42000BF3B6AC0
:10B70000BA695A6100BF786AF0F7BAFE012387F878
:10B710003F3097F83F30002BB2D197F84F301846A2
:10B720005037BD4680BD80B483B000AF78603960CB
:10B730007B681A6801213B6801FA03F3DB431A4076
:10B740007B681A6000BF0C37BD4680BC704780B470
:10B7500083B000AF786039607B681A6801213B686C
:10B7600001FA03F31A437B681A6000BF0C37BD4629
:10B7700080BC704780B483B000AF786039607B686C
:10B780001A683B6822FA03F303F00103DBB21846A0
:10B790000C37BD4680BC704780B584B000AF786080
:10B7A00039603B6819467868FFF7E4FF0346FB738E
:10B7B0003B6819467868FFF7B6FFFB7B18461037E1
:10B7C000BD4680BD80B483B000AF786039607B68CF
:10B7D0003A681A6000BF0C37BD4680BC704780B421
:10B7E00083B000AF78607B681B6818460C37BD4695
:10B7F00080BC704780B584B000AF78607B68FB6028
:10B800007B680C3304211846FFF78DFFFB6810336B
:10B810001846FFF7C8FE00BF1037BD4680BD80B593
:10B8200082B000AF78607B680C331846FFF7D7FF13
:10B83000034603F01F0318460837BD4680BD80B598
:10B8400082B000AF786039603B680C330221184643
:10B85000FFF7A2FF0346002B06D07B68CC333A6883
:10B8600011461846FFF730FE00BF0837BD4680BDC1
:10B8700080B592B000AF7860002387F847307B68CE
:10B88000002B4AD07B68D4333B640023FB63002346
:10B89000BB63002387F837303B6C3B633B6BFB6239
:10B8A0000023BB62F86AFFF7C7FC78627B6A002B53
:10B8B00001D07B6ABB62BB6A3B623B6A002B14BF50
:10B8C00001230023DBB2002B05D0386AFFF7B3FE5B
:10B8D000386AFFF786FE3B6AFB61FB69002B18D0D4
:10B8E000FB6BFA69BA617B61BB6B3B61BB69FB6057
:10B8F0007B69BB60FB68BA68C3F8C42000BFBB6942
:10B900003A695A6100BFF869F0F7BAFD012387F878
:10B91000373097F8373087F8473097F84730184670
:10B920004837BD4680BD80B584B000AF78603960CF
:10B930000023FB607B680C3301211846FFF71AFFD8
:10B940000346002B03D06FF00F03FB603BE07B68E6
:10B950000C3302211846FFF70DFF034683F0010365
:10B96000DBB2002B2FD00123FB603B681B68002B50
:10B9700003D17B689A683B681A607B680C330021AE
:10B980001846FFF7F7FE0346002B05D07B689A6840
:10B990003B681A600223FB603B681B6879681846A5
:10B9A000EFF79EFDB860BB68002B02DABB68FB6056
:10B9B00009E07B680C3302211846FFF7C8FE3B689C
:10B9C0001A687B689A60FB68002B02DC3B680022E7
:10B9D0001A60FB6818461037BD4680BD80B584B03C
:10B9E00000AF78607B680C3301211846FFF7C2FE78
:10B9F000034683F00103DBB2002B05D07B689B6814
:10BA000079681846FFF71BFF7868FFF708FFF860B2
:10BA1000FB68002B09D07B680C3301211846FFF727
:10BA200096FE7868FFF7FBFEF860FB681846103753
:10BA3000BD4680BD80B58EB000AF786039607B6850
:10BA4000184630231A460021F3F756F87B683A6807
:10BA50005A607B684FF48072DA607B681033184656
:10BA6000FFF7ACFD00BF3837BD4680BD80B582B062
:10BA700000AF7860396039687868EFF7CBFF7B6892
:10BA80001846FFF7ABFF034618460837BD4680BD92
:10BA900082B00190019B019A1A60019B019A5A6041
:10BAA00000BF02B0704782B00190019B00221A6073
:10BAB000019B00225A6000BF02B0704782B0019023
:10BAC000019B00221A60019B00225A6000BF02B055
:10BAD000704700231846704782B00190019B4033A5
:10BAE000184602B0704700B583B00190019800F08D
:10BAF00004F800BF03B05DF804FB00B583B001900B
:10BB00000198F0F7DDFA00BF03B05DF804FB00B563
:10BB100083B00190019B1846FFF7C5FF01994FF0D4
:10BB200000024FF00003C1E9022300BF03B05DF83B
:10BB300004FB00B583B00190019B18331846FFF752
:10BB4000E6FF00BF03B05DF804FB00B583B00190D1
:10BB5000019B18331846F2F7D9FA0346184603B08A
:10BB60005DF804FB00B585B00390CDE90023DDE965
:10BB700000234FF000004FF000018B4208BF8242CB
:10BB800003D10398FFF7AFFF04E0DDE9002303983A
:10BB9000F0F74AF800BF05B05DF804FB82B00190F1
:10BBA000019B1B7C03F01003002B14BF0123002317
:10BBB000DBB2184602B0704782B00190019B1B7C3B
:10BBC00003F00803002B14BF01230023DBB2184647
:10BBD00002B0704782B00190019B1B7C23F01003E0
:10BBE000DAB2019B1A7400BF02B0704782B00190B4
:10BBF000019B1B7C03F00403002B14BF01230023D3
:10BC0000DBB2184602B0704782B00190019B1B7CEA
:10BC100023F00403DAB2019B1A7400BF02B070472C
:10BC200082B00190019B9B8903F00103DBB21846AF
:10BC300002B0704700B583B00190019B1846FFF732
:10BC400027FF00BF03B05DF804FB82B0EFF305836C
:10BC50000193019B002B14BF01230023DBB2184684
:10BC600002B0704700B583B001900091009B002B9B
:10BC70000BD0019B7C331F2200991846F3F7A2FAE0
:10BC8000019B002283F89B2003E0019B002283F8A4
:10BC90007C2000BF03B05DF804FB82B00190019BE3
:10BCA0007C33184602B0704700B589B0039002910A
:10BCB00001920093029B0793009B0693069A079BB1
:10BCC000934228BF13460593059A01990398E4F718
:10BCD000D5FC059B184609B05DF804FB10B58AB089
:10BCE000039002910192019B073323F007037F33F6
:10BCF00023F03F0305930298FFF7EEFE03460693F9
:10BD0000059B403B0793059B3F2B0ED800230993CF
:10BD1000099B0893089B83F3118800BFBFF36F8FC3
:10BD200000BF00BF0423184602DF039B1C4605AB7F
:10BD300093E8070084E8070003980AB010BD86B0B6
:10BD4000039002910192019B1B68029A1344059390
:10BD5000059B184606B0704700B583B0019000916E
:10BD6000009AAA210198F2F7C7FE00BF03B05DF860
:10BD700004FB82B0019000BF02B0704700B587B0ED
:10BD80000390029101920023059302990398F9F719
:10BD90003AFF0246059B13440593059B073323F0A6
:10BDA0000703184607B05DF804FB84B003900291C6
:10BDB00001920093029A039BC3F89C20039B019A73
:10BDC000C3F8A020039B009AC3F8A42000BF04B0CE
:10BDD000704700B58BB003900291019205AB019AB8
:10BDE00002991846FFF77AFF05AB1A4602990398A5
:10BDF000FFF7A5FF089000BF069B079A114618465B
:10BE0000FFF7AAFF069B1846FFF7B3FF079B1A46EA
:10BE100008990398FFF7B2FF09900699079A099BC2
:10BE20000398FFF7C2FF099B5B42089A1344184628
:10BE30000BB05DF804FB82B00190009100BF02B02E
:10BE4000704782B0019000BF02B0704782B001908D
:10BE500000BF02B0704784B003900291019200BF0E
:10BE600004B0704782B00190009100BF02B07047EB
:10BE700082B0019000BF02B0704782B0019000BF55
:10BE800002B0704700B583B001900091009901980D
:10BE9000FFF7E8FE00BF03B05DF804FB82B001903D
:10BEA00000BF02B0704782B00190009100BF02B0A5
:10BEB000704782B0019000BF02B0704782B001901D
:10BEC00000BF02B0704782B0019000BF02B070475F
:10BED00000B58BB009900891079206930023059353
:10BEE000109B04930F9B03930E9B02930D9B019356
:10BEF0000C9B0093069B079A08990998EFF78AFF15
:10BF0000DDE912230998FFF72DFE099B18460BB0B7
:10BF10005DF804FB00B585B0039002910192009397
:10BF2000039B00229A60009B9AB2039B9A81019B1B
:10BF3000DAB2039B1A74029B5AB2039B9A73039B57
:10BF40000022DA730398FFF7F4FD00BF05B05DF837
:10BF500004FB88B003900291019200230793039B96
:10BF6000059303AB0493002306930BE0059A069B0D
:10BF700013441B78AA2B0AD1079B01330793069B16
:10BF800001330693069A029B9A42EFD300E000BF6A
:10BF9000019B079A1A600023184608B0704700B545
:10BFA00083B001900091019BD3F89C301846019B0F
:10BFB000D3F8A030009A1946FFF7CBFF0346184686
:10BFC00003B05DF804FB08B5F0F7E8FF00BF08BD5B
:10BFD00082B00190019B00221A60019B00225A60EE
:10BFE00000BF02B0704782B00190019B1B68002B1C
:10BFF00014BF01230023DBB2184602B0704782B0A1
:10C000000190019B1B68019A9A420CBF01230023F7
:10C01000DBB2184602B0704700B583B001900198BA
:10C02000FFF7EDFF0346002B02D1019B1B6800E0E8
:10C030000023184603B05DF804FB82B00190009124
:10C04000019B5B68009A9A4202D0009B1B6800E04B
:10C050000023184602B0704700B583B001900091EC
:10C06000009B002B05D000990198FFF7E6FF0346DF
:10C0700000E00023184603B05DF804FB84B0019093
:10C080000091019B5B680393009B019A1A60009BDF
:10C09000039A5A60039B009A1A60019B009A5A60A7
:10C0A00000BF04B0704784B001900091019B5B68B1
:10C0B0000393009B039A5A60009B019A1A60039BAA
:10C0C000009A1A60019B009A5A6000BF04B0704742
:10C0D00084B00190019B5B680393019B1B680293F2
:10C0E000039B029A1A60029B039A5A6000BF04B035
:10C0F000704700B585B00190019B5B680393019B7D
:10C100001B680293039B029A1A60029B039A5A606F
:10C110000198FFF75DFF00BF05B05DF804FB00B5B7
:10C1200083B00190019B1846FFF75DFF0346002B8B
:10C1300014BF01230023DBB283F00103DBB203F061
:10C140000103DBB2184603B05DF804FB00B583B011
:10C150000190019B18331846F1F7D8FF03461846A3
:10C1600003B05DF804FB82B00190019BDB897F2B5B
:10C1700094BF01230023DBB2184602B0704782B09F
:10C1800001900023184602B0704782B00190019BD5
:10C190001B7C03F02003002B14BF01230023DBB220
:10C1A000184602B0704782B00190019B1B7C03F0DF
:10C1B0006003002B14BF01230023DBB2184602B03A
:10C1C000704784B00190019B1B7C8DF80F309DF867
:10C1D0000F3003F01F03002B14BF01230023DBB239
:10C1E000184604B0704700B583B00190019B183326
:10C1F0001846FFF794FF0346002B14BF01230023CA
:10C20000DBB283F00103DBB203F00103DBB21846BB
:10C2100003B05DF804FB00B583B001900198FFF70F
:10C22000D0FF0346002B14BF01230023DBB283F0B1
:10C230000103DBB203F00103DBB2184603B05DF883
:10C2400004FB82B001900091019B1B7C1A46009B6D
:10C250001340002B14BF01230023DBB2184602B0A9
:10C26000704700B583B0019080210198FFF7E9FF86
:10C270000346184603B05DF804FB82B00190019BB1
:10C280001B7C63F07F03DAB2019B1A7400BF02B01B
:10C29000704782B00190019B1B7C03F07F03DAB2F0
:10C2A000019B1A7400BF02B0704782B00190019BDD
:10C2B0001B7C43F01003DAB2019B1A7400BF02B07A
:10C2C000704782B00190019B1B7C43F00203DAB2FD
:10C2D000019B1A7400BF02B0704782B00190019BAD
:10C2E0001B7C23F00203DAB2019B1A7400BF02B078
:10C2F000704782B00190019B1B7C23F00403DAB2EB
:10C30000019B1A7400BF02B0704782B00190019B7C
:10C310009B8903F00103DBB2184602B0704700B5F9
:10C3200087B00190019B0393039B9B681A46019B76
:10C3300005930492059B1846FFF7DBFE00BF0198AA
:10C34000FFF7CBFF019B00229A6000BF07B05DF8AA
:10C3500004FB00B583B00190019B1846FFF75CFE1B
:10C360000346184603B05DF804FB82B00190012338
:10C37000184602B0704782B0019000BF02B070470B
:10C3800082B00190019B184602B0704782B00190C4
:10C3900000BF02B0704782B0019000BF02B070478A
:10C3A00082B001900023184602B0704784B001901B
:10C3B000019B0393039B002B0CBF01230023DBB2E3
:10C3C000002B0FD0EFF305830293029B002B14BFC9
:10C3D00001230023DBB283F00103DBB2002B01D089
:10C3E000012300E0002303F00103DBB2184604B090
:10C3F000704700B58BB001900091009B1846FFF785
:10C40000D5FF0346002B10D0F0F73CFD0346002B70
:10C410000BD0019B0993009B0393099B089300BFDA
:10C42000039B1846EFF73EFF10E0009B0493019B2F
:10C430000793049B0693069B0593059B83F3118842
:10C4400000BFBFF36F8F00BF00BF00BF00BF0BB0C6
:10C450005DF804FB00B58BB0019000910198F0F7F6
:10C4600031F90198FFF72DFF009B002B51D0019B64
:10C47000009A9A60009B0993019B08930998FFF723
:10C48000CBFD0346002B04D00998FFF7C5FD0346FA
:10C4900000E00023079334E0089B0693079B059375
:10C4A000069B93F90E300493059B93F90E3003938A
:10C4B000049A039B9A4203D0039A049BD31A00E088
:10C4C0000023002B07DD079B089A11461846FFF74B
:10C4D000EAFD00BF1DE0079B002B10D0079B19460B
:10C4E0000998FFF7B9FD0346002B06D0079B1946B4
:10C4F0000998FFF7B1FD034602E0002300E00023A6
:10C500000793079B002BC7D1089B19460998FFF793
:10C51000B5FD00BF0BB05DF804FB00B585B003901E
:10C520000291CDE9002302990398FFF793FFDDE91B
:10C5300000230398EFF7A0FE00BF05B05DF804FBF1
:10C5400000B585B00190019B1B7C03F02803002BF4
:10C5500014BF012300238DF80F309DF80F3083F0B6
:10C560000103DBB2002B0CD0019B9B68002B02D097
:10C570000198FFF7D4FE0198FFF7BBFE0198EFF793
:10C580007FFF00BF05B05DF804FB00B587B00190E8
:10C590000198FFF7DEFE059015E00598FFF7BFFE56
:10C5A000059B049300230393049B039AC3F8C420C0
:10C5B00000BF0598FFF7CAFD0598EFF761FF0198E6
:10C5C000FFF7C7FE0590059B002BE6D100BF00BF1B
:10C5D00007B05DF804FB08B5FFF7F5FC00BF08BD28
:10C5E00082B00190019B1B7C43F00403DAB2019BF3
:10C5F0001A7400BF02B0704780B483B000AF786097
:10C600007B687A681A607B687A685A6000BF0C376A
:10C61000BD4680BC704780B483B000AF78607B6853
:10C620001B687A689A420CBF01230023DBB21846CC
:10C630000C37BD4680BC704780B582B000AF7860D3
:10C640007868FFF7E8FF0346002B02D17B681B6880
:10C6500000E0002318460837BD4680BD80B483B093
:10C6600000AF786039607B685B683A689A4202D0B4
:10C670003B681B6800E0002318460C37BD4680BCB1
:10C68000704780B582B000AF786039603B68002B9E
:10C6900005D039687868FFF7E1FF034600E0002322
:10C6A00018460837BD4680BD80B483B000AF7860BF
:10C6B0007B68DB897F2B94BF01230023DBB2184604
:10C6C0000C37BD4680BC704780B485B000AF786041
:10C6D0007B681B7CFB73FB7B03F01F03002B14BFE9
:10C6E00001230023DBB218461437BD4680BC7047D7
:10C6F00080B483B000AF786039607A683B689A4252
:10C70000B4BF01230023DBB218460C37BD4680BC02
:10C71000704780B582B000AF78603960396878685A
:10C72000FFF7E6FF034618460837BD4680BD80B5D3
:10C7300082B000AF78607868F1F72EF903461846AA
:10C74000F1F780F900BF0837BD4680BD80B584B0E1
:10C7500002AF78603960002300930023002239681B
:10C760007868F1F789FA00BF0837BD4680BD80B50B
:10C7700084B002AF78603960002300930023012267
:10C7800039687868F1F778FA00BF0837BD4680BD90
:10C7900080B483B000AF78607B6800221A607B6849
:10C7A00000225A6000BF0C37BD4680BC704780B481
:10C7B00083B000AF78607B681B68002B14BF012337
:10C7C0000023DBB218460C37BD4680BC704780B4EE
:10C7D00083B000AF78607B681B687A689A420CBFB0
:10C7E00001230023DBB218460C37BD4680BC7047DE
:10C7F00080B582B000AF78607868FFF7E8FF034645
:10C80000002B02D17B681B6800E000231846083724
:10C81000BD4680BD80B483B000AF786039607B686E
:10C820005B683A689A4202D03B681B6800E00023CC
:10C8300018460C37BD4680BC704780B582B000AF4B
:10C84000786039603B68002B05D039687868FFF75D
:10C85000E1FF034600E0002318460837BD4680BDCF
:10C8600080B485B000AF786039607B685B68FB603E
:10C870003B687A681A603B68FA685A60FB683A68F5
:10C880001A607B683A685A6000BF1437BD4680BCA6
:10C89000704780B485B000AF786039607B685B68B2
:10C8A000FB603B68FA685A603B687A681A60FB680C
:10C8B0003A681A607B683A685A6000BF1437BD4610
:10C8C00080BC704780B584B000AF78607B685B68DF
:10C8D000FB607B681B68BB60FB68BA681A60BB685A
:10C8E000FA685A607868FFF753FF00BF1037BD46FB
:10C8F00080BD80B582B000AF78607B681846FFF7D6
:10C9000056FF0346002B14BF01230023DBB283F044
:10C910000103DBB203F00103DBB218460837BD4662
:10C9200080BD80B500AFF1F735FA0346002B01D08A
:10C93000002302E0EDF7A2FD0346184680BDB0B526
:10C9400084B000AF7860F1F761FA02467B689342E9
:10C950000CBF01230023FB737868F1F765FAB86018
:10C96000BB68002B0BD0BB68D3E902017B68D3E91D
:10C970000223841841EB0305BB68C3E902457B68C9
:10C980001846FFF79FFFFB7B18461037BD46B0BD2A
:10C9900080B582B000AFF1F739FA78607B68002B80
:10C9A00003D07B68D3E9022303E04FF0FF324FF05E
:10C9B000FF33104619460837BD4680BD80B582B0AA
:10C9C00000AFF1F723FA78607B68002B10D07B680A
:10C9D000D3E902236FF000418A4273F1000304DAC5
:10C9E0007B68D3E90223134604E06FF0004301E0C3
:10C9F0006FF0004318460837BD4680BD2DE9B043AF
:10CA000084B000AF7860F1F701FAF860FB68002BA2
:10CA10000DD0FB68D3E902237968C8170C46054698
:10CA2000B2EB040863EB0509FB68C3E9028900BFA8
:10CA30001037BD46BDE8B08380B582B000AFF1F7D6
:10CA4000E5F978607B68002B04D07B68D3E902238A
:10CA5000134301D0002304E07B681846FFF732FF40
:10CA60007B6818460837BD4680BD80B586B000AFEC
:10CA70007860FFF78DFFC7E904017B686FF0004223
:10CA8000934201D300231FE0D7E90423B3F1FF3F12
:10CA900008BFB2F1FF3F07D0D7E904236FF0004190
:10CAA0008A4273F1000304DB7A686FF000439B1A3B
:10CAB0000AE03B69FB60FA687B689A4203D9FA682E
:10CAC0007B68D31A00E0002318461837BD4680BDA6
:10CAD00080B582B000AF78607868FFF7C6FF034684
:10CAE00000211846FDF79BFF00BF0837BD4680BDFB
:10CAF00080B500AFF1F75AFC02460B4613461846C4
:10CB000080BD80B500AFF1F751FC02460B461046E0
:10CB1000194680BD2DE9F04F8DB000AFF860C7E930
:10CB20000023D7E900234FF0FF304FF0FF318B4255
:10CB300008BF824206D14FF0FF324FF0FF33C7E902
:10CB4000042343E0D7E900234FF000004FF0000139
:10CB50008B4208BF824206D14FF000024FF0000323
:10CB6000C7E9042332E0D7E90023C7E90A23D7E95C
:10CB70000023002B1CDBF1F719FC01237B62D7E9B2
:10CB80000A23C7E906237B6ADA171C461546D7E94C
:10CB90000623A24273EB050601DA22462B4612EB6E
:10CBA000000A43EB010B52465B46C7E904230DE044
:10CBB000D7E90A236FF001004FF0FF31B0EB020814
:10CBC00061EB030942464B46C7E90423F968D7E9FC
:10CBD0000423C1E90023F8683437BD46BDE8F08F6F
:10CBE000B0B588B000AFF860C7E90023D7E90023EB
:10CBF000B3F1FF3F08BFB2F1FF3F07D1F9684FF033
:10CC0000FF324FF0FF33C1E900232CE0D7E90023C6
:10CC1000134307D1F9684FF000024FF00003C1E958
:10CC2000002320E0F1F7C2FB02460B46C7E90623CA
:10CC3000D7E90023D7E90601904271EB030307D23D
:10CC4000D7E90001D7E90623841A61EB030503E065
:10CC50004FF000044FF00005C7E90445D7E904236D
:10CC6000F968C1E90023F8682037BD46B0BD80B43B
:10CC700083B000AF78607B6800221A607B68002276
:10CC80005A6000BF0C37BD4680BC704780B483B08B
:10CC900000AF78607B681B68002B14BF0123002362
:10CCA000DBB218460C37BD4680BC704780B483B0F9
:10CCB00000AF78607B681B687A689A420CBF0123DA
:10CCC0000023DBB218460C37BD4680BC704780B5E8
:10CCD00082B000AF78607868FFF7E8FF0346002B6A
:10CCE00002D17B681B6800E0002318460837BD4668
:10CCF00080BD80B584B000AF78607B685B68FB6006
:10CD00007B681B68BB60FB68BA681A60BB68FA681E
:10CD10005A607868FFF7ABFF00BF1037BD4680BD93
:10CD200080B500AFFFF7EDFE02460B4610461946F0
:10CD300080BD80B582B000AF78607B681846FFF791
:10CD4000A5FF0346002B14BF01230023DBB283F0B1
:10CD50000103DBB203F00103DBB218460837BD461E
:10CD600080BD80B483B000AF78607B681B7C23F00B
:10CD70000203DAB27B681A7400BF0C37BD4680BC70
:10CD8000704780B586B000AF78607B68FB60FB6859
:10CD90009B681A467B687B613A617B691846FFF79E
:10CDA000A8FF00BF7868FFF7DCFF7B6800229A606D
:10CDB00000BF1837BD4680BD80B582B000AF786037
:10CDC0007B681846FFF783FF034618460837BD46C1
:10CDD00080BD80B483B000AF78607B687A681A60E9
:10CDE0007B687A685A6000BF0C37BD4680BC7047CC
:10CDF00080B483B000AF786000BF0C37BD4680BC04
:10CE0000704780B500AFF0F7E1FC0346184680BDDF
:10CE100080B582B000AF78607B6818331846F1F7B0
:10CE200075F9034618460837BD4680BD80B582B007
:10CE300000AF78607B681846FFF7CBFF00BF08376C
:10CE4000BD4680BD80B582B000AF78607B680022AF
:10CE50009A607B681846FFF7E9FF7868FFF7C8FF1C
:10CE600000BF0837BD4680BD80B487B000AFF86012
:10CE7000B9607A60BA68FB6813407B617B68012BFC
:10CE800005D17A69FB689A4201D0002300E07B69F2
:10CE900018461C37BD4680BC704780B588B000AFCF
:10CEA000786039603B68FB617B685B6E03F001036F
:10CEB000BB617B68186EFB691B68BA691946FFF78E
:10CEC000D3FF78617B69002B1DD07B687A691A6675
:10CED0007B685B6E03F00403002B05D0FB695A6886
:10CEE0007B691A43FB695A607868FFF791FF7B689A
:10CEF0003B610023FB603B69FA68C3F8C42000BFB4
:10CF00007868FFF71DFB002318462037BD4680BD1B
:10CF100080B582B000AF786039603A683968786867
:10CF2000F1F7A2FC034618460837BD4680BD80B520
:10CF300082B000AF786039603A6800217868F1F714
:10CF400093FC034618460837BD4680BD80B59AB0AD
:10CF500002AFF860B9607A600023FB65BB68002B04
:10CF600001D100238BE07B6803F00103BB65FFF771
:10CF700048FF7865FB680C333B65EFF31183FB6476
:10CF8000FB6CBB6410237B647B6C83F3128800BF53
:10CF9000BFF36F8F00BFBB6CBB613B6D3B6400BFD9
:10CFA0003B6DFB6300BFBB693B627B6803F0020320
:10CFB000002B02D0FB6800229A60FB689B68BA6D68
:10CFC0001946B868FFF750FFF865FB6D002B1ED0BF
:10CFD0007B6803F00403002B06D0FB689A68FB6DA6
:10CFE000DB431A40FB689A60FB680C333A6AFA61CB
:10CFF000BB63FB697B637B6B3B633B6B83F3118898
:10D0000000BFBFF36F8F00BF00BF00BF36E0D7E99E
:10D010001A234FF000004FF000018B4208BF8242FC
:10D0200012D1FB680C333A6A7A61FB627B69BB629E
:10D03000BB6A7B627B6A83F3118800BFBFF36F8F8B
:10D0400000BF00BF00BF19E07B6DBA681A667B6D38
:10D050007A685A66FB6803F10C00F968D7E91A236D
:10D06000CDE900230A46396AF0F7AEF80346002BF3
:10D0700003D17B6D1B6EFB6500E000BFFB6D1846A6
:10D080006037BD4680BD80B588B002AFF860B9603A
:10D090001346FB71FB79002B01D0022300E0002333
:10D0A0007B61D7E90823CDE900237A69B968F8687C
:10D0B000FFF74CFF034618461837BD4680BD0000F9
:08D0C000C437FE7F01000000EF
:10D0C80000000000A0D10508351B0508000000007D
:10D0D80079B104080000000000000000C0D1050874
:10D0E8000000000060D305080000000080D3050898
:10D0F8000000000040D3050800000000E0D105084A
:10D108000000000000D205080000000020D2050839
:10D118000000000040D205080000000060D20508A9
:10D128000000000080D2050800000000A0D2050819
:10D1380000000000C0D2050800000000E0D2050889
:10D148000000000000D305080000000020D30508F7
:10D15800ED7004080000000000000000A0D30508DE
:10D1680000000000E0D3050800000000C0D3050857
:10D17800A58304080000000061A604080000000060
:10D18800256B04080000000079280408000000004E
:08D19800491605080000000023
:10D1A000F4F3050800000000A4D705081C020024C1
:10D1B000000000007182040800000000A0040608BE
:10D1C00054F40508E40606088CD705082402002458
:10D1D000000000000000000000000000F00606084B
:10D1E000A4DB050850FF050800000000040200242D
:10D1F000000000000115040800000000000000000D
:10D20000B4DB050860FF05080000000006020024EA
:10D2100000000000011504080000000000000000EC
:10D22000C4DB050870FF05080000000008020024A8
:10D2300000000000011504080000000000000000CC
:10D24000D4DB050880FF0508000000000A02002466
:10D2500000000000011504080000000000000000AC
:10D26000E4DB050890FF0508000000000C02002424
:10D27000000000000115040800000000000000008C
:10D28000F4DB0508A0FF0508000000000E020024E2
:10D29000000000000115040800000000000000006C
:10D2A00004DC0508B0FF050800000000100200249F
:10D2B000000000000115040800000000000000004C
:10D2C00014DC0508C0FF050800000000120200245D
:10D2D000000000000115040800000000000000002C
:10D2E00024DC0508D0FF050800000000140200241B
:10D2F000000000000115040800000000000000000C
:10D3000034DC0508E0FF05080000000016020024D8
:10D3100000000000011504080000000000000000EB
:10D3200044DC0508F0FF0508000000001802002496
:10D3300000000000011504080000000000000000CB
:10D34000D0F3050800000000000000001A020024CD
:10D35000000000005F670508000000007804060870
:10D3600024F405086405060864D705082002002493
:10D37000E80B0024458C0408000000008C0506081A
:10D380003CF405089005060864D70508220200242D
:10D39000F40C0024458C040800000000B8050608C1
:10D3A0000CF40508240506083CD705081E020024D5
:10D3B000E00A0024D18304080000000040050608AC
:10D3C0006CF40508040706089CD70508260200240B
:10D3D000000D0024759404080000000018070608DA
:10D3E00084F405087C070608C0D705082802002435
:10D3F00000000024E7A8050800000000B0070608A8
:10D4000000000000C95C050800000000C95C0508B8
:10D4100000000000C95C050800000000C95C0508A8
:10D4200000000000C95C050800000000C95C050898
:10D430007C04060821700408800406082170040892
:10D440008404060821700408880406082170040872
:10D450008C0406082170040860D305084975050886
:10D4600060D305085F75050860D305087575050864
:10D4700060D305088B75050860D30508A1750508FC
:10D4800060D30508B775050860D30508CD75050894
:10D4900000000000C95C050800000000C95C050828
:10D4A00000000000C95C050800000000C95C050818
:10D4B00000000000C95C05089004060821700408FB
:10D4C00000000000C95C050800000000C95C0508F8
:10D4D00000000000C95C050800000000C95C0508E8
:10D4E00000000000C95C050800000000C95C0508D8
:10D4F00000000000C95C050800000000C95C0508C8
:10D5000000000000C95C050800000000C95C0508B7
:10D5100000000000C95C050800000000C95C0508A7
:10D5200000000000C95C0508E0D30508CFA105088C
:10D5300000000000C95C050800000000C95C050887
:10D54000940406082170040800000000C95C050866
:10D5500000000000C95C050800000000C95C050867
:10D5600000000000C95C050800000000C95C050857
:10D5700000000000C95C050860D30508E3750508D4
:10D5800000000000C95C050800000000C95C050837
:10D5900000000000C95C050800000000C95C050827
:10D5A00000000000C95C050800000000C95C050817
:10D5B00000000000C95C050800000000C95C050807
:10D5C00080D305088976050880D305089F7605086D
:10D5D00080D30508B576050880D30508CB76050805
:10D5E00080D30508E176050800000000C95C050845
:10D5F00000000000C95C050800000000C95C0508C7
:10D6000000000000C95C050800000000C95C0508B6
:10D6100000000000C95C050800000000C95C0508A6
:10D6200080D30508F776050880D305080D7705082F
:10D6300080D305082377050800000000C95C0508B1
:10D6400000000000C95C050800000000C95C050876
:10D6500000000000C95C050800000000C95C050866
:10D6600000000000C95C050800000000C95C050856
:10D6700000000000C95C050800000000C95C050846
:10D6800000000000C95C050800000000C95C050836
:10D6900000000000C95C050800000000C95C050826
:10D6A00000000000C95C050800000000C95C050816
:10D6B00000000000C95C050800000000C95C050806
:10D6C00000000000C95C050800000000C95C0508F6
:10D6D00000000000C95C050800000000C95C0508E6
:10D6E00000000000C95C050800000000C95C0508D6
:10D6F00000000000C95C050800000000C95C0508C6
:10D7000000000000C95C050800000000C95C0508B5
:10D7100000000000C95C050800000000C95C0508A5
:10D7200000000000C95C050800000000C95C050895
:08D7300000000000C95C0508BF
:04D7380005E90408F3
:10D73C00496D05089F6E0508DF6D05083F6E0508ED
:10D74C0000000000000000000B6F05080000000046
:10D75C00000000000000000081870408CB7205085F
:10D76C00D773050841740508000000000000000094
:10D77C00DB74050800000000000000000000000041
:10D78C00ED820508438305088F830508DD830508B2
:10D79C0011950408719604083D7D0408D17D040898
:10D7AC0000000000197F0408E98104080000000053
:10D7BC004D7E0408E1A20508AFA40508C3A6050820
:10D7CC00BDA50508FFA70508B5A30508F99A040827
:10D7DC001D9B04084D9B0508459904088B99050869
:10D7EC00459B0408919B04086D9D05088D9D0508BB
:10D7FC00AD9D05080B9E05082B9E0508E99D0508A7
:10D80C004B9E0508DD9B04086D9C04086D9E050865
:08D81C0000000000BF9E05089A
:10D82400C8E505087C010024800700248401002445
:10D83400020000005C0106082C0A0024000000001D
:0CD84400D4E5050800030024800D00243A
:10D85000F403060810FF0508DC000608300106087E
:10D86000700106081C0406083C000608BCFE0508FA
:10D87000E003060830040608440406080804060805
:10D880000000000000000000000000000000000098
:10D8900000000000ACDC0508B4DC05080000000056
:10D8A000A91704080000000028DB050828DE050889
:10D8B0008C000608BB20050800000000E4DC050819
:10D8C000ECDC050800000000FD1704080200000061
:10D8D00030DE050838DE05080CD905080000000018
:10D8E000000000007CDD050884DD05080000000064
:10D8F000410B040801010000E0DD0508E8DD050832
:10D90000000000004D1804080000000000000000A6
:10D910000000000000000000000000000000000007
:10D9200034E105083CE1050800000000F91C04088A
:10D930000200000034DF05083CDF0508000000009D
:10D94000DD19040800000000CCE00508D4E005085B
:10D9500000000000591C040802000000E4DF050874
:10D96000ECDF050800000000C91A040800000000F0
:10D9700064E005086CE0050800000000B91B04081D
:10D980000200000000000000000000000000000095
:08D9900000000000000000008F
:08D99800091F0408F51F040833
:10D9A0001F0000001C0000001F0000001E000000FF
:10D9B0001F0000001E0000001F0000001F000000EC
:10D9C0001E0000001F0000001E0000001F000000DD
:10D9D0001B5B4A00000000001B3700001B380000E2
:10D9E0001B5B4800000000001B5B324A0000000087
:10D9F0001B5B4A00000000001B3700001B380000C2
:10DA00001B5B6D00000000001B3700001B3800008E
:10DA10001B5B4800000000001B5B324A0000000056
:10DA20001B5B3F336C000000F400000002000000AC
:10DA300073746D33325F68373433786968365F6387
:10DA40007573746F6D2F73746D3332683734337838
:10DA5000780000000D0A6D61696E2066756E637452
:10DA6000696F6E2077696C6C2062652073746172D7
:10DA7000746564212025730A00000000696E7661D8
:10DA80006C696420617267756D656E74730A00005D
:10DA90007265626F6F74210A0000000025303464E3
:10DAA0002D253032642D253032640000253032645B
:10DAB0003A253032643A253032640000696E666F70
:10DAC000203A20253034642D253032642D25303223
:10DAD0006420253032643A253032643A253032648D
:10DAE0000A00000073657400696E76616C696420D9
:10DAF000617267756D656E747320636F756E740AFD
:10DB0000000000006461746520736574202D202579
:10DB1000730A00006765740064617465206765744A
:10DB2000202D2025730A00007265626F6F7400005B
:10DB30007265626F6F742073797374656D202863EA
:10DB40006F6C64207265626F6F7429007365742056
:10DB5000797979792D6D6D2D64642068683A6D6DE1
:10DB60003A7373007072696E7420646174650000AA
:10DB700064617465000000004661696C656420742E
:10DB80006F207265626F6F743A207370696E6E6990
:10DB90006E6720656E646C6573736C792E2E2E0A29
:10DBA000000000006770696F403538303230303027
:10DBB000300000006770696F4035383032303430E3
:10DBC000300000006770696F4035383032303830CF
:10DBD000300000006770696F403538303230633094
:10DBE000300000006770696F4035383032313030B6
:10DBF000300000006770696F4035383032313430A2
:10DC0000300000006770696F40353830323138308D
:10DC1000300000006770696F403538303231633052
:10DC2000300000006770696F403538303232303074
:10DC3000300000006770696F403538303232343060
:10DC4000300000006770696F40353830323238304C
:10DC500030000000464C4153480000005352414DF3
:10DC60000000000053595354454D00006D656D6F21
:10DC70007279403930303030303030006B65726E40
:10DC8000656C00004B65726E656C20636F6D6D6135
:10DC90006E6473006379636C65733A202575206840
:10DCA00077206379636C65730A0000006379636CA5
:10DCB000657300004B65726E656C206379636C65FB
:10DCC000732E0000556E61626C6520746F20706168
:10DCD00072736520696E70757420286572722025D4
:10DCE00064290A00736C6565700000006D730000A4
:10DCF000557074696D653A20256C6C75206D730ADA
:10DD0000000000002D7000002D2D70726574747974
:10DD100000000000556E737570706F72746564203A
:10DD20006F7074696F6E3A2025730A00757074699C
:10DD30006D653A20256C6C7520646179732C202503
:10DD40006C6C7520686F7572732C20256C6C752057
:10DD50006D696E757465732C20256C6C7520736508
:10DD6000636F6E64732C20256C6C75206D696C6C10
:10DD7000697365636F6E64730A000000757074697F
:10DD80006D6500004B65726E656C20757074696D11
:10DD9000652E2043616E2062652063616C6C656452
:10DDA000207769746820746865202D70206F722058
:10DDB0002D2D707265747479206F7074696F6E7335
:10DDC00000000000342E342E393900005A65706886
:10DDD00079722076657273696F6E2025730A000070
:10DDE00076657273696F6E004B65726E656C207636
:10DDF000657273696F6E2E00636F6C6400000000C3
:10DE0000436F6C64207265626F6F742E00000000B7
:10DE10007761726D000000005761726D207265625B
:10DE20006F6F742E000000005265626F6F742E00D9
:10DE300074687265616400004B65726E656C207475
:10DE40006872656164732E002A0000004E41000074
:10DE50002573257020252D3130730A00096F7074E9
:10DE6000696F6E733A20307825782C207072696F54
:10DE7000726974793A2025642074696D656F7574D0
:10DE80003A20256C6C640A000973746174653A2049
:10DE900025732C20656E7472793A2025700A000073
:10DEA000556E61626C6520746F2064657465726D77
:10DEB000696E6520756E7573656420737461636B3C
:10DEC0002073697A6520282564290A0A0000000069
:10DED00009737461636B2073697A6520257A752CE8
:10DEE00020756E7573656420257A752C20757361B5
:10DEF000676520257A75202F20257A7520282575BD
:10DF0000202525290A0A00005363686564756C653D
:10DF1000723A2025752073696E6365206C61737495
:10DF20002063616C6C0A0000546872656164733A26
:10DF30000A0000006C697374000000004C6973747F
:10DF4000206B65726E656C20746872656164732EF7
:10DF500000000000257020252D33327320287265C3
:10DF6000616C2073697A652025347A75293A0975C0
:10DF70006E757365642025347A75097573616765FC
:10DF80002025347A75202F2025347A7520282532D3
:10DF900075202525290A0000257020495251202589
:10DFA000303264202573287265616C2073697A654C
:10DFB0002025347A75293A09756E757365642025B4
:10DFC000347A750975736167652025347A75202F59
:10DFD0002025347A75202825327A75202525290AAE
:10DFE00000000000737461636B7300004C6973740C
:10DFF000207468726561647320737461636B20754B
:10E00000736167652E000000546872656164204981
:10E0100044202570206973206E6F742076616C69CE
:10E02000640A00004572726F723A5368656C6C2026
:10E030007468726561642063616E6E6F74206265DE
:10E040002073757370656E6465640A005468726548
:10E0500061642025702073757370656E6465640A51
:10E060000000000073757370656E64006B65726EFE
:10E07000656C207468726561642073757370656E79
:10E0800064203C7468726561645F69643E000000EE
:10E090004572726F723A5368656C6C207468726571
:10E0A00061642063616E6E6F7420626520726573B7
:10E0B000756D65640A00000054687265616420250E
:10E0C0007020726573756D65640A00007265737502
:10E0D0006D6500006B65726E656C207468726561B9
:10E0E0006420726573756D65203C74687265616447
:10E0F0005F69643E000000004572726F723A5368B7
:10E10000656C6C207468726561642063616E6E6F0B
:10E1100074206265206B696C6C65640A0000000005
:10E120000A20546872656164202570206B696C6CEC
:10E1300065640A006B696C6C000000006B65726EB0
:10E14000656C20746872656164206B696C6C203C3E
:10E150007468726561645F69643E00005B25705D90
:10E1600000000000646576696365733A0A00000088
:10E1700052454144590000002D2025730000000045
:10E1800044495341424C4544000000002028257377
:10E190002C2075736167653D2564290A0000000025
:10E1A00020282573290A000020204454206E6F6423
:10E1B00065206C6162656C733A0000002025730075
:10E1C00044657669636520756E6B6E6F776E202887
:10E1D0002573290A000000004465766963652025DF
:10E1E0007320697320616C726561647920696E695E
:10E1F0007469616C697A65640A0000004465766937
:10E20000636520257320696E697469616C697A6140
:10E2100074696F6E206661696C65642077697468E3
:10E22000206572723D25640A00000000446576692D
:10E23000636520257320696E697469616C697A650C
:10E2400064207375636365737366756C6C790A001B
:10E250004C69737420636F6E6669677572656420BC
:10E26000646576696365732C207769746820616ED4
:10E27000206F7074696F6E616C2066696C74657272
:10E28000000000005B3C6465766963652066696C2C
:10E290007465723E5D000000696E697400000000E4
:10E2A0004D616E75616C6C7920696E697469616C21
:10E2B000697A652061206465766963650000000005
:10E2C00044657669636520636F6D6D616E6473008C
:10E2D000496E636F72726563742064617461207744
:10E2E000696474683A2025750A000000696E7661D9
:10E2F0006C6964206164647220272573270A00001A
:10E30000696E76616C69642073697A65202725736C
:10E31000270A0000696E76616C696420776964740D
:10E320006820272573270A00613A733A773A00007C
:10E33000272D61203C616464726573733E272069F8
:10E3400073206D616E6461746F72790A0000000061
:10E35000272D73203C73697A653E27206973206DF1
:10E36000616E6461746F72790A0000006465766D95
:10E37000656D206C6F616420737570706F7274735B
:10E380002073657474696E6720627970617373209D
:10E390006F6E20612073696E676C6520696E73749F
:10E3A000616E63652E0A00004C6F6164696E672EB2
:10E3B0002E2E0A7072657373206374726C2D782030
:10E3C0006374726C2D7120746F2065736361706566
:10E3D0000A0000004E756D626572206F66206279DA
:10E3E00074657320726561643A2025640A00000038
:10E3F0002D2D00002D650000556E6B6E6F776E2021
:10E400006F7074696F6E20222573220A000000006D
:10E41000496E636F72726563742064617461207702
:10E42000696474680A000000526561642076616C5A
:10E430007565203078256C6C780A00005573696E1C
:10E440006720646174612077696474682025640AB8
:10E450000000000057726974696E672076616C7500
:10E4600065203078256C6C780A00000064756D704A
:10E470000000000055736167653A0A6465766D6552
:10E480006D2064756D70202D61203C61646472653F
:10E4900073733E202D73203C73697A653E205B2D9B
:10E4A00077203C77696474683E5D0A006C6F616434
:10E4B0000000000055736167653A0A6465766D6512
:10E4C0006D206C6F6164205B6F7074696F6E735D3B
:10E4D000205B616464726573735D0A4F7074696F69
:10E4E0006E733A0A2D65096C6974746C652D656EDE
:10E4F0006469616E20706172736500006465766D99
:10E50000656D0000526561642F77726974652070D3
:10E510006879736963616C206D656D6F72790A55F6
:10E52000736167653A0A52656164206D656D6F724B
:10E5300079206174206164647265737320776974F3
:10E5400068206F7074696F6E616C2077696474689D
:10E550003A0A6465766D656D203C6164647265732A
:10E56000733E205B3C77696474683E5D0A5772694C
:10E570007465206D656D6F727920617420616464CB
:10E58000726573732077697468206D616E6461745D
:10E590006F727920776964746820616E6420766197
:10E5A0006C75653A0A6465766D656D203C616464DE
:10E5B000726573733E203C77696474683E203C76D4
:10E5C000616C75653E000000756172743A7E2420AE
:10E5D000000000007368656C6C5F75617274000008
:10E5E000537562636F6D6D616E64733A0A0000006B
:10E5F00025733A2077726F6E6720706172616D6566
:10E6000074657220636F756E740A00005741524E34
:10E61000494E473A2041207072696E7420726571CC
:10E6200075657374207761732064657465637465C0
:10E6300064206F6E206E6F7420616374697665204C
:10E640007368656C6C206261636B656E642E0A0092
:10E65000257300000A2573257300000073656C653F
:10E6600063740000506C6561736520737065636945
:10E670006679206120737562636F6D6D616E642EC3
:10E680000A0000004572726F723A207265717565FA
:10E6900073746564206D756C7469706C6520667543
:10E6A0006E6374696F6E20657865637574696F6EEB
:10E6B000730A00006E6F74207465726D696E617408
:10E6C00065643A2025630A00257325730A0000005B
:10E6D0003A20636F6D6D616E64206E6F7420666F9B
:10E6E000756E6400546F6F206D616E792061726782
:10E6F000756D656E747320696E2074686520636F34
:10E700006D6D616E642E0A00506C656173652070DA
:10E710007265737320746865203C5461623E2062A8
:10E720007574746F6E20746F2073656520616C6CF6
:10E7300020617661696C61626C6520636F6D6D61EB
:10E740006E64732E0A000000596F752063616E209D
:10E75000616C736F2075736520746865203C54612B
:10E76000623E20627574746F6E20746F2070726FD9
:10E770006D7074206F72206175746F2D636F6D7092
:10E780006C65746520616C6C20636F6D6D616E6487
:10E7900073206F722069747320737562636F6D6D7F
:10E7A000616E64732E0A0000596F752063616E20DC
:10E7B00074727920746F2063616C6C20636F6D6D6F
:10E7C000616E64732077697468203C2D683E206F09
:10E7D00072203C2D2D68656C703E20706172616DF9
:10E7E0006574657220666F72206D6F726520696E48
:10E7F000666F726D6174696F6E2E0A000A536865E8
:10E800006C6C20737570706F72747320666F6C6CB3
:10E810006F77696E67206D6574612D6B6579733AEA
:10E820000A20204374726C202B202861206B6579AC
:10E830002066726F6D3A206162636465666B6C6E10
:10E8400070747577290A2020416C7420202B2028B1
:10E8500061206B65792066726F6D3A206266290AC5
:10E86000506C6561736520726566657220746F20F7
:10E870007368656C6C20646F63756D656E7461742C
:10E88000696F6E20666F72206D6F726520646574AB
:10E8900061696C732E0A00000A417661696C6162DD
:10E8A0006C6520636F6D6D616E64733A0A000000E1
:10E8B00068656C70000000005072696E747320749B
:10E8C00068652068656C70206D6573736167652E7F
:10E8D0000000000020200000253038583A200000B9
:10E8E0002530327820000000202020007C0000002D
:10E8F0007C0A00001B5B2564256300001B5B343031
:10E900003325646D000000001B5B313B3325646DD3
:10E910000000000055736167653A202573200000F0
:10E920002573252D2A73000025733A20000000006E
:10E9300025732573000000002D6800002D2D6865EB
:10E940006C700000416374697665207368656C6C57
:10E95000206261636B656E64733A0A002020253281
:10E96000642E203A257320282573290A0000000010
:10E9700025733A257325730A0000000020756E6B1D
:10E980006E6F776E20706172616D657465723A208A
:10E99000000000006F6666004563686F2073746155
:10E9A0007475733A2025730A000000005B253364F8
:10E9B0005D2025730A0000004C6F7374206C6F6734
:10E9C000733A20256C750A004E6F20726573706F64
:10E9D0006E73652066726F6D207468652074657251
:10E9E0006D696E616C2C20617373756D6564203880
:10E9F000307832342073637265656E2073697A658E
:10EA00000A00000044697361626C6520636F6C6F7B
:10EA10007265642073796E7461782E00456E616250
:10EA20006C6520636F6C6F7265642073796E7461BE
:10EA3000782E000044697361626C65207674313011
:10EA40003020636F6D6D616E64732E00456E616280
:10EA50006C6520767431303020636F6D6D616E644B
:10EA6000732E000044697361626C652070726F6D73
:10EA700070742E00456E61626C652070726F6D70EF
:10EA8000742E000044697361626C65207368656C64
:10EA90006C206563686F2E2045646974696E672019
:10EAA0006B65797320616E64206D6574612D6B6593
:10EAB000797320617265206E6F742068616E646C7A
:10EAC00065640000456E61626C65207368656C6CFE
:10EAD000206563686F2E0000726573657400000026
:10EAE0005265736574207368656C6C20737461740F
:10EAF00069737469637320666F7220746865204C53
:10EB00006F67676572206D6F64756C652E0000001D
:10EB100073686F7700000000476574207368656C48
:10EB20006C207374617469737469637320666F72A7
:10EB300020746865204C6F67676572206D6F64751F
:10EB40006C652E006261636B737061636500000029
:10EB500053657420646966666572656E74206573BA
:10EB60006361706520636F646520666F7220626107
:10EB7000636B737061636520616E642064656C65AE
:10EB80007465206B65792E0064656C6574650000A2
:10EB9000536574207468652073616D6520657363C7
:10EBA00061706520636F646520666F7220626163C7
:10EBB0006B737061636520616E642064656C65745D
:10EBC00065206B65792E00006261636B656E64730E
:10EBD000000000004C6973742061637469766520DD
:10EBE0007368656C6C206261636B656E64732E0A7A
:10EBF000000000006261636B73706163655F6D6F3D
:10EC000064650000546F67676C65206261636B73B5
:10EC100070616365206B6579206D6F64652E0A53A2
:10EC20006F6D65207465726D696E616C73206172C1
:10EC300065206E6F742073656E64696E67207365FE
:10EC40007061726174652065736361706520636FC4
:10EC5000646520666F72206261636B7370616365C7
:10EC600020616E642064656C6574652062757474DF
:10EC70006F6E2E205468697320636F6D6D616E64D2
:10EC800020666F72636573207368656C6C20746FA7
:10EC900020696E746572707265742064656C657449
:10ECA00065206B6579206173206261636B737061AD
:10ECB00063652E00636F6C6F72730000546F67673B
:10ECC0006C6520636F6C6F7265642073796E74611C
:10ECD000782E00007674313030000000546F676782
:10ECE0006C6520767431303020636F6D6D616E64B9
:10ECF000732E000070726F6D70740000546F676740
:10ED00006C652070726F6D70742E00006563686FA3
:10ED100000000000546F67676C65207368656C6C59
:10ED2000206563686F2E00007374617473000000C7
:10ED30005368656C6C207374617469737469637370
:10ED40002E00000064656661756C74004173737514
:10ED50006D6520383020636861727320736372655B
:10ED6000656E20776964746820616E642073656ED7
:10ED70006420746869732073657474696E672074A5
:10ED80006F20746865207465726D696E616C2E0009
:10ED900072656D0049676E6F7265206C696E657390
:10EDA00020626567696E6E696E6720776974682096
:10EDB0002772656D20270000636C6561720000009A
:10EDC000436C6561722073637265656E2E0000008E
:10EDD0007368656C6C00000055736566756C2C205B
:10EDE0006E6F7420556E69782D6C696B6520736841
:10EDF000656C6C20636F6D6D616E64732E00000036
:10EE0000686973746F727900436F6D6D616E642011
:10EE1000686973746F72792E0000000072657369FF
:10EE20007A650000436F6E736F6C6520676574735D
:10EE3000207465726D696E616C2073637265656EB6
:10EE40002073697A65206F7220617373756D6573C5
:10EE50002064656661756C7420696E2063617365FA
:10EE60002074686520726561646F757420666169DD
:10EE70006C732E204974206D757374206265206553
:10EE80007865637574656420616674657220656178
:10EE90006368207465726D696E616C207769647453
:10EEA00068206368616E676520746F20656E737596
:10EEB000726520636F727265637420746578742064
:10EEC000646973706C61792E00000000726574765D
:10EED000616C00005072696E742072657475726E98
:10EEE0002076616C7565206F66206D6F737420727B
:10EEF0006563656E7420636F6D6D616E6400000004
:10EF0000436F6D6D616E642062756666657220691F
:10EF10007320746F6F2073686F727420746F206534
:10EF20007870616E6420616C6C20636F6D6D616ED2
:10EF30006473206D61746368696E672077696C64BF
:10EF400063617264207061747465726E3A20257317
:10EF50000A00000072302F61313A202030782530CD
:10EF60003878202072312F61323A202030782530D5
:10EF70003878202072322F61333A202030782530C3
:10EF800038780A0072332F61343A202030782530E7
:10EF90003878207231322F69703A2020307825304D
:10EFA0003878207231342F6C723A20203078253036
:10EFB00038780A0020787073723A20203078253033
:10EFC00038780A004661756C74696E6720696E73E3
:10EFD0007472756374696F6E2061646472657373B3
:10EFE00020287231352F7063293A20307825303847
:10EFF000780A0000556E68616E646C656420495241
:10F00000516E3A2025640A002A2A2A2A2A204D50C5
:10F0100055204641554C54202A2A2A2A2A0A000003
:10F020002020537461636B696E67206572726F7222
:10F030002028636F6E746578742061726561206D3D
:10F0400069676874206265206E6F742076616C69F0
:10F0500064290A002020556E737461636B696E67C2
:10F06000206572726F720A00202044617461204131
:10F0700063636573732056696F6C6174696F6E0AA0
:10F080000000000020204D4D464152204164647232
:10F090006573733A20307825780A00002020496E85
:10F0A000737472756374696F6E2041636365737303
:10F0B0002056696F6C6174696F6E0A002020466C7F
:10F0C0006F6174696E672D706F696E74206C617A00
:10F0D00079207374617465207072657365727661EE
:10F0E00074696F6E206572726F720A002A2A2A2A6A
:10F0F0002A20425553204641554C54202A2A2A2A78
:10F100002A0A00002020537461636B696E672065D2
:10F1100072726F720A00000020205072656369737A
:10F1200065206461746120627573206572726F720C
:10F130000A0000002020424641522041646472656A
:10F1400073733A20307825780A0000002020496D3A
:10F1500070726563697365206461746120627573A0
:10F16000206572726F720A002020496E7374727586
:10F170006374696F6E20627573206572726F720AB4
:10F18000000000002A2A2A2A2A20555341474520F8
:10F190004641554C54202A2A2A2A2A0A00000000F7
:10F1A00020204469766973696F6E206279207A65E0
:10F1B000726F0A002020556E616C69676E6564206D
:10F1C0006D656D6F7279206163636573730A00000A
:10F1D00020204E6F20636F70726F636573736F7260
:10F1E00020696E737472756374696F6E730A0000C0
:10F1F0002020496C6C6567616C206C6F6164206FC6
:10F2000066204558435F52455455524E20696E74EE
:10F210006F2050430A0000002020496C6C65676134
:10F220006C20757365206F662074686520455053A7
:10F23000520A00002020417474656D707420746F50
:10F24000206578656375746520756E646566696EA2
:10F25000656420696E737472756374696F6E0A00F9
:10F260002A2A2A2A2A204465627567206D6F6E69F2
:10F27000746F7220657863657074696F6E202A2AD6
:10F280002A2A2A0A000000002A2A2A2A2A2048417B
:10F290005244204641554C54202A2A2A2A2A0A0040
:10F2A0002020427573206661756C74206F6E207625
:10F2B0006563746F72207461626C6520726561644D
:10F2C0000A00000020204465627567206576656E3F
:10F2D000740A000020204661756C742065736361B8
:10F2E0006C6174696F6E20287365652062656C6F50
:10F2F00077290A00415243485F45584345505420FE
:10F300007769746820726561736F6E2025780A0AC8
:10F31000000000005265736572766564204578636D
:10F32000657074696F6E202800000000537075725C
:10F33000696F757320696E746572727570742028B8
:10F3400049525120000000002A2A2A2A2A20257327
:10F3500020256429202A2A2A2A2A0A0053505345A4
:10F360004C20696E20746872656164206D6F6465FD
:10F3700020646F6573206E6F7420696E64696361C9
:10F380007465205053500A0045534620636F756CD6
:10F3900064206E6F74206265207265747269657690
:10F3A0006564207375636365737366756C6C792E21
:10F3B000205368616C6C206E65766572206F6363A4
:10F3C00075722E0A00000000657874690000000064
:10F3D000696E746572727570742D636F6E74726F7E
:10F3E0006C6C6572403538303030303030000000A1
:10F3F00072636300726363403538303234343030C6
:10F4000000000000646D616D75783100646D616DA0
:10F41000757840343030323038303000646D6131CE
:10F4200000000000646D61403430303230303030E4
:10F4300000000000646D613200000000646D6140F6
:10F440003430303230343030000000007263746C7D
:10F450000000000072657365742D636F6E74726FC7
:10F460006C6C65720000000072746300727463401B
:10F470003538303034303030000000007573617240
:10F480007431000073657269616C40343030313121
:10F490003030300048616C74696E67207379737422
:10F4A000656D0A00756E6B6E6F776E004350552068
:10F4B000657863657074696F6E000000556E6861F1
:10F4C0006E646C656420696E746572727570740028
:10F4D000537461636B206F766572666C6F770000A2
:10F4E0004B65726E656C206F6F7073004B65726E4A
:10F4F000656C2070616E696300000000556E6B6E74
:10F500006F776E206572726F720000003E3E3E2083
:10F510005A455048595220464154414C2045525278
:10F520004F522025643A202573206F6E204350559A
:10F530002025640A000000004661756C7420647523
:10F5400072696E6720696E74657272757074206876
:10F55000616E646C696E670A000000004375727228
:10F56000656E74207468726561643A202570202885
:10F570002573290A0000000069646C650000000022
:10F580006D61696E000000002B00000064756D6DF8
:10F590007900000070656E64696E6700736C656564
:10F5A00070696E670000000064656164000000001F
:10F5B00073757370656E64656400000061626F72DC
:10F5C00074696E670000000073757370656E64691E
:10F5D0006E670000717565756564000073797377F7
:10F5E0006F726B7100000000537563636573730085
:10F5F0004E6F74206F776E65720000004E6F20733F
:10F600007563682066696C65206F72206469726535
:10F6100063746F72790000004E6F20737563682009
:10F6200070726F6365737300496E74657272757082
:10F630007465642073797374656D2063616C6C000C
:10F64000492F4F206572726F720000004E6F207359
:10F6500075636820646576696365206F72206164F4
:10F660006472657373000000417267206C69737483
:10F6700020746F6F206C6F6E6700000045786563C3
:10F6800020666F726D6174206572726F7200000087
:10F69000536F636B657420616C726561647920637C
:10F6A0006F6E6E65637465640000000042616420E3
:10F6B00066696C65206E756D626572004E6F2063C1
:10F6C00068696C6472656E0044657374696E617418
:10F6D000696F6E2061646472657373207265717501
:10F6E00069726564000000004E6F206D6F726520C6
:10F6F00070726F6365737365730000004E6F7420E2
:10F70000656E6F7567682073706163650000000047
:10F710005065726D697373696F6E2064656E69659B
:10F720006400000042616420616464726573730068
:10F73000426C6F636B2064657669636520726571E6
:10F740007569726564000000446576696365206FC1
:10F7500072207265736F75726365206275737900CC
:10F7600046696C65206578697374730043726F73C2
:10F77000732D646576696365206C696E6B000000AB
:10F780004E6F207375636820646576696365000059
:10F790004E6F742061206469726563746F727900C2
:10F7A000486F737420697320646F776E00000000E7
:10F7B000436F6E6E656374696F6E20616C72656114
:10F7C000647920696E2070726F67726573730000D0
:10F7D00049732061206469726563746F72790000F7
:10F7E000496E76616C696420617267756D656E74CF
:10F7F000000000004E6574776F726B20696E74654F
:10F800007266616365206973206E6F7420636F6E2A
:10F810006669677572656400436F6E6E65637469CF
:10F820006F6E2061626F72746564206279206E650C
:10F8300074776F726B000000546F6F206D616E798A
:10F84000206F70656E2066696C657320696E207329
:10F85000797374656D00000046696C65206465739A
:10F8600063726970746F722076616C756520746F55
:10F870006F206C61726765004E6F74206120636851
:10F880006172616374657220646576696365000006
:10F89000546578742066696C652062757379000020
:10F8A00046696C6520746F6F206C6172676500003B
:10F8B000486F737420697320756E72656163686147
:10F8C000626C65004E6F207370616365206C6566C5
:10F8D00074206F6E20646576696365004E6F7420D6
:10F8E000737570706F72746564000000496C6C65AC
:10F8F00067616C207365656B000000005265616490
:10F900002D6F6E6C792066696C65207379737465F0
:10F910006D000000546F6F206D616E79206C696E10
:10F920006B73000042726F6B656E207069706500CA
:10F930004D617468656D6174696373206172677588
:10F940006D656E74206F7574206F6620646F6D61D5
:10F95000696E206F662066756E6374696F6E000055
:10F96000526573756C7420746F6F206C617267657B
:10F97000000000004E6F206D657373616765206F36
:10F98000662064657369726564207479706500002F
:10F990004964656E7469666965722072656D6F761B
:10F9A00065640000496C6C6567616C206279746500
:10F9B0002073657175656E63650000004465616460
:10F9C0006C6F636B000000004E6574776F726B2084
:10F9D000697320756E726561636861626C650000B1
:10F9E0004E6F206C6F636B004E6F742061207374D8
:10F9F0007265616D0000000053747265616D20696D
:10FA00006F63746C2074696D656F7574000000001D
:10FA10004E6F2073747265616D207265736F7572BD
:10FA2000636573004D616368696E65206973206E5C
:10FA30006F74206F6E20746865206E6574776F72C6
:10FA40006B0000004E6F207061636B6167650000A2
:10FA50005265736F757263652069732072656D6F8F
:10FA6000746500005669727475616C206369726315
:10FA700075697420697320676F6E650041647665EF
:10FA80007274697365206572726F720053726D6F64
:10FA9000756E74206572726F72000000436F6D6D39
:10FAA000756E69636174696F6E206572726F720042
:10FAB00050726F746F636F6C206572726F720000AA
:10FAC000556E6B6E6F776E2070726F746F636F6CB4
:10FAD000000000004D756C7469686F70206174746B
:10FAE000656D707465640000426164206D657373B8
:10FAF0006167650043616E6E6F7420616363657357
:10FB0000732061206E656564656420736861726549
:10FB100064206C6962726172790000004163636500
:10FB20007373696E67206120636F7272757074659C
:10FB30006420736861726564206C696272617279B5
:10FB4000000000002E6C69622073656374696F6E3B
:10FB500020696E20612E6F757420636F72727570EC
:10FB600074656400417474656D7074696E672074A7
:10FB70006F206C696E6B20696E206D6F72652073EB
:10FB80006861726564206C69627261726965732074
:10FB90007468616E2073797374656D206C696D692A
:10FBA0007400000043616E6E6F7420657865632099
:10FBB0006120736861726564206C69627261727938
:10FBC000206469726563746C7900000046756E6329
:10FBD00074696F6E206E6F7420696D706C656D65F1
:10FBE0006E746564000000004469726563746F722E
:10FBF00079206E6F7420656D7074790046696C654C
:10FC0000206F722070617468206E616D6520746F62
:10FC10006F206C6F6E670000546F6F206D616E799E
:10FC20002073796D626F6C6963206C696E6B730011
:10FC30004E6F206275666665722073706163652021
:10FC4000617661696C61626C650000004E6F2064D2
:10FC500061746100416464726573732066616D69EB
:10FC60006C79206E6F7420737570706F7274656438
:10FC70002062792070726F746F636F6C2066616DA3
:10FC8000696C790050726F746F636F6C2077726F5C
:10FC90006E67207479706520666F7220736F636B76
:10FCA00065740000536F636B6574206F70657261DB
:10FCB00074696F6E206F6E206E6F6E2D736F636B45
:10FCC0006574000050726F746F636F6C206E6F7498
:10FCD00020617661696C61626C65000043616E272A
:10FCE000742073656E6420616674657220736F633F
:10FCF0006B65742073687574646F776E0000000024
:10FD0000436F6E6E656374696F6E2072656675739E
:10FD100065640000436F6E6E656374696F6E207278
:10FD2000657365742062792070656572000000005B
:10FD30004164647265737320616C726561647920DB
:10FD4000696E207573650000416464726573732089
:10FD50006E6F7420617661696C61626C6500000091
:10FD6000536F667477617265206361757365642093
:10FD7000636F6E6E656374696F6E2061626F72741B
:10FD800000000000536F636B6574206973206E6F11
:10FD90007420636F6E6E656374656400536F636B8C
:10FDA00065742074797065206E6F7420737570703F
:10FDB0006F72746564000000536F636B6574206933
:10FDC0007320616C726561647920636F6E6E656328
:10FDD000746564004F7065726174696F6E20636151
:10FDE0006E63656C656400005374617465206E6FAA
:10FDF00074207265636F76657261626C65000000E5
:10FE000050726576696F7573206F776E65722064C6
:10FE10006965640053747265616D73207069706503
:10FE2000206572726F7200004F7065726174696F45
:10FE30006E206E6F7420737570706F7274656420BD
:10FE40006F6E20736F636B657400000056616C7594
:10FE50006520746F6F206C6172676520666F722019
:10FE6000646566696E65642064617461207479708C
:10FE7000650000004D65737361676520746F6F20C6
:10FE80006C6F6E6700000000436F6E6E656374698F
:10FE90006F6E2074696D6564206F757400000000DA
:10FEA000286E756C6C2900002A666C6F61742A00DC
:10FEB0006364696E6F70737578585B0028DB0508A2
:10FEC00030DB050800000000D50C0408000000002D
:10FED000E4DA05084CDB050800000000690F04089F
:10FEE0000300000014DB050864DB050800000000C7
:10FEF000690F04080100000000000000000000007D
:10FF0000000000000000000000000000D0FE050816
:10FF100070DB050870DB05080CFF05080000000019
:10FF200000000000E0D1050800D2050820D2050835
:10FF300040D2050860D2050880D20508A0D2050885
:10FF4000C0D20508E0D2050800D3050820D3050873
:10FF50000000025800000000E00000000100000066
:10FF60000004025801000000E00000000200000050
:10FF70000008025802000000E00000000400000039
:10FF8000000C025803000000E00000000800000020
:10FF90000010025804000000E00000001000000003
:10FFA0000014025805000000E000000020000000DE
:10FFB0000018025806000000E000000040000000A9
:10FFC000001C025807000000E00000008000000054
:10FFD0000020025808000000E000000000010000BE
:10FFE0000024025809000000E000000000020000A8
:10FFF000002802580A000000E00000000004000091
:020000040806EC
:100000000000000854DC0508280002060000002457
:100010005CDC050824000B110000F01F64DC0508FF
:100020002400041103000000000006086CDC050831
:100030000000009000000010000000027CDC0508B9
:1000400084DC050880D805080000000000000000DE
:10005000F8DD050800DE050800000000BB200508EB
:100060000000000010DE050818DE05080000000092
:10007000A9200508000000000000000000000000AA
:100080000000000000000000000000005000060812
:10009000C40BD28650E2050884E2050834DF050867
:1000A0009000060898D90508C11D04080101000048
:1000B00098E20508A0E205089CD905084D1F040830
:1000C000020000000000000000000000000000002E
:1000D00000000000000000009C00060888F70508EA
:1000E000C0E20508D800060800000000000000007B
:1000F0006CE4050874E40508000000008D21040884
:1001000005020000ACE40508B4E4050800000000A6
:1001100009250408020100000000000000000000A2
:10012000000000000000000000000000F0000608D1
:10013000FCE4050804E505082C0106085927040815
:1001400002020000D928050855290508812905085B
:10015000512A0508C12A0508000000006007002494
:100160001E0000004D4F050824D805089401002406
:10017000B0E80508B8E8050800000000FD3D0408E7
:1001800001000000202000003A200000202D200067
:1001900094E9050804EA0508000000005555050823
:1001A000010000005CF905081CEA050800000000D9
:1001B0007355050801000000000000000000000069
:1001C0000000000000000000000000009001060890
:1001D00094E9050834EA0508000000009155050877
:1001E000010000005CF905084CEA05080000000069
:1001F000AF550508010000000000000000000000ED
:10020000000000000000000000000000D00106080F
:1002100094E9050864EA050800000000C9530408D1
:10022000010000005CF9050874EA05080000000000
:10023000CD5505080100000000000000000000008E
:10024000000000000000000000000000100206088E
:1002500094E9050884EA050800000000EF55050848
:10026000010000005CF90508C4EA05080000000070
:100270000D5605080100000000000000000000000D
:10028000000000000000000000000000500206080E
:10029000D8EA0508E0EA0508000000002B5605082A
:1002A0000100000010EB050818EB05080000000035
:1002B000C554040801000000000000000000000018
:1002C000000000000000000000000000900206088E
:1002D00044EB050850EB050800000000195505081F
:1002E0000100000088EB050890EB05080000000005
:1002F0003755050801000000000000000000000064
:10030000000000000000000000000000D00206080D
:10031000C8EB0508D4EB050800000000555304089D
:1003200001000000F4EB050804EC05080C030608C6
:100330000000000000000000B4EC0508BCEC05085B
:10034000CC0106080000000000000000D4EC050805
:10035000DCEC05080C0206080000000000000000AC
:10036000F4EC0508FCEC05084C020608000000004F
:10037000000000000CED050814ED05088C020608CD
:10038000ED5304080101000028ED050830ED0508D3
:10039000CC02060800000000000000000000000081
:1003A000000000000000000000000000000000004D
:1003B0001003060844ED05084CED05080000000098
:1003C000F1540408010000000000000000000000DB
:1003D000000000000000000000000000B403060858
:1003E00090ED050894ED0508000000000155050892
:1003F00000000000B8ED0508C0ED05080000000091
:10040000F952040801000000D0ED0508D8ED0508F8
:10041000B0030608000000000000000000EE050820
:1004200008EE0508000000005D540408010000000B
:100430001CEE050824EE0508DC03060839550408FF
:1004400001010000CCEE0508D4EE05080000000014
:10045000B1550408010000001B5B366E000000006F
:10046000000000240000000000000B06A001002492
:1004700001000000C8F30508700406080001000030
:10048000010100000201000003010000040100005E
:10049000050500000A06000001000000F0F3050851
:1004A0009804060860D305080100000060D3050821
:1004B0000200000060D305080300000060D30508B7
:1004C0000400000060D305080500000060D30508A3
:1004D0000600000060D305080700000060D305088F
:1004E0000800000080D305080100000080D3050843
:1004F0000200000080D305080300000080D3050837
:100500000400000080D305080500000080D3050822
:100510000600000080D305080700000080D305080E
:1005200008000000D80000000100000000080240A0
:1005300010086B00A40406080100000004F405087C
:1005400038050608102840587088A0B80000000040
:100550000020000000400000000000000008000033
:1005600000100000D800000001000000F975050827
:100570000100000000000240080000000000000030
:10058000E80A0024010000001CF4050884050608A0
:10059000D8000000020000003977050801000000C3
:1005A000000402400800000008000000F40B0024D2
:1005B0000100000034F40508B00506081028405872
:1005C0007088A0B8000000000100000002000000D8
:1005D0000300000004000000050000000600000009
:1005E00007000000497B0508617B05087B7B050847
:1005F000957B0508AF7B0508C77B0508E17B0508EF
:10060000FB7B0508157C05082D7C0508477C050843
:10061000617C05087B7C0508937C0508AD7C05089A
:10062000C77C0508C9770508ED7705081378050824
:10063000397805085F78050883780508A9780508E2
:10064000CF780508F5780508197905083F79050878
:10065000657905088B790508AF790508D57905080E
:10066000FB790508E17C0508F97C0508137D050880
:100670002D7D0508477D05085F7D0508797D050806
:10068000937D0508AD7D0508C57D0508DF7D05085E
:10069000F97D0508137E05082B7E0508457E0508B3
:1006A0005F7E0508797E0508917E0508A97E05080C
:1006B000C37E0508DD7E0508F57E05080D7F05086B
:1006C000277F0508217A0508457A0508697A050813
:1006D0008F7A0508B57A0508D97A0508FD7A0508E4
:1006E000237B050800440258010000004CF4050873
:1006F000E8060608F4000000000001000200000007
:10070000700028017F000000FF000000F4060608CA
:100710000100000068F40508100706080100000049
:1007200002000000040000000600000008000000B5
:100730000A0000000C000000100000002000000073
:1007400040000000800000000001000000010000E7
:10075000000100000001000000010000204F040023
:10076000404F00005C07060802000000640706080E
:1007700001000000F0000000100000000010014027
:10078000A0D10508C0D105080413000074070608AD
:100790000100000000000000000000000000000058
:1007A0006C07060849A90508010000007CF405084B
:1007B000A8070608102840587088A0B88CF50508CE
:1007C0000100050094F50508020007009CF50508E6
:1007D00004000800A8F5050808000400B0F50508A5
:1007E00010000900BCF5050820000800C8F5050840
:1007F00040000A00D4F5050880000600DCF5050875
:1008000000010000000000000000000000000000E7
:1008100000000000000000000000000000000000D8
:1008200000000000000000000000000000000000C8
:1008300000000000000000000000000000000000B8
:1008400000000000000000000000000000000000A8
:100850000000000000000000000000000000000098
:100860000000000000000000000000000000000088
:100870000000000000000000000000000000000078
:100880000000000000000000202020202020202068
:100890002028282828282020202020202020202030
:1008A0002020202020202020881010101010101050
:1008B0001010101010101010040404040404040498
:1008C0000404101010101010104141414141410129
:1008D0000101010101010101010101010101010108
:1008E0000101011010101010104242424242420217
:1008F00002020202020202020202020202020202D8
:100900000202021010101020000000000000000081
:1009100000000000000000000000000000000000D7
:1009200000000000000000000000000000000000C7
:1009300000000000000000000000000000000000B7
:1009400000000000000000000000000000000000A7
:100950000000000000000000000000000000000097
:100960000000000000000000000000000000000087
:100970000000000000000000000000000000000077
:0809800000000000000000006F
:10098800D00100240000000000000000000000006A
:10099800000000000000000000000000000000004F
:1009A800000000000000000000000000000000003F
:1009B800000000000000000000000000000000002F
:1009C800000000000000000000000000000000001F
:1009D800000000000000000000000000000000000F
:1009E80000000000000000000000000000000000FF
:1009F80000000000000000000000000000000000EF
:100A080000000000000000000000000000000000DE
:100A180000000000000000000000000000000000CE
:100A280000000000000000000000000000000000BE
:100A380000000000000000000000000000000000AE
:100A4800000000000000000000000000000000009E
:100A5800000000000000000000000000000000008E
:100A6800000000000000000000000000000000007E
:100A7800000000000000000000000000000000006E
:100A8800000000000000000000000000000000005E
:100A9800000000000000000000000000000000004E
:100AA800000000000000000000000000000000003E
:100AB800000000000000000000000000000000002E
:100AC800000000000000000000000000000000001E
:100AD800FFFFFFFFFFFFFFFF591705080100000098
:100AE80001000000010000000100000000000000FB
:100AF8000000000000000000CCDE050844010608E4
:100B0800400200242C0200248801002488010024CB
:100B1800000000000000000001000000D4E8050803
:100B280000000000636005080000000000000000ED
:100B3800FF00FF00FF00FF00FF00FF00FF00FF00B5
:100B4800FF00FF00FF00FF00FF00FF00FF00FF00A5
:100B580000C20100000103000090D003C8D00508BE
:100B6800C8D0050880D1050888D1050898D105089E
:100B7800A0D10508C8000000FFFFFFFFFC0100240A
:040B8800FC01002448
:100B8C000000000000000000000000000000000059
:100B9C000000000000000000000000000000000049
:080BAC00000000000000000041
:100BB40000000000002800240002000000000000E3
:040BC400000000002D
:040BC80015E015E03F
:040000050804606526
:00000001FF
